{"stats":{"minecraft:used":{"minecraft:grass_block":118,"minecraft:redstone_lamp":2,"minecraft:repeater":82,"minecraft:lever":159,"minecraft:redstone_torch":244,"minecraft:glowstone":1,"minecraft:redstone":1366,"minecraft:iron_block":420,"minecraft:bedrock":3},"minecraft:custom":{"minecraft:sprint_one_cm":44857,"minecraft:time_since_rest":373327,"minecraft:walk_one_cm":531637,"minecraft:total_world_time":446239,"minecraft:leave_game":3,"minecraft:fly_one_cm":1126432,"minecraft:crouch_one_cm":365,"minecraft:sneak_time":99,"minecraft:play_time":373327,"minecraft:jump":511,"minecraft:time_since_death":373327},"minecraft:picked_up":{"minecraft:redstone_torch":118,"minecraft:lever":5,"minecraft:redstone":49}},"DataVersion":4556}