{
  "curve": {
    "p": "0x7fffffffffffffffffffffffffffffff",
    "a": 2,
    "b": 3,
    "n": "0x7fffffffffffffffffffffffffffffff",
    "g": [
      5,
      1
    ]
  },
  "public_key": [
    131575423259188299696094074246826255838,
    96649859620690810100342212728810572055
  ],
  "signatures": [
    {
      "message": "Hello World",
      "r": "0x291c25cbe0bb7a8f21249817e2eb768",
      "s": "0x83b61662544856a54a6710536202355"
    },
    {
      "message": "CTF Challenge",
      "r": "0x6d4581de276248abed72aa2b61f2a0c",
      "s": "0x17d59a3043c268267d486ec264e4ef91"
    },
    {
      "message": "Vulnerable ECDSA",
      "r": "0xa4465e226a441a7ccb6e561551684b4",
      "s": "0x181fcf03abb2d494cf35a9684e4b5fb0"
    },
    {
      "message": "Private Key Recovery",
      "r": "0x7004ae7f8b85120cd97c2c85c5babbfd",
      "s": "0x9f46eb6dce425dfdad01a8042412456"
    },
    {
      "message": "Hello World",
      "r": "0x40634b7ac9af8fe7616cb92a0f884867",
      "s": "0x47c067c86963ada97388fa438194cc1c"
    }
  ],
  "nonces": [
    "0x7543277700007543",
    "0xcd305e6a0000cd30",
    "0x25dbfac1000025db",
    "0x4b5c952c00004b5c",
    "0x84de0e9b000084de"
  ]
}