1.29247E-26,2.27438E-27,3.86141E-28,6.31562E-29,9.93513E-30,1.50064E-30,2.17235E-31,3.00806E-32,3.97593E-33,5.00509E-34,5.98631E-35,6.7851E-36,7.26757E-37,7.33412E-38,6.95048E-39,6.16385E-40,5.0955E-41,3.9102E-42,2.77267E-43,1.80761E-44,1.07753E-45,5.83751E-47,2.8549E-48,1.25108E-49,4.87201E-51,1.67048E-52,4.99076E-54,1.28409E-55,2.8077E-57,5.13877E-59,7.73713E-61,9.39312E-63,8.98329E-65,6.58578E-67,3.58359E-69,1.39267E-71,3.68987E-74,6.29692E-77,6.45041E-80,3.62887E-83,1E-86,1.16106E-90,4.63168E-95,4.769E-100,8.337E-106,1.2925E-112,5.9863E-121,1.0775E-131,7.7371E-147,1E-172,0,1E-172,7.7371E-147,1.0775E-131,5.9863E-121,1.2925E-112,8.337E-106,4.769E-100,4.63168E-95,1.16106E-90,1E-86,3.62887E-83,6.45041E-80,6.29692E-77,3.68987E-74,1.39267E-71,3.58359E-69,6.58578E-67,8.98329E-65,9.39312E-63,7.73713E-61,5.13877E-59,2.8077E-57,1.28409E-55,4.99076E-54,1.67048E-52,4.87201E-51,1.25108E-49,2.8549E-48,5.83751E-47,1.07753E-45,1.80761E-44,2.77267E-43,3.9102E-42,5.0955E-41,6.16385E-40,6.95048E-39,7.33412E-38,7.26757E-37,6.7851E-36,5.98631E-35,5.00509E-34,3.97593E-33,3.00806E-32,2.17235E-31,1.50064E-30,9.93513E-30,6.31562E-29,3.86141E-28,2.27438E-27,1.29247E-26
-6.01853E-36,-5.66163E-37,-5.07253E-38,-4.31966E-39,-3.48872E-40,-2.66602E-41,-1.92293E-42,-1.3056E-43,-8.32084E-45,-4.96262E-46,-2.7607E-47,-1.42744E-48,-6.83409E-50,-3.01718E-51,-1.2229E-52,-4.52857E-54,-1.52417E-55,-4.63587E-57,-1.26633E-58,-3.08545E-60,-6.65559E-62,-1.26057E-63,-2.07725E-65,-2.94822E-67,-3.56354E-69,-3.62227E-71,-3.05292E-73,-2.0997E-75,-1.15732E-77,-5.00792E-80,-1.66153E-82,-4.11312E-85,-7.36009E-88,-9.17326E-91,-7.62146E-94,-4.00569E-97,-1.2502E-100,-2.1447E-104,-1.8374E-108,-6.9654E-113,-1E-117,-4.4297E-123,-4.587E-129,-7.5244E-136,-1.1059E-143,-6.0185E-153,-2.7607E-164,-6.6556E-179,-1.6615E-199,-1E-234,0,1E-234,1.6615E-199,6.6556E-179,2.7607E-164,6.0185E-153,1.1059E-143,7.5244E-136,4.587E-129,4.4297E-123,1E-117,6.9654E-113,1.8374E-108,2.1447E-104,1.2502E-100,4.00569E-97,7.62146E-94,9.17326E-91,7.36009E-88,4.11312E-85,1.66153E-82,5.00792E-80,1.15732E-77,2.0997E-75,3.05292E-73,3.62227E-71,3.56354E-69,2.94822E-67,2.07725E-65,1.26057E-63,6.65559E-62,3.08545E-60,1.26633E-58,4.63587E-57,1.52417E-55,4.52857E-54,1.2229E-52,3.01718E-51,6.83409E-50,1.42744E-48,2.7607E-47,4.96262E-46,8.32084E-45,1.3056E-43,1.92293E-42,2.66602E-41,3.48872E-40,4.31966E-39,5.07253E-38,5.66163E-37,6.01853E-36
-1.50463E-36,-1.35936E-37,-1.16871E-38,-9.54212E-40,-7.38213E-41,-5.3987E-42,-3.72279E-43,-2.41405E-44,-1.4678E-45,-8.34217E-47,-4.41712E-48,-2.17114E-49,-9.86843E-51,-4.13052E-52,-1.58488E-53,-5.5475E-55,-1.76194E-56,-5.04846E-58,-1.29672E-59,-2.96512E-61,-5.99003E-63,-1.06014E-64,-1.62857E-66,-2.14925E-68,-2.40895E-70,-2.26392E-72,-1.75848E-74,-1.11074E-76,-5.60143E-79,-2.20849E-81,-6.64614E-84,-1.48484E-86,-2.38467E-89,-2.65107E-92,-1.95109E-95,-9.0128E-99,-2.4504E-102,-3.6246E-106,-2.6459E-110,-8.4281E-115,-1E-119,-3.5881E-125,-2.9357E-131,-3.6869E-138,-3.9811E-146,-1.5046E-155,-4.4171E-167,-5.99E-182,-6.6461E-203,-1E-238,0,1E-238,6.6461E-203,5.99E-182,4.4171E-167,1.5046E-155,3.9811E-146,3.6869E-138,2.9357E-131,3.5881E-125,1E-119,8.4281E-115,2.6459E-110,3.6246E-106,2.4504E-102,9.0128E-99,1.95109E-95,2.65107E-92,2.38467E-89,1.48484E-86,6.64614E-84,2.20849E-81,5.60143E-79,1.11074E-76,1.75848E-74,2.26392E-72,2.40895E-70,2.14925E-68,1.62857E-66,1.06014E-64,5.99003E-63,2.96512E-61,1.29672E-59,5.04846E-58,1.76194E-56,5.5475E-55,1.58488E-53,4.13052E-52,9.86843E-51,2.17114E-49,4.41712E-48,8.34217E-47,1.4678E-45,2.41405E-44,3.72279E-43,5.3987E-42,7.38213E-41,9.54212E-40,1.16871E-38,1.35936E-37,1.50463E-36
-6.77626E-21,-1.7504E-21,-4.39707E-22,-1.07289E-22,-2.53965E-23,-5.82423E-24,-1.2922E-24,-2.76941E-25,-5.72404E-26,-1.13899E-26,-2.17781E-27,-3.99327E-28,-7.0065E-29,-1.17359E-29,-1.87183E-30,-2.83504E-31,-4.06525E-32,-5.5009E-33,-6.9992E-34,-8.3413E-35,-9.27095E-36,-9.56458E-37,-9.11146E-38,-7.96842E-39,-6.35645E-40,-4.59177E-41,-2.97957E-42,-1.72094E-43,-8.75628E-45,-3.87876E-46,-1.47574E-47,-4.74779E-49,-1.2684E-50,-2.75472E-52,-4.74284E-54,-6.28224E-56,-6.17417E-58,-4.30729E-60,-2.01903E-62,-5.93349E-65,-1E-67,-8.59504E-71,-3.21388E-74,-4.18378E-78,-1.36815E-82,-6.77626E-88,-2.17781E-94,-9.2709E-103,-1.4757E-114,-1E-134,0,1E-134,1.4757E-114,9.2709E-103,2.17781E-94,6.77626E-88,1.36815E-82,4.18378E-78,3.21388E-74,8.59504E-71,1E-67,5.93349E-65,2.01903E-62,4.30729E-60,6.17417E-58,6.28224E-56,4.74284E-54,2.75472E-52,1.2684E-50,4.74779E-49,1.47574E-47,3.87876E-46,8.75628E-45,1.72094E-43,2.97957E-42,4.59177E-41,6.35645E-40,7.96842E-39,9.11146E-38,9.56458E-37,9.27095E-36,8.3413E-35,6.9992E-34,5.5009E-33,4.06525E-32,2.83504E-31,1.87183E-30,1.17359E-29,7.0065E-29,3.99327E-28,2.17781E-27,1.13899E-26,5.72404E-26,2.76941E-25,1.2922E-24,5.82423E-24,2.53965E-23,1.07289E-22,4.39707E-22,1.7504E-21,6.77626E-21
5.16988E-26,9.47263E-27,1.67596E-27,2.85904E-28,4.69524E-29,7.41056E-30,1.12208E-30,1.62686E-31,2.25393E-32,2.97745E-33,3.74144E-34,4.46095E-35,5.03294E-36,5.35729E-37,5.36303E-38,5.03171E-39,4.40787E-40,3.59063E-41,2.70769E-42,1.88097E-43,1.19725E-44,6.94116E-46,3.64145E-47,1.71615E-48,7.20711E-50,2.67276E-51,8.66452E-53,2.42738E-54,5.80103E-56,1.16525E-57,1.93428E-59,2.60197E-61,2.77262E-63,2.27882E-65,1.39984E-67,6.18965E-70,1.88259E-72,3.72599E-75,4.47945E-78,2.99906E-81,1E-84,1.43341E-88,7.23701E-93,9.73275E-98,2.3158E-103,5.1699E-110,3.7414E-118,1.1973E-128,1.9343E-143,1E-168,0,1E-168,1.9343E-143,1.1973E-128,3.7414E-118,5.1699E-110,2.3158E-103,9.73275E-98,7.23701E-93,1.43341E-88,1E-84,2.99906E-81,4.47945E-78,3.72599E-75,1.88259E-72,6.18965E-70,1.39984E-67,2.27882E-65,2.77262E-63,2.60197E-61,1.93428E-59,1.16525E-57,5.80103E-56,2.42738E-54,8.66452E-53,2.67276E-51,7.20711E-50,1.71615E-48,3.64145E-47,6.94116E-46,1.19725E-44,1.88097E-43,2.70769E-42,3.59063E-41,4.40787E-40,5.03171E-39,5.36303E-38,5.35729E-37,5.03294E-36,4.46095E-35,3.74144E-34,2.97745E-33,2.25393E-32,1.62686E-31,1.12208E-30,7.41056E-30,4.69524E-29,2.85904E-28,1.67596E-27,9.47263E-27,5.16988E-26
8.47033E-22,2.05933E-22,4.8628E-23,1.11391E-23,2.472E-24,5.30733E-25,1.10075E-25,2.20187E-26,4.24082E-27,7.85001E-28,1.3938E-28,2.36877E-29,3.84461E-30,5.94457E-31,8.73323E-32,1.21552E-32,1.59781E-33,1.97686E-34,2.2935E-35,2.48496E-36,2.50316E-37,2.33271E-38,2.00015E-39,1.56842E-40,1.11721E-41,7.17465E-43,4.11895E-44,2.09386E-45,9.32369E-47,3.59212E-48,1.18059E-49,3.25651E-51,7.39734E-53,1.35339E-54,1.94267E-56,2.12026E-58,1.69419E-60,9.46313E-63,3.48889E-65,7.89747E-68,1E-70,6.26579E-74,1.6455E-77,1.43504E-81,2.9552E-86,8.47033E-92,1.3938E-98,2.5032E-107,1.1806E-119,1E-140,0,1E-140,1.1806E-119,2.5032E-107,1.3938E-98,8.47033E-92,2.9552E-86,1.43504E-81,1.6455E-77,6.26579E-74,1E-70,7.89747E-68,3.48889E-65,9.46313E-63,1.69419E-60,2.12026E-58,1.94267E-56,1.35339E-54,7.39734E-53,3.25651E-51,1.18059E-49,3.59212E-48,9.32369E-47,2.09386E-45,4.11895E-44,7.17465E-43,1.11721E-41,1.56842E-40,2.00015E-39,2.33271E-38,2.50316E-37,2.48496E-36,2.2935E-35,1.97686E-34,1.59781E-33,1.21552E-32,8.73323E-32,5.94457E-31,3.84461E-30,2.36877E-29,1.3938E-28,7.85001E-28,4.24082E-27,2.20187E-26,1.10075E-25,5.30733E-25,2.472E-24,1.11391E-23,4.8628E-23,2.05933E-22,8.47033E-22
-9.40395E-38,-7.83642E-39,-6.20401E-40,-4.65625E-41,-3.30532E-42,-2.2138E-43,-1.39534E-44,-8.25316E-46,-4.56733E-47,-2.3573E-48,-1.13078E-49,-5.02281E-51,-2.0577E-52,-7.74127E-54,-2.662E-55,-8.32472E-57,-2.35454E-58,-5.98707E-60,-1.35971E-61,-2.73835E-63,-4.85193E-65,-7.49814E-67,-1.00101E-68,-1.1422E-70,-1.10083E-72,-8.84344E-75,-5.83422E-77,-3.10831E-79,-1.31217E-81,-4.2951E-84,-1.06338E-86,-1.93505E-89,-2.50333E-92,-2.2142E-95,-1.27867E-98,-4.5627E-102,-9.4134E-106,-1.0352E-109,-5.4865E-114,-1.234E-118,-1E-123,-2.3541E-129,-1.2025E-135,-8.8524E-143,-5.1595E-151,-9.404E-161,-1.1308E-172,-4.8519E-188,-1.0634E-209,-1E-246,0,1E-246,1.0634E-209,4.8519E-188,1.1308E-172,9.404E-161,5.1595E-151,8.8524E-143,1.2025E-135,2.3541E-129,1E-123,1.234E-118,5.4865E-114,1.0352E-109,9.4134E-106,4.5627E-102,1.27867E-98,2.2142E-95,2.50333E-92,1.93505E-89,1.06338E-86,4.2951E-84,1.31217E-81,3.10831E-79,5.83422E-77,8.84344E-75,1.10083E-72,1.1422E-70,1.00101E-68,7.49814E-67,4.85193E-65,2.73835E-63,1.35971E-61,5.98707E-60,2.35454E-58,8.32472E-57,2.662E-55,7.74127E-54,2.0577E-52,5.02281E-51,1.13078E-49,2.3573E-48,4.56733E-47,8.25316E-46,1.39534E-44,2.2138E-43,3.30532E-42,4.65625E-41,6.20401E-40,7.83642E-39,9.40395E-38
1.97215E-31,2.51189E-32,3.06624E-33,3.58081E-34,3.993E-35,4.24303E-36,4.28719E-37,4.10944E-38,3.72759E-39,3.1912E-40,2.5711E-41,1.94352E-42,1.37381E-43,9.04848E-45,5.53165E-46,3.12565E-47,1.62499E-48,7.73432E-50,3.35195E-51,1.3149E-52,4.6384E-54,1.46082E-55,4.07492E-57,9.97939E-59,2.12462E-60,3.88938E-62,6.04709E-64,7.8748E-66,8.455E-68,7.35137E-70,5.0706E-72,2.70936E-74,1.09093E-76,3.20472E-79,6.61056E-82,9.14763E-85,8.03636E-88,4.19008E-91,1.19258E-94,1.66745E-98,1E-102,2.1515E-107,1.3037E-112,1.5849E-118,2.3519E-125,1.9722E-133,2.5711E-143,4.6384E-156,5.0706E-174,1E-204,0,1E-204,5.0706E-174,4.6384E-156,2.5711E-143,1.9722E-133,2.3519E-125,1.5849E-118,1.3037E-112,2.1515E-107,1E-102,1.66745E-98,1.19258E-94,4.19008E-91,8.03636E-88,9.14763E-85,6.61056E-82,3.20472E-79,1.09093E-76,2.70936E-74,5.0706E-72,7.35137E-70,8.455E-68,7.8748E-66,6.04709E-64,3.88938E-62,2.12462E-60,9.97939E-59,4.07492E-57,1.46082E-55,4.6384E-54,1.3149E-52,3.35195E-51,7.73432E-50,1.62499E-48,3.12565E-47,5.53165E-46,9.04848E-45,1.37381E-43,1.94352E-42,2.5711E-41,3.1912E-40,3.72759E-39,4.10944E-38,4.28719E-37,4.24303E-36,3.993E-35,3.58081E-34,3.06624E-33,2.51189E-32,1.97215E-31
-6.01853E-36,-5.66163E-37,-5.07253E-38,-4.31966E-39,-3.48872E-40,-2.66602E-41,-1.92293E-42,-1.3056E-43,-8.32084E-45,-4.96262E-46,-2.7607E-47,-1.42744E-48,-6.83409E-50,-3.01718E-51,-1.2229E-52,-4.52857E-54,-1.52417E-55,-4.63587E-57,-1.26633E-58,-3.08545E-60,-6.65559E-62,-1.26057E-63,-2.07725E-65,-2.94822E-67,-3.56354E-69,-3.62227E-71,-3.05292E-73,-2.0997E-75,-1.15732E-77,-5.00792E-80,-1.66153E-82,-4.11312E-85,-7.36009E-88,-9.17326E-91,-7.62146E-94,-4.00569E-97,-1.2502E-100,-2.1447E-104,-1.8374E-108,-6.9654E-113,-1E-117,-4.4297E-123,-4.587E-129,-7.5244E-136,-1.1059E-143,-6.0185E-153,-2.7607E-164,-6.6556E-179,-1.6615E-199,-1E-234,0,1E-234,1.6615E-199,6.6556E-179,2.7607E-164,6.0185E-153,1.1059E-143,7.5244E-136,4.587E-129,4.4297E-123,1E-117,6.9654E-113,1.8374E-108,2.1447E-104,1.2502E-100,4.00569E-97,7.62146E-94,9.17326E-91,7.36009E-88,4.11312E-85,1.66153E-82,5.00792E-80,1.15732E-77,2.0997E-75,3.05292E-73,3.62227E-71,3.56354E-69,2.94822E-67,2.07725E-65,1.26057E-63,6.65559E-62,3.08545E-60,1.26633E-58,4.63587E-57,1.52417E-55,4.52857E-54,1.2229E-52,3.01718E-51,6.83409E-50,1.42744E-48,2.7607E-47,4.96262E-46,8.32084E-45,1.3056E-43,1.92293E-42,2.66602E-41,3.48872E-40,4.31966E-39,5.07253E-38,5.66163E-37,6.01853E-36
7.70372E-34,8.34774E-35,8.64045E-36,8.52637E-37,8.005E-38,7.13471E-39,6.02274E-40,4.80319E-41,3.60929E-42,2.54815E-43,1.685E-44,1.04018E-45,5.97304E-47,3.17826E-48,1.56054E-49,7.03858E-51,2.90189E-52,1.08776E-53,3.68551E-55,1.12147E-56,3.04325E-58,7.30768E-60,1.53951E-61,2.81847E-63,4.43678E-65,5.93473E-67,6.65636E-69,6.16683E-71,4.63975E-73,2.7805E-75,1.29807E-77,4.60146E-80,1.2022E-82,2.23553E-85,2.83921E-88,2.34444E-91,1.186E-94,3.41797E-98,5.1279E-102,3.5743E-106,1E-110,9.2614E-116,2.1873E-121,9.1366E-128,3.9504E-135,7.7037E-144,1.685E-154,3.0433E-168,1.2981E-187,1E-220,0,1E-220,1.2981E-187,3.0433E-168,1.685E-154,7.7037E-144,3.9504E-135,9.1366E-128,2.1873E-121,9.2614E-116,1E-110,3.5743E-106,5.1279E-102,3.41797E-98,1.186E-94,2.34444E-91,2.83921E-88,2.23553E-85,1.2022E-82,4.60146E-80,1.29807E-77,2.7805E-75,4.63975E-73,6.16683E-71,6.65636E-69,5.93473E-67,4.43678E-65,2.81847E-63,1.53951E-61,7.30768E-60,3.04325E-58,1.12147E-56,3.68551E-55,1.08776E-53,2.90189E-52,7.03858E-51,1.56054E-49,3.17826E-48,5.97304E-47,1.04018E-45,1.685E-44,2.54815E-43,3.60929E-42,4.80319E-41,6.02274E-40,7.13471E-39,8.005E-38,8.52637E-37,8.64045E-36,8.34774E-35,7.70372E-34
-1.57772E-30,-2.13507E-31,-2.77257E-32,-3.44896E-33,-4.10228E-34,-4.65628E-35,-5.03286E-36,-5.16865E-37,-5.03129E-38,-4.63022E-39,-4.01735E-40,-3.27639E-41,-2.50366E-42,-1.78637E-43,-1.18563E-44,-7.29015E-46,-4.1344E-47,-2.15219E-48,-1.02293E-49,-4.41375E-51,-1.71793E-52,-5.98965E-54,-1.85629E-55,-5.07005E-57,-1.20882E-58,-2.48921E-60,-4.37434E-62,-6.47226E-64,-7.94046E-66,-7.93798E-68,-6.33825E-70,-3.95009E-72,-1.87059E-74,-6.52294E-77,-1.61391E-79,-2.71041E-82,-2.9287E-85,-1.90718E-88,-6.9015E-92,-1.25278E-95,-1E-99,-2.9513E-104,-2.5463E-109,-4.6207E-115,-1.0889E-121,-1.5777E-129,-4.0173E-139,-1.7179E-151,-6.3383E-169,-1E-198,0,1E-198,6.3383E-169,1.7179E-151,4.0173E-139,1.5777E-129,1.0889E-121,4.6207E-115,2.5463E-109,2.9513E-104,1E-99,1.25278E-95,6.9015E-92,1.90718E-88,2.9287E-85,2.71041E-82,1.61391E-79,6.52294E-77,1.87059E-74,3.95009E-72,6.33825E-70,7.93798E-68,7.94046E-66,6.47226E-64,4.37434E-62,2.48921E-60,1.20882E-58,5.07005E-57,1.85629E-55,5.98965E-54,1.71793E-52,4.41375E-51,1.02293E-49,2.15219E-48,4.1344E-47,7.29015E-46,1.18563E-44,1.78637E-43,2.50366E-42,3.27639E-41,4.01735E-40,4.63022E-39,5.03129E-38,5.16865E-37,5.03286E-36,4.65628E-35,4.10228E-34,3.44896E-33,2.77257E-32,2.13507E-31,1.57772E-30
1.20371E-35,1.15543E-36,1.05678E-37,9.19076E-39,7.58418E-40,5.9245E-41,4.37029E-42,3.03627E-43,1.98115E-44,1.2104E-45,6.90175E-47,3.66011E-48,1.79845E-49,8.15455E-51,3.39696E-52,1.29388E-53,4.48285E-55,1.40481E-56,3.95729E-58,9.95306E-60,2.21853E-61,4.34678E-63,7.41877E-65,1.09193E-66,1.37059E-68,1.44891E-70,1.27205E-72,9.12912E-75,5.26055E-77,2.38472E-79,8.30767E-82,2.1648E-84,4.08894E-87,5.39604E-90,4.76341E-93,2.67046E-96,8.93E-100,1.6498E-103,1.5312E-107,6.3322E-112,1E-116,4.9219E-122,5.7337E-128,1.0749E-134,1.8431E-142,1.2037E-151,6.9017E-163,2.2185E-177,8.3077E-198,1E-232,0,1E-232,8.3077E-198,2.2185E-177,6.9017E-163,1.2037E-151,1.8431E-142,1.0749E-134,5.7337E-128,4.9219E-122,1E-116,6.3322E-112,1.5312E-107,1.6498E-103,8.93E-100,2.67046E-96,4.76341E-93,5.39604E-90,4.08894E-87,2.1648E-84,8.30767E-82,2.38472E-79,5.26055E-77,9.12912E-75,1.27205E-72,1.44891E-70,1.37059E-68,1.09193E-66,7.41877E-65,4.34678E-63,2.21853E-61,9.95306E-60,3.95729E-58,1.40481E-56,4.48285E-55,1.29388E-53,3.39696E-52,8.15455E-51,1.79845E-49,3.66011E-48,6.90175E-47,1.2104E-45,1.98115E-44,3.03627E-43,4.37029E-42,5.9245E-41,7.58418E-40,9.19076E-39,1.05678E-37,1.15543E-36,1.20371E-35
-2.46519E-32,-2.95521E-33,-3.39102E-34,-3.71771E-35,-3.88662E-36,-3.86646E-37,-3.652E-38,-3.26729E-39,-2.76169E-40,-2.1994E-41,-1.6455E-42,-1.15288E-43,-7.53837E-45,-4.58333E-46,-2.58085E-47,-1.34012E-48,-6.38684E-50,-2.77948E-51,-1.09837E-52,-3.91722E-54,-1.25237E-55,-3.56279E-57,-8.94527E-59,-1.96424E-60,-3.73423E-62,-6.07716E-64,-8.3595E-66,-9.58126E-68,-9.00288E-70,-6.8081E-72,-4.05648E-74,-1.85835E-76,-6.36228E-79,-1.57448E-81,-2.70769E-84,-3.08732E-87,-2.20518E-90,-9.2056E-94,-2.06078E-97,-2.2194E-101,-1E-105,-1.5684E-110,-6.675E-116,-5.4362E-122,-5.0802E-129,-2.4652E-137,-1.6455E-147,-1.2524E-160,-4.0565E-179,-1E-210,0,1E-210,4.0565E-179,1.2524E-160,1.6455E-147,2.4652E-137,5.0802E-129,5.4362E-122,6.675E-116,1.5684E-110,1E-105,2.2194E-101,2.06078E-97,9.2056E-94,2.20518E-90,3.08732E-87,2.70769E-84,1.57448E-81,6.36228E-79,1.85835E-76,4.05648E-74,6.8081E-72,9.00288E-70,9.58126E-68,8.3595E-66,6.07716E-64,3.73423E-62,1.96424E-60,8.94527E-59,3.56279E-57,1.25237E-55,3.91722E-54,1.09837E-52,2.77948E-51,6.38684E-50,1.34012E-48,2.58085E-47,4.58333E-46,7.53837E-45,1.15288E-43,1.6455E-42,2.1994E-41,2.76169E-40,3.26729E-39,3.652E-38,3.86646E-37,3.88662E-36,3.71771E-35,3.39102E-34,2.95521E-33,2.46519E-32
-3.85186E-34,-4.09039E-35,-4.14741E-36,-4.0074E-37,-3.6823E-38,-3.21062E-39,-2.65001E-40,-2.06537E-41,-1.5159E-42,-1.04474E-43,-6.73999E-45,-4.05669E-46,-2.26976E-47,-1.17596E-48,-5.61795E-50,-2.4635E-51,-9.86642E-53,-3.58961E-54,-1.17936E-55,-3.47655E-57,-9.12976E-59,-2.11923E-60,-4.31064E-62,-7.60988E-64,-1.15356E-65,-1.48368E-67,-1.59753E-69,-1.41837E-71,-1.02075E-73,-5.83904E-76,-2.59615E-78,-8.74278E-81,-2.16395E-83,-3.80041E-86,-4.54274E-89,-3.51665E-92,-1.6604E-95,-4.4434E-99,-6.1534E-103,-3.9318E-107,-1E-111,-8.3352E-117,-1.7498E-122,-6.3956E-129,-2.3702E-136,-3.8519E-145,-6.74E-156,-9.1298E-170,-2.5961E-189,-1E-222,0,1E-222,2.5961E-189,9.1298E-170,6.74E-156,3.8519E-145,2.3702E-136,6.3956E-129,1.7498E-122,8.3352E-117,1E-111,3.9318E-107,6.1534E-103,4.4434E-99,1.6604E-95,3.51665E-92,4.54274E-89,3.80041E-86,2.16395E-83,8.74278E-81,2.59615E-78,5.83904E-76,1.02075E-73,1.41837E-71,1.59753E-69,1.48368E-67,1.15356E-65,7.60988E-64,4.31064E-62,2.11923E-60,9.12976E-59,3.47655E-57,1.17936E-55,3.58961E-54,9.86642E-53,2.4635E-51,5.61795E-50,1.17596E-48,2.26976E-47,4.05669E-46,6.73999E-45,1.04474E-43,1.5159E-42,2.06537E-41,2.65001E-40,3.21062E-39,3.6823E-38,4.0074E-37,4.14741E-36,4.09039E-35,3.85186E-34
7.70372E-34,8.34774E-35,8.64045E-36,8.52637E-37,8.005E-38,7.13471E-39,6.02274E-40,4.80319E-41,3.60929E-42,2.54815E-43,1.685E-44,1.04018E-45,5.97304E-47,3.17826E-48,1.56054E-49,7.03858E-51,2.90189E-52,1.08776E-53,3.68551E-55,1.12147E-56,3.04325E-58,7.30768E-60,1.53951E-61,2.81847E-63,4.43678E-65,5.93473E-67,6.65636E-69,6.16683E-71,4.63975E-73,2.7805E-75,1.29807E-77,4.60146E-80,1.2022E-82,2.23553E-85,2.83921E-88,2.34444E-91,1.186E-94,3.41797E-98,5.1279E-102,3.5743E-106,1E-110,9.2614E-116,2.1873E-121,9.1366E-128,3.9504E-135,7.7037E-144,1.685E-154,3.0433E-168,1.2981E-187,1E-220,0,1E-220,1.2981E-187,3.0433E-168,1.685E-154,7.7037E-144,3.9504E-135,9.1366E-128,2.1873E-121,9.2614E-116,1E-110,3.5743E-106,5.1279E-102,3.41797E-98,1.186E-94,2.34444E-91,2.83921E-88,2.23553E-85,1.2022E-82,4.60146E-80,1.29807E-77,2.7805E-75,4.63975E-73,6.16683E-71,6.65636E-69,5.93473E-67,4.43678E-65,2.81847E-63,1.53951E-61,7.30768E-60,3.04325E-58,1.12147E-56,3.68551E-55,1.08776E-53,2.90189E-52,7.03858E-51,1.56054E-49,3.17826E-48,5.97304E-47,1.04018E-45,1.685E-44,2.54815E-43,3.60929E-42,4.80319E-41,6.02274E-40,7.13471E-39,8.005E-38,8.52637E-37,8.64045E-36,8.34774E-35,7.70372E-34
-2.40741E-35,-2.35803E-36,-2.20162E-37,-1.95548E-38,-1.64873E-39,-1.31656E-40,-9.93248E-42,-7.0611E-43,-4.71703E-44,-2.95218E-45,-1.72544E-46,-9.3849E-48,-4.73275E-49,-2.20393E-50,-9.43599E-52,-3.69679E-53,-1.31849E-54,-4.25699E-56,-1.23665E-57,-3.21066E-59,-7.3951E-61,-1.49889E-62,-2.64956E-64,-4.0442E-66,-5.27151E-68,-5.79563E-70,-5.30021E-72,-3.96918E-74,-2.39116E-76,-1.13558E-78,-4.15384E-81,-1.13937E-83,-2.27163E-86,-3.17414E-89,-2.97713E-92,-1.78031E-95,-6.3786E-99,-1.2691E-102,-1.276E-106,-5.7565E-111,-1E-115,-5.4688E-121,-7.1672E-127,-1.5356E-133,-3.0718E-141,-2.4074E-150,-1.7254E-161,-7.3951E-176,-4.1538E-196,-1E-230,0,1E-230,4.1538E-196,7.3951E-176,1.7254E-161,2.4074E-150,3.0718E-141,1.5356E-133,7.1672E-127,5.4688E-121,1E-115,5.7565E-111,1.276E-106,1.2691E-102,6.3786E-99,1.78031E-95,2.97713E-92,3.17414E-89,2.27163E-86,1.13937E-83,4.15384E-81,1.13558E-78,2.39116E-76,3.96918E-74,5.30021E-72,5.79563E-70,5.27151E-68,4.0442E-66,2.64956E-64,1.49889E-62,7.3951E-61,3.21066E-59,1.23665E-57,4.25699E-56,1.31849E-54,3.69679E-53,9.43599E-52,2.20393E-50,4.73275E-49,9.3849E-48,1.72544E-46,2.95218E-45,4.71703E-44,7.0611E-43,9.93248E-42,1.31656E-40,1.64873E-39,1.95548E-38,2.20162E-37,2.35803E-36,2.40741E-35
-2.52435E-29,-3.70363E-30,-5.22297E-31,-7.068E-32,-9.16208E-33,-1.1355E-33,-1.34278E-34,-1.51183E-35,-1.6169E-36,-1.63858E-37,-1.56928E-38,-1.41624E-39,-1.20072E-40,-9.53156E-42,-7.05891E-43,-4.85807E-44,-3.09383E-45,-1.81478E-46,-9.75546E-48,-4.77926E-49,-2.1209E-50,-8.46856E-52,-3.02004E-53,-9.5402E-55,-2.64526E-56,-6.37237E-58,-1.31846E-59,-2.31283E-61,-3.38965E-63,-4.08162E-65,-3.96141E-67,-3.03104E-69,-1.78192E-71,-7.80994E-74,-2.46263E-76,-5.35389E-79,-7.62366E-82,-6.67757E-85,-3.32827E-88,-8.55668E-92,-1E-95,-4.4982E-100,-6.2165E-105,-1.9245E-110,-8.4017E-117,-2.5244E-124,-1.5693E-133,-2.1209E-145,-3.9614E-162,-1E-190,0,1E-190,3.9614E-162,2.1209E-145,1.5693E-133,2.5244E-124,8.4017E-117,1.9245E-110,6.2165E-105,4.4982E-100,1E-95,8.55668E-92,3.32827E-88,6.67757E-85,7.62366E-82,5.35389E-79,2.46263E-76,7.80994E-74,1.78192E-71,3.03104E-69,3.96141E-67,4.08162E-65,3.38965E-63,2.31283E-61,1.31846E-59,6.37237E-58,2.64526E-56,9.5402E-55,3.02004E-53,8.46856E-52,2.1209E-50,4.77926E-49,9.75546E-48,1.81478E-46,3.09383E-45,4.85807E-44,7.05891E-43,9.53156E-42,1.20072E-40,1.41624E-39,1.56928E-38,1.63858E-37,1.6169E-36,1.51183E-35,1.34278E-34,1.1355E-33,9.16208E-33,7.068E-32,5.22297E-31,3.70363E-30,2.52435E-29
7.70372E-34,8.34774E-35,8.64045E-36,8.52637E-37,8.005E-38,7.13471E-39,6.02274E-40,4.80319E-41,3.60929E-42,2.54815E-43,1.685E-44,1.04018E-45,5.97304E-47,3.17826E-48,1.56054E-49,7.03858E-51,2.90189E-52,1.08776E-53,3.68551E-55,1.12147E-56,3.04325E-58,7.30768E-60,1.53951E-61,2.81847E-63,4.43678E-65,5.93473E-67,6.65636E-69,6.16683E-71,4.63975E-73,2.7805E-75,1.29807E-77,4.60146E-80,1.2022E-82,2.23553E-85,2.83921E-88,2.34444E-91,1.186E-94,3.41797E-98,5.1279E-102,3.5743E-106,1E-110,9.2614E-116,2.1873E-121,9.1366E-128,3.9504E-135,7.7037E-144,1.685E-154,3.0433E-168,1.2981E-187,1E-220,0,1E-220,1.2981E-187,3.0433E-168,1.685E-154,7.7037E-144,3.9504E-135,9.1366E-128,2.1873E-121,9.2614E-116,1E-110,3.5743E-106,5.1279E-102,3.41797E-98,1.186E-94,2.34444E-91,2.83921E-88,2.23553E-85,1.2022E-82,4.60146E-80,1.29807E-77,2.7805E-75,4.63975E-73,6.16683E-71,6.65636E-69,5.93473E-67,4.43678E-65,2.81847E-63,1.53951E-61,7.30768E-60,3.04325E-58,1.12147E-56,3.68551E-55,1.08776E-53,2.90189E-52,7.03858E-51,1.56054E-49,3.17826E-48,5.97304E-47,1.04018E-45,1.685E-44,2.54815E-43,3.60929E-42,4.80319E-41,6.02274E-40,7.13471E-39,8.005E-38,8.52637E-37,8.64045E-36,8.34774E-35,7.70372E-34
-3.9443E-31,-5.1263E-32,-6.388E-33,-7.61875E-34,-8.68043E-35,-9.42896E-36,-9.74362E-37,-9.55683E-38,-8.8752E-39,-7.7834E-40,-6.42775E-41,-4.98339E-42,-3.61529E-43,-2.44554E-44,-1.53657E-45,-8.93043E-47,-4.77937E-48,-2.34373E-49,-1.04748E-50,-4.24161E-52,-1.54613E-53,-5.0373E-55,-1.45533E-56,-3.69607E-58,-8.17162E-60,-1.55575E-61,-2.51962E-63,-3.42382E-65,-3.84318E-67,-3.50065E-69,-2.5353E-71,-1.42598E-73,-6.0607E-76,-1.88513E-78,-4.1316E-81,-6.09842E-84,-5.74026E-87,-3.22314E-90,-9.93816E-94,-1.51587E-97,-1E-101,-2.3905E-106,-1.6296E-111,-2.2641E-117,-3.9199E-124,-3.9443E-132,-6.4278E-142,-1.5461E-154,-2.5353E-172,-1E-202,0,1E-202,2.5353E-172,1.5461E-154,6.4278E-142,3.9443E-132,3.9199E-124,2.2641E-117,1.6296E-111,2.3905E-106,1E-101,1.51587E-97,9.93816E-94,3.22314E-90,5.74026E-87,6.09842E-84,4.1316E-81,1.88513E-78,6.0607E-76,1.42598E-73,2.5353E-71,3.50065E-69,3.84318E-67,3.42382E-65,2.51962E-63,1.55575E-61,8.17162E-60,3.69607E-58,1.45533E-56,5.0373E-55,1.54613E-53,4.24161E-52,1.04748E-50,2.34373E-49,4.77937E-48,8.93043E-47,1.53657E-45,2.44554E-44,3.61529E-43,4.98339E-42,6.42775E-41,7.7834E-40,8.8752E-39,9.55683E-38,9.74362E-37,9.42896E-36,8.68043E-35,7.61875E-34,6.388E-33,5.1263E-32,3.9443E-31
3.00927E-36,2.7742E-37,2.43482E-38,2.03024E-39,1.60481E-40,1.19971E-41,8.46089E-43,5.61407E-44,3.49475E-45,2.03468E-46,1.10428E-47,5.56703E-49,2.59695E-50,1.11636E-51,4.40246E-53,1.585E-54,5.18218E-56,1.52984E-57,4.05226E-59,9.56489E-61,1.99668E-62,3.65564E-64,5.81631E-66,7.9602E-68,9.26521E-70,9.05568E-72,7.32701E-74,4.82931E-76,2.54611E-78,1.05166E-80,3.32307E-83,7.81493E-86,1.32482E-88,1.55945E-91,1.21943E-94,6.00853E-98,1.7503E-101,2.7881E-105,2.2049E-109,7.6619E-114,1E-118,3.9867E-124,3.6696E-130,5.2671E-137,6.6351E-145,3.0093E-154,1.1043E-165,1.9967E-180,3.3231E-201,1E-236,0,1E-236,3.3231E-201,1.9967E-180,1.1043E-165,3.0093E-154,6.6351E-145,5.2671E-137,3.6696E-130,3.9867E-124,1E-118,7.6619E-114,2.2049E-109,2.7881E-105,1.7503E-101,6.00853E-98,1.21943E-94,1.55945E-91,1.32482E-88,7.81493E-86,3.32307E-83,1.05166E-80,2.54611E-78,4.82931E-76,7.32701E-74,9.05568E-72,9.26521E-70,7.9602E-68,5.81631E-66,3.65564E-64,1.99668E-62,9.56489E-61,4.05226E-59,1.52984E-57,5.18218E-56,1.585E-54,4.40246E-53,1.11636E-51,2.59695E-50,5.56703E-49,1.10428E-47,2.03468E-46,3.49475E-45,5.61407E-44,8.46089E-43,1.19971E-41,1.60481E-40,2.03024E-39,2.43482E-38,2.7742E-37,3.00927E-36
-3.9443E-31,-5.1263E-32,-6.388E-33,-7.61875E-34,-8.68043E-35,-9.42896E-36,-9.74362E-37,-9.55683E-38,-8.8752E-39,-7.7834E-40,-6.42775E-41,-4.98339E-42,-3.61529E-43,-2.44554E-44,-1.53657E-45,-8.93043E-47,-4.77937E-48,-2.34373E-49,-1.04748E-50,-4.24161E-52,-1.54613E-53,-5.0373E-55,-1.45533E-56,-3.69607E-58,-8.17162E-60,-1.55575E-61,-2.51962E-63,-3.42382E-65,-3.84318E-67,-3.50065E-69,-2.5353E-71,-1.42598E-73,-6.0607E-76,-1.88513E-78,-4.1316E-81,-6.09842E-84,-5.74026E-87,-3.22314E-90,-9.93816E-94,-1.51587E-97,-1E-101,-2.3905E-106,-1.6296E-111,-2.2641E-117,-3.9199E-124,-3.9443E-132,-6.4278E-142,-1.5461E-154,-2.5353E-172,-1E-202,0,1E-202,2.5353E-172,1.5461E-154,6.4278E-142,3.9443E-132,3.9199E-124,2.2641E-117,1.6296E-111,2.3905E-106,1E-101,1.51587E-97,9.93816E-94,3.22314E-90,5.74026E-87,6.09842E-84,4.1316E-81,1.88513E-78,6.0607E-76,1.42598E-73,2.5353E-71,3.50065E-69,3.84318E-67,3.42382E-65,2.51962E-63,1.55575E-61,8.17162E-60,3.69607E-58,1.45533E-56,5.0373E-55,1.54613E-53,4.24161E-52,1.04748E-50,2.34373E-49,4.77937E-48,8.93043E-47,1.53657E-45,2.44554E-44,3.61529E-43,4.98339E-42,6.42775E-41,7.7834E-40,8.8752E-39,9.55683E-38,9.74362E-37,9.42896E-36,8.68043E-35,7.61875E-34,6.388E-33,5.1263E-32,3.9443E-31
4.81482E-35,4.8123E-36,4.58671E-37,4.1606E-38,3.5842E-39,2.92568E-40,2.25738E-41,1.64212E-42,1.1231E-43,7.20045E-45,4.31359E-46,2.40639E-47,1.24546E-48,5.95657E-50,2.62111E-51,1.05623E-52,3.8779E-54,1.29E-55,3.86454E-57,1.0357E-58,2.46503E-60,5.16859E-62,9.46271E-64,1.49785E-65,2.0275E-67,2.31825E-69,2.20842E-71,1.72573E-73,1.08689E-75,5.40754E-78,2.07692E-80,5.99667E-83,1.26202E-85,1.86714E-88,1.86071E-91,1.18687E-94,4.55613E-98,9.7621E-102,1.0633E-105,5.2332E-110,1E-114,6.0764E-120,8.959E-126,2.1937E-132,5.1197E-140,4.8148E-149,4.3136E-160,2.465E-174,2.0769E-194,1E-228,0,1E-228,2.0769E-194,2.465E-174,4.3136E-160,4.8148E-149,5.1197E-140,2.1937E-132,8.959E-126,6.0764E-120,1E-114,5.2332E-110,1.0633E-105,9.7621E-102,4.55613E-98,1.18687E-94,1.86071E-91,1.86714E-88,1.26202E-85,5.99667E-83,2.07692E-80,5.40754E-78,1.08689E-75,1.72573E-73,2.20842E-71,2.31825E-69,2.0275E-67,1.49785E-65,9.46271E-64,5.16859E-62,2.46503E-60,1.0357E-58,3.86454E-57,1.29E-55,3.8779E-54,1.05623E-52,2.62111E-51,5.95657E-50,1.24546E-48,2.40639E-47,4.31359E-46,7.20045E-45,1.1231E-43,1.64212E-42,2.25738E-41,2.92568E-40,3.5842E-39,4.1606E-38,4.58671E-37,4.8123E-36,4.81482E-35
-2.52435E-29,-3.70363E-30,-5.22297E-31,-7.068E-32,-9.16208E-33,-1.1355E-33,-1.34278E-34,-1.51183E-35,-1.6169E-36,-1.63858E-37,-1.56928E-38,-1.41624E-39,-1.20072E-40,-9.53156E-42,-7.05891E-43,-4.85807E-44,-3.09383E-45,-1.81478E-46,-9.75546E-48,-4.77926E-49,-2.1209E-50,-8.46856E-52,-3.02004E-53,-9.5402E-55,-2.64526E-56,-6.37237E-58,-1.31846E-59,-2.31283E-61,-3.38965E-63,-4.08162E-65,-3.96141E-67,-3.03104E-69,-1.78192E-71,-7.80994E-74,-2.46263E-76,-5.35389E-79,-7.62366E-82,-6.67757E-85,-3.32827E-88,-8.55668E-92,-1E-95,-4.4982E-100,-6.2165E-105,-1.9245E-110,-8.4017E-117,-2.5244E-124,-1.5693E-133,-2.1209E-145,-3.9614E-162,-1E-190,0,1E-190,3.9614E-162,2.1209E-145,1.5693E-133,2.5244E-124,8.4017E-117,1.9245E-110,6.2165E-105,4.4982E-100,1E-95,8.55668E-92,3.32827E-88,6.67757E-85,7.62366E-82,5.35389E-79,2.46263E-76,7.80994E-74,1.78192E-71,3.03104E-69,3.96141E-67,4.08162E-65,3.38965E-63,2.31283E-61,1.31846E-59,6.37237E-58,2.64526E-56,9.5402E-55,3.02004E-53,8.46856E-52,2.1209E-50,4.77926E-49,9.75546E-48,1.81478E-46,3.09383E-45,4.85807E-44,7.05891E-43,9.53156E-42,1.20072E-40,1.41624E-39,1.56928E-38,1.63858E-37,1.6169E-36,1.51183E-35,1.34278E-34,1.1355E-33,9.16208E-33,7.068E-32,5.22297E-31,3.70363E-30,2.52435E-29
-9.86076E-32,-1.23082E-32,-1.4718E-33,-1.68298E-34,-1.83678E-35,-1.90936E-36,-1.88636E-37,-1.76706E-38,-1.56559E-39,-1.30839E-40,-1.02844E-41,-7.57974E-43,-5.22048E-44,-3.34794E-45,-1.9914E-46,-1.09398E-47,-5.52495E-49,-2.55232E-50,-1.07262E-51,-4.07619E-53,-1.39152E-54,-4.23637E-56,-1.14098E-57,-2.69443E-59,-5.52401E-61,-9.72346E-63,-1.4513E-64,-1.8112E-66,-1.8601E-68,-1.54379E-70,-1.01412E-72,-5.14779E-75,-1.96367E-77,-5.44802E-80,-1.05769E-82,-1.37214E-85,-1.12509E-88,-5.4471E-92,-1.43109E-95,-1.8342E-99,-1E-103,-1.9363E-108,-1.043E-113,-1.1094E-119,-1.4112E-126,-9.8608E-135,-1.0284E-144,-1.3915E-157,-1.0141E-175,-1E-206,0,1E-206,1.0141E-175,1.3915E-157,1.0284E-144,9.8608E-135,1.4112E-126,1.1094E-119,1.043E-113,1.9363E-108,1E-103,1.8342E-99,1.43109E-95,5.4471E-92,1.12509E-88,1.37214E-85,1.05769E-82,5.44802E-80,1.96367E-77,5.14779E-75,1.01412E-72,1.54379E-70,1.8601E-68,1.8112E-66,1.4513E-64,9.72346E-63,5.52401E-61,2.69443E-59,1.14098E-57,4.23637E-56,1.39152E-54,4.07619E-53,1.07262E-51,2.55232E-50,5.52495E-49,1.09398E-47,1.9914E-46,3.34794E-45,5.22048E-44,7.57974E-43,1.02844E-41,1.30839E-40,1.56559E-39,1.76706E-38,1.88636E-37,1.90936E-36,1.83678E-35,1.68298E-34,1.4718E-33,1.23082E-32,9.86076E-32
-2.46519E-32,-2.95521E-33,-3.39102E-34,-3.71771E-35,-3.88662E-36,-3.86646E-37,-3.652E-38,-3.26729E-39,-2.76169E-40,-2.1994E-41,-1.6455E-42,-1.15288E-43,-7.53837E-45,-4.58333E-46,-2.58085E-47,-1.34012E-48,-6.38684E-50,-2.77948E-51,-1.09837E-52,-3.91722E-54,-1.25237E-55,-3.56279E-57,-8.94527E-59,-1.96424E-60,-3.73423E-62,-6.07716E-64,-8.3595E-66,-9.58126E-68,-9.00288E-70,-6.8081E-72,-4.05648E-74,-1.85835E-76,-6.36228E-79,-1.57448E-81,-2.70769E-84,-3.08732E-87,-2.20518E-90,-9.2056E-94,-2.06078E-97,-2.2194E-101,-1E-105,-1.5684E-110,-6.675E-116,-5.4362E-122,-5.0802E-129,-2.4652E-137,-1.6455E-147,-1.2524E-160,-4.0565E-179,-1E-210,0,1E-210,4.0565E-179,1.2524E-160,1.6455E-147,2.4652E-137,5.0802E-129,5.4362E-122,6.675E-116,1.5684E-110,1E-105,2.2194E-101,2.06078E-97,9.2056E-94,2.20518E-90,3.08732E-87,2.70769E-84,1.57448E-81,6.36228E-79,1.85835E-76,4.05648E-74,6.8081E-72,9.00288E-70,9.58126E-68,8.3595E-66,6.07716E-64,3.73423E-62,1.96424E-60,8.94527E-59,3.56279E-57,1.25237E-55,3.91722E-54,1.09837E-52,2.77948E-51,6.38684E-50,1.34012E-48,2.58085E-47,4.58333E-46,7.53837E-45,1.15288E-43,1.6455E-42,2.1994E-41,2.76169E-40,3.26729E-39,3.652E-38,3.86646E-37,3.88662E-36,3.71771E-35,3.39102E-34,2.95521E-33,2.46519E-32
3.00927E-36,2.7742E-37,2.43482E-38,2.03024E-39,1.60481E-40,1.19971E-41,8.46089E-43,5.61407E-44,3.49475E-45,2.03468E-46,1.10428E-47,5.56703E-49,2.59695E-50,1.11636E-51,4.40246E-53,1.585E-54,5.18218E-56,1.52984E-57,4.05226E-59,9.56489E-61,1.99668E-62,3.65564E-64,5.81631E-66,7.9602E-68,9.26521E-70,9.05568E-72,7.32701E-74,4.82931E-76,2.54611E-78,1.05166E-80,3.32307E-83,7.81493E-86,1.32482E-88,1.55945E-91,1.21943E-94,6.00853E-98,1.7503E-101,2.7881E-105,2.2049E-109,7.6619E-114,1E-118,3.9867E-124,3.6696E-130,5.2671E-137,6.6351E-145,3.0093E-154,1.1043E-165,1.9967E-180,3.3231E-201,1E-236,0,1E-236,3.3231E-201,1.9967E-180,1.1043E-165,3.0093E-154,6.6351E-145,5.2671E-137,3.6696E-130,3.9867E-124,1E-118,7.6619E-114,2.2049E-109,2.7881E-105,1.7503E-101,6.00853E-98,1.21943E-94,1.55945E-91,1.32482E-88,7.81493E-86,3.32307E-83,1.05166E-80,2.54611E-78,4.82931E-76,7.32701E-74,9.05568E-72,9.26521E-70,7.9602E-68,5.81631E-66,3.65564E-64,1.99668E-62,9.56489E-61,4.05226E-59,1.52984E-57,5.18218E-56,1.585E-54,4.40246E-53,1.11636E-51,2.59695E-50,5.56703E-49,1.10428E-47,2.03468E-46,3.49475E-45,5.61407E-44,8.46089E-43,1.19971E-41,1.60481E-40,2.03024E-39,2.43482E-38,2.7742E-37,3.00927E-36
-3.9443E-31,-5.1263E-32,-6.388E-33,-7.61875E-34,-8.68043E-35,-9.42896E-36,-9.74362E-37,-9.55683E-38,-8.8752E-39,-7.7834E-40,-6.42775E-41,-4.98339E-42,-3.61529E-43,-2.44554E-44,-1.53657E-45,-8.93043E-47,-4.77937E-48,-2.34373E-49,-1.04748E-50,-4.24161E-52,-1.54613E-53,-5.0373E-55,-1.45533E-56,-3.69607E-58,-8.17162E-60,-1.55575E-61,-2.51962E-63,-3.42382E-65,-3.84318E-67,-3.50065E-69,-2.5353E-71,-1.42598E-73,-6.0607E-76,-1.88513E-78,-4.1316E-81,-6.09842E-84,-5.74026E-87,-3.22314E-90,-9.93816E-94,-1.51587E-97,-1E-101,-2.3905E-106,-1.6296E-111,-2.2641E-117,-3.9199E-124,-3.9443E-132,-6.4278E-142,-1.5461E-154,-2.5353E-172,-1E-202,0,1E-202,2.5353E-172,1.5461E-154,6.4278E-142,3.9443E-132,3.9199E-124,2.2641E-117,1.6296E-111,2.3905E-106,1E-101,1.51587E-97,9.93816E-94,3.22314E-90,5.74026E-87,6.09842E-84,4.1316E-81,1.88513E-78,6.0607E-76,1.42598E-73,2.5353E-71,3.50065E-69,3.84318E-67,3.42382E-65,2.51962E-63,1.55575E-61,8.17162E-60,3.69607E-58,1.45533E-56,5.0373E-55,1.54613E-53,4.24161E-52,1.04748E-50,2.34373E-49,4.77937E-48,8.93043E-47,1.53657E-45,2.44554E-44,3.61529E-43,4.98339E-42,6.42775E-41,7.7834E-40,8.8752E-39,9.55683E-38,9.74362E-37,9.42896E-36,8.68043E-35,7.61875E-34,6.388E-33,5.1263E-32,3.9443E-31
-2.52435E-29,-3.70363E-30,-5.22297E-31,-7.068E-32,-9.16208E-33,-1.1355E-33,-1.34278E-34,-1.51183E-35,-1.6169E-36,-1.63858E-37,-1.56928E-38,-1.41624E-39,-1.20072E-40,-9.53156E-42,-7.05891E-43,-4.85807E-44,-3.09383E-45,-1.81478E-46,-9.75546E-48,-4.77926E-49,-2.1209E-50,-8.46856E-52,-3.02004E-53,-9.5402E-55,-2.64526E-56,-6.37237E-58,-1.31846E-59,-2.31283E-61,-3.38965E-63,-4.08162E-65,-3.96141E-67,-3.03104E-69,-1.78192E-71,-7.80994E-74,-2.46263E-76,-5.35389E-79,-7.62366E-82,-6.67757E-85,-3.32827E-88,-8.55668E-92,-1E-95,-4.4982E-100,-6.2165E-105,-1.9245E-110,-8.4017E-117,-2.5244E-124,-1.5693E-133,-2.1209E-145,-3.9614E-162,-1E-190,0,1E-190,3.9614E-162,2.1209E-145,1.5693E-133,2.5244E-124,8.4017E-117,1.9245E-110,6.2165E-105,4.4982E-100,1E-95,8.55668E-92,3.32827E-88,6.67757E-85,7.62366E-82,5.35389E-79,2.46263E-76,7.80994E-74,1.78192E-71,3.03104E-69,3.96141E-67,4.08162E-65,3.38965E-63,2.31283E-61,1.31846E-59,6.37237E-58,2.64526E-56,9.5402E-55,3.02004E-53,8.46856E-52,2.1209E-50,4.77926E-49,9.75546E-48,1.81478E-46,3.09383E-45,4.85807E-44,7.05891E-43,9.53156E-42,1.20072E-40,1.41624E-39,1.56928E-38,1.63858E-37,1.6169E-36,1.51183E-35,1.34278E-34,1.1355E-33,9.16208E-33,7.068E-32,5.22297E-31,3.70363E-30,2.52435E-29
-6.01853E-36,-5.66163E-37,-5.07253E-38,-4.31966E-39,-3.48872E-40,-2.66602E-41,-1.92293E-42,-1.3056E-43,-8.32084E-45,-4.96262E-46,-2.7607E-47,-1.42744E-48,-6.83409E-50,-3.01718E-51,-1.2229E-52,-4.52857E-54,-1.52417E-55,-4.63587E-57,-1.26633E-58,-3.08545E-60,-6.65559E-62,-1.26057E-63,-2.07725E-65,-2.94822E-67,-3.56354E-69,-3.62227E-71,-3.05292E-73,-2.0997E-75,-1.15732E-77,-5.00792E-80,-1.66153E-82,-4.11312E-85,-7.36009E-88,-9.17326E-91,-7.62146E-94,-4.00569E-97,-1.2502E-100,-2.1447E-104,-1.8374E-108,-6.9654E-113,-1E-117,-4.4297E-123,-4.587E-129,-7.5244E-136,-1.1059E-143,-6.0185E-153,-2.7607E-164,-6.6556E-179,-1.6615E-199,-1E-234,0,1E-234,1.6615E-199,6.6556E-179,2.7607E-164,6.0185E-153,1.1059E-143,7.5244E-136,4.587E-129,4.4297E-123,1E-117,6.9654E-113,1.8374E-108,2.1447E-104,1.2502E-100,4.00569E-97,7.62146E-94,9.17326E-91,7.36009E-88,4.11312E-85,1.66153E-82,5.00792E-80,1.15732E-77,2.0997E-75,3.05292E-73,3.62227E-71,3.56354E-69,2.94822E-67,2.07725E-65,1.26057E-63,6.65559E-62,3.08545E-60,1.26633E-58,4.63587E-57,1.52417E-55,4.52857E-54,1.2229E-52,3.01718E-51,6.83409E-50,1.42744E-48,2.7607E-47,4.96262E-46,8.32084E-45,1.3056E-43,1.92293E-42,2.66602E-41,3.48872E-40,4.31966E-39,5.07253E-38,5.66163E-37,6.01853E-36
1.92593E-34,2.00429E-35,1.99076E-36,1.88348E-37,1.69386E-38,1.44478E-39,1.166E-40,8.88111E-42,6.36679E-43,4.28343E-44,2.69599E-45,1.58211E-46,8.62507E-48,4.35104E-49,2.02246E-50,8.62226E-52,3.35458E-53,1.18457E-54,3.77396E-56,1.07773E-57,2.73893E-59,6.14576E-61,1.20698E-62,2.05467E-64,2.99927E-66,3.70921E-68,3.83406E-70,3.26225E-72,2.24564E-74,1.2262E-76,5.1923E-79,1.66113E-81,3.89512E-84,6.46069E-87,7.26839E-90,5.27498E-93,2.32456E-96,5.7764E-100,7.3841E-104,4.3249E-108,1E-112,7.5017E-118,1.3998E-123,4.4769E-130,1.4221E-137,1.9259E-146,2.696E-157,2.7389E-171,5.1923E-191,1E-224,0,1E-224,5.1923E-191,2.7389E-171,2.696E-157,1.9259E-146,1.4221E-137,4.4769E-130,1.3998E-123,7.5017E-118,1E-112,4.3249E-108,7.3841E-104,5.7764E-100,2.32456E-96,5.27498E-93,7.26839E-90,6.46069E-87,3.89512E-84,1.66113E-81,5.1923E-79,1.2262E-76,2.24564E-74,3.26225E-72,3.83406E-70,3.70921E-68,2.99927E-66,2.05467E-64,1.20698E-62,6.14576E-61,2.73893E-59,1.07773E-57,3.77396E-56,1.18457E-54,3.35458E-53,8.62226E-52,2.02246E-50,4.35104E-49,8.62507E-48,1.58211E-46,2.69599E-45,4.28343E-44,6.36679E-43,8.88111E-42,1.166E-40,1.44478E-39,1.69386E-38,1.88348E-37,1.99076E-36,2.00429E-35,1.92593E-34
-1.16415E-10,-5.97683E-11,-3.02664E-11,-1.51088E-11,-7.43034E-12,-3.5976E-12,-1.71371E-12,-8.02526E-13,-3.6917E-13,-1.66674E-13,-7.3787E-14,-3.19987E-14,-1.35787E-14,-5.63193E-15,-2.28025E-15,-9.00006E-16,-3.45783E-16,-1.2911E-16,-4.67681E-17,-1.64035E-17,-5.55906E-18,-1.81608E-18,-5.70447E-19,-1.71793E-19,-4.94448E-20,-1.35525E-20,-3.52347E-21,-8.65005E-22,-1.99503E-22,-4.29771E-23,-8.58993E-24,-1.58077E-24,-2.65456E-25,-4.02545E-26,-5.44452E-27,-6.4716E-28,-6.64087E-29,-5.75613E-30,-4.10186E-31,-2.32252E-32,-1E-33,-3.09032E-35,-6.33825E-37,-7.73099E-39,-4.7752E-41,-1.16415E-43,-7.3787E-47,-5.55906E-51,-8.58993E-57,-1E-66,0,1E-66,8.58993E-57,5.55906E-51,7.3787E-47,1.16415E-43,4.7752E-41,7.73099E-39,6.33825E-37,3.09032E-35,1E-33,2.32252E-32,4.10186E-31,5.75613E-30,6.64087E-29,6.4716E-28,5.44452E-27,4.02545E-26,2.65456E-25,1.58077E-24,8.58993E-24,4.29771E-23,1.99503E-22,8.65005E-22,3.52347E-21,1.35525E-20,4.94448E-20,1.71793E-19,5.70447E-19,1.81608E-18,5.55906E-18,1.64035E-17,4.67681E-17,1.2911E-16,3.45783E-16,9.00006E-16,2.28025E-15,5.63193E-15,1.35787E-14,3.19987E-14,7.3787E-14,1.66674E-13,3.6917E-13,8.02526E-13,1.71371E-12,3.5976E-12,7.43034E-12,1.51088E-11,3.02664E-11,5.97683E-11,1.16415E-10
-1.16415E-10,-5.97683E-11,-3.02664E-11,-1.51088E-11,-7.43034E-12,-3.5976E-12,-1.71371E-12,-8.02526E-13,-3.6917E-13,-1.66674E-13,-7.3787E-14,-3.19987E-14,-1.35787E-14,-5.63193E-15,-2.28025E-15,-9.00006E-16,-3.45783E-16,-1.2911E-16,-4.67681E-17,-1.64035E-17,-5.55906E-18,-1.81608E-18,-5.70447E-19,-1.71793E-19,-4.94448E-20,-1.35525E-20,-3.52347E-21,-8.65005E-22,-1.99503E-22,-4.29771E-23,-8.58993E-24,-1.58077E-24,-2.65456E-25,-4.02545E-26,-5.44452E-27,-6.4716E-28,-6.64087E-29,-5.75613E-30,-4.10186E-31,-2.32252E-32,-1E-33,-3.09032E-35,-6.33825E-37,-7.73099E-39,-4.7752E-41,-1.16415E-43,-7.3787E-47,-5.55906E-51,-8.58993E-57,-1E-66,0,1E-66,8.58993E-57,5.55906E-51,7.3787E-47,1.16415E-43,4.7752E-41,7.73099E-39,6.33825E-37,3.09032E-35,1E-33,2.32252E-32,4.10186E-31,5.75613E-30,6.64087E-29,6.4716E-28,5.44452E-27,4.02545E-26,2.65456E-25,1.58077E-24,8.58993E-24,4.29771E-23,1.99503E-22,8.65005E-22,3.52347E-21,1.35525E-20,4.94448E-20,1.71793E-19,5.70447E-19,1.81608E-18,5.55906E-18,1.64035E-17,4.67681E-17,1.2911E-16,3.45783E-16,9.00006E-16,2.28025E-15,5.63193E-15,1.35787E-14,3.19987E-14,7.3787E-14,1.66674E-13,3.6917E-13,8.02526E-13,1.71371E-12,3.5976E-12,7.43034E-12,1.51088E-11,3.02664E-11,5.97683E-11,1.16415E-10
-2.35099E-38,-1.88153E-39,-1.4294E-40,-1.02857E-41,-6.99405E-43,-4.48295E-44,-2.70137E-45,-1.52601E-46,-8.05678E-48,-3.96262E-49,-1.80925E-50,-7.63969E-52,-2.97132E-53,-1.05978E-54,-3.44995E-56,-1.01978E-57,-2.72185E-59,-6.51992E-61,-1.39235E-62,-2.63155E-64,-4.36674E-66,-6.30594E-68,-7.84791E-70,-8.32665E-72,-7.44164E-74,-5.52715E-76,-3.36051E-78,-1.64429E-80,-6.3509E-83,-1.89414E-85,-4.25353E-88,-6.98554E-91,-8.11079E-94,-6.39905E-97,-3.2734E-100,-1.0266E-103,-1.845E-107,-1.7495E-111,-7.9005E-116,-1.4931E-120,-1E-125,-1.9068E-131,-7.6957E-138,-4.3377E-145,-1.8574E-153,-2.351E-163,-1.8093E-175,-4.3667E-191,-4.2535E-213,-1E-250,0,1E-250,4.2535E-213,4.3667E-191,1.8093E-175,2.351E-163,1.8574E-153,4.3377E-145,7.6957E-138,1.9068E-131,1E-125,1.4931E-120,7.9005E-116,1.7495E-111,1.845E-107,1.0266E-103,3.2734E-100,6.39905E-97,8.11079E-94,6.98554E-91,4.25353E-88,1.89414E-85,6.3509E-83,1.64429E-80,3.36051E-78,5.52715E-76,7.44164E-74,8.32665E-72,7.84791E-70,6.30594E-68,4.36674E-66,2.63155E-64,1.39235E-62,6.51992E-61,2.72185E-59,1.01978E-57,3.44995E-56,1.05978E-54,2.97132E-53,7.63969E-52,1.80925E-50,3.96262E-49,8.05678E-48,1.52601E-46,2.70137E-45,4.48295E-44,6.99405E-43,1.02857E-41,1.4294E-40,1.88153E-39,2.35099E-38
