[
    {
        "slug": "rest-days",
        "title": "Rest Days: Your Secret Weapon for Fitness Success",
        "author": "Reps McGee",
        "content": "<p>Think of your body like a high-performance sports car.  You wouldn't drive it full throttle 24/7 without maintenance, right? Rest days are your body's pit stop, where the real magic happens.</p><p>While you're relaxing, your muscles are rebuilding, becoming stronger and more resilient. It's like leveling up in a video game – you need downtime to unlock your full potential.</p><p>Skipping rest days is like trying to run on an empty tank.  You'll sputter out, risking injury and burnout.  But embrace those rest days, and you'll feel the difference. Your workouts will become more powerful, your energy levels will soar, and you'll see the results you crave.</p><p>So, go ahead and schedule those rest days with pride. Binge-watch your favorite show, take a leisurely walk in nature, or simply catch up on some much-needed sleep. Your body will thank you, and you'll come back to the gym feeling refreshed and ready to conquer new challenges.</p><p>Remember, fitness isn't just about pushing harder; it's about working smarter. Rest days are the secret ingredient that will supercharge your progress and make your fitness journey sustainable and enjoyable. So, give yourself permission to rest, recharge, and come back stronger than ever!</p>"
    },
    {
        "slug": "brat",
        "title": "Bratwurst",
        "author": "Charli",
        "content": "<p>Forget protein shakes and kale smoothies! We're here to make a bold claim: bratwurst, the beloved German sausage, could be your next go-to fitness superfood. Hear us out!</p><p>First, bratwurst is packed with protein, essential for muscle building and repair after those intense workouts. It also delivers a healthy dose of B vitamins, crucial for energy production and metabolism. Plus, its high iron content supports oxygen transport, ensuring your muscles get the fuel they need to perform at their best.</p><p>Now, we're not saying to ditch your veggies and go on a brat-only diet. But when enjoyed in moderation, as part of a balanced meal plan, bratwurst can be a surprisingly satisfying and nutritious addition to your fitness regime.</p><p>So, next time you fire up the grill, don't hesitate to throw on a few brats. Pair them with a side of sauerkraut for gut-friendly probiotics and a hearty salad for essential vitamins and minerals. Just remember, portion control is key.</p><p>While bratwurst may not be a traditional health food, its unique nutritional profile and undeniable deliciousness make it a worthy contender for a spot on your fitness plate. So, go ahead and indulge – your body (and taste buds) will thank you!</p>",
        "theme": "section{background:rgb(138,206,0);color:black;font-family:Arial,Helvetica,sans-serif;text-align:justify;text-align-last:justify;text-transform:lowercase;transform:scaleY(1.337);transform-origin:top;margin-top:2rem;padding:1rem 3rem}h2,h3{font-weight:normal;font-size:revert;font-style:revert;padding:revert}img{width:auto}"
    },
    {
        "slug": "melt-fat-away",
        "title": "Melt Fat Away: 5 Proven Strategies for a Leaner You",
        "author": "Gainsford Gainsborough",
        "content": "<p>Ready to shed those stubborn pounds and reveal a leaner, healthier you? It's time to implement these five proven strategies to reduce body fat and transform your body:</p><p><b>Prioritize Protein</b><br>Protein is the building block of muscle, and muscle burns more calories at rest than fat. Aim for a protein source at every meal, such as lean meats, fish, eggs, beans, or Greek yogurt.</li></p><p><b>Embrace High-Intensity Interval Training (HIIT)</b><br>HIIT workouts involve short bursts of intense exercise followed by brief rest periods. This approach boosts your metabolism and torches calories even after your workout is over.   </li></p><p><b>Lift Weights</b><br>Strength training builds muscle and increases your resting metabolic rate, meaning you burn more calories throughout the day, even when you're not exercising.</li></p><p><b>Get Enough Sleep</b><br>Sleep deprivation can disrupt your hormones, leading to increased cravings and weight gain. Aim for 7-8 hours of quality sleep each night.</li></p><p><b>Manage Stress</b><br>Chronic stress can trigger the release of cortisol, a hormone that promotes fat storage. Find healthy ways to manage stress, such as exercise, meditation, or spending time in nature.</li></p><p>Remember, consistency is key! Incorporate these strategies into your lifestyle, and you'll be well on your way to achieving your dream physique and enjoying a healthier, happier you.</p>"
    },
    {
        "slug": "flow-state-fitness",
        "title": "Flow State Fitness: Find Your Zen and Sculpt Your Body",
        "author": "Flex Luthor",
        "content": "<p>Tired of the same old gym routines? Craving a workout that engages both your mind and body? Look no further than the \"Flow State Fitness\" routine, a revolutionary approach to exercise that combines mindfulness with dynamic movement.</p><p>Inspired by the concept of \"flow state,\" a mental state of complete immersion and focus, this routine seamlessly blends elements of yoga, Pilates, and functional fitness to create a truly unique experience.</p><p>Forget counting reps or watching the clock. In Flow State Fitness, you'll be guided through a series of fluid movements that challenge your balance, strength, and flexibility while encouraging you to stay present in the moment.</p><p>The benefits are endless. You'll not only sculpt a lean and toned physique but also reduce stress, improve mental clarity, and boost your overall well-being.</p><p>So, if you're ready to break free from the monotony of traditional workouts and discover a new level of fitness, give Flow State Fitness a try. It's time to find your zen and unleash your inner athlete.</p>"
    },
    {
        "slug": "acai-bowls",
        "title": "Acai Bowls: Fuel Your Fitness with This Superfood Trend",
        "author": "Stretch Armstrong",
        "content": "<p>If you're looking for a vibrant, delicious, and nutrient-packed way to kickstart your day or refuel after a workout, look no further than the trendy acai bowl.</p><p>This Brazilian superfood has taken the fitness world by storm, and for good reason. Acai berries are packed with antioxidants, fiber, and healthy fats, making them a perfect addition to any fitness enthusiast's diet.</p><p>Antioxidants help combat free radicals, reducing inflammation and promoting muscle recovery. Fiber keeps you feeling full and satisfied, aiding in weight management. And healthy fats provide sustained energy, powering you through even the toughest workouts.</p><p>But the benefits don't stop there. Acai bowls are also incredibly versatile, allowing you to customize them to your taste and nutritional needs. Top them with fresh fruit, granola, nuts, seeds, or even a drizzle of honey for a touch of sweetness.</p><p>Whether you're a seasoned athlete or just starting your fitness journey, acai bowls are a delicious and nutritious way to fuel your body and achieve your goals. So, ditch the sugary cereals and processed snacks, and embrace the power of acai for a healthier, happier you.</p>"
    }
]