<?xml version="1.0" encoding="UTF-8"?>
<!DOCTYPE typemap [
<!ELEMENT typemap (type)+>
<!ELEMENT type (#PCDATA)>
<!ELEMENT include (#PCDATA)>
<!ATTLIST type name CDATA #REQUIRED>
<!ATTLIST type fullname CDATA #IMPLIED>
<!ATTLIST type family CDATA #IMPLIED>
<!ATTLIST type foundry CDATA #IMPLIED>
<!ATTLIST type weight CDATA #IMPLIED>
<!ATTLIST type style CDATA #IMPLIED>
<!ATTLIST type stretch CDATA #IMPLIED>
<!ATTLIST type format CDATA #IMPLIED>
<!ATTLIST type metrics CDATA #IMPLIED>
<!ATTLIST type glyphs CDATA #REQUIRED>
<!ATTLIST type version CDATA #IMPLIED>
<!ATTLIST include file CDATA #REQUIRED>
]>
<!--
  ImageMagick Windows font configuration.
-->
<typemap>
  <type name="Arial" fullname="Arial" family="Arial" weight="400" style="normal" stretch="normal" glyphs="/usr/share/fonts/msttcore/arial.ttf"/>
  <type name="Arial-Black" fullname="Arial Black" family="Arial" weight="900" style="normal" stretch="normal" glyphs="/usr/share/fonts/msttcore/ariblk.ttf"/>
  <type name="Arial-Bold" fullname="Arial Bold" family="Arial" weight="700" style="normal" stretch="normal" glyphs="/usr/share/fonts/msttcore/arialbd.ttf"/>
  <type name="Arial-Bold-Italic" fullname="Arial Bold Italic" family="Arial" weight="700" style="italic" stretch="normal" glyphs="/usr/share/fonts/msttcore/arialbi.ttf"/>
  <type name="Arial-Italic" fullname="Arial Italic" family="Arial" weight="400" style="italic" stretch="normal" glyphs="/usr/share/fonts/msttcore/ariali.ttf"/>
  <type name="Arial-Narrow" fullname="Arial Narrow" family="Arial Narrow" weight="400" style="normal" stretch="condensed" glyphs="/usr/share/fonts/msttcore/arialn.ttf"/>
  <type name="Arial-Narrow-Bold" fullname="Arial Narrow Bold" family="Arial Narrow" weight="700" style="normal" stretch="condensed" glyphs="/usr/share/fonts/msttcore/arialnb.ttf"/>
  <type name="Arial-Narrow-Bold-Italic" fullname="Arial Narrow Bold Italic" family="Arial Narrow" weight="700" style="italic" stretch="condensed" glyphs="/usr/share/fonts/msttcore/arialnbi.ttf"/>
  <type name="Arial-Narrow-Italic" fullname="Arial Narrow Italic" family="Arial Narrow" weight="400" style="italic" stretch="condensed" glyphs="/usr/share/fonts/msttcore/arnari.ttf"/>
  <type name="Arial-Narrow-Special-G1" fullname="Arial Narrow Special G1" family="Arial Narrow Special G1" weight="400" style="normal" stretch="condensed" glyphs="/usr/share/fonts/msttcore/msgeonr1.ttf"/>
  <type name="Arial-Narrow-Special-G1-Bold" fullname="Arial Narrow Special G1 Bold" family="Arial Narrow Special G1" weight="700" style="normal" stretch="condensed" glyphs="/usr/share/fonts/msttcore/msgeonb1.ttf"/>
  <type name="Arial-Narrow-Special-G1-Italic" fullname="Arial Narrow Special G1 Italic" family="Arial Narrow Special G1" weight="400" style="italic" stretch="condensed" glyphs="/usr/share/fonts/msttcore/msgeoni1.ttf"/>
  <type name="Arial-Narrow-Special-G2" fullname="Arial Narrow Special G2" family="Arial Narrow Special G2" weight="400" style="normal" stretch="condensed" glyphs="/usr/share/fonts/msttcore/msgeonr2.ttf"/>
  <type name="Arial-Narrow-Special-G2-Bold" fullname="Arial Narrow Special G2 Bold" family="Arial Narrow Special G2" weight="700" style="Narrow" stretch="normal" glyphs="/usr/share/fonts/msttcore/msgeonb2.ttf"/>
  <type name="Arial-Narrow-Special-G2-Italic" fullname="Arial Narrow Special G2 Italic" family="Arial Narrow Special G2" weight="400" style="italic" stretch="condensed" glyphs="/usr/share/fonts/msttcore/msgeoni2.ttf"/>
  <type name="Arial-Rounded-MT-Bold" fullname="Arial Rounded MT Bold" family="Arial Rounded MT" weight="700" style="normal" stretch="normal" glyphs="/usr/share/fonts/msttcore/arlrdbd.ttf"/>
  <type name="Arial-Special-G1" fullname="Arial Special G1" family="Arial Special G1" weight="400" style="normal" stretch="normal" glyphs="/usr/share/fonts/msttcore/msgeor1.ttf"/>
  <type name="Arial-Special-G1-Bold" fullname="Arial Special G1 Bold" family="Arial Special G1" weight="700" style="normal" stretch="normal" glyphs="/usr/share/fonts/msttcore/msgeoab1.ttf"/>
  <type name="Arial-Special-G1-Bold-Italic" fullname="Arial Special G1 Bold Italic" family="Arial Special G1" weight="700" style="italic" stretch="normal" glyphs="/usr/share/fonts/msttcore/msgeoax1.ttf"/>
  <type name="Arial-Special-G1-Italic" fullname="Arial Special G1 Italic" family="Arial Special G1" weight="400" style="italic" stretch="normal" glyphs="/usr/share/fonts/msttcore/msgeoai1.ttf"/>
  <type name="Arial-Special-G2" fullname="Arial Special G2" family="Arial Special G2" weight="400" style="normal" stretch="normal" glyphs="/usr/share/fonts/msttcore/msgeoar2.ttf"/>
  <type name="Arial-Special-G2-Bold" fullname="Arial Special G2 Bold" family="Arial Special G2" weight="700" style="normal" stretch="normal" glyphs="/usr/share/fonts/msttcore/msgeoab2.ttf"/>
  <type name="Arial-Special-G2-Bold-Italic" fullname="Arial Special G2 Bold Italic" family="Arial Special G2" weight="700" style="italic" stretch="normal" glyphs="/usr/share/fonts/msttcore/msgeoax2.ttf"/>
  <type name="Arial-Special-G2-Italic" fullname="Arial Special G2 Italic" family="Arial Special G2" weight="400" style="italic" stretch="normal" glyphs="/usr/share/fonts/msttcore/msgeoai2.ttf"/>
  <type name="Bookman-Old-Style" fullname="Bookman Old Style" family="Bookman Old Style" weight="400" style="normal" stretch="normal" glyphs="/usr/share/fonts/msttcore/bkmnos.ttf"/>
  <type name="Bookman-Old-Style-Bold" fullname="Bookman Old Style Bold" family="Bookman Old Style" weight="700" style="normal" stretch="normal" glyphs="/usr/share/fonts/msttcore/bookosb.ttf"/>
  <type name="Bookman-Old-Style-Bold-Italic" fullname="Bookman Old Style Bold Italic" family="Bookman Old Style" weight="400" style="italic" stretch="normal" glyphs="/usr/share/fonts/msttcore/bookosbi.ttf"/>
  <type name="Bookman-Old-Style-Italic" fullname="Bookman Old Style Italic" family="Bookman Old Style" weight="400" style="italic" stretch="normal" glyphs="/usr/share/fonts/msttcore/boookosi.ttf"/>
  <type name="Century-Schoolbook" fullname="Century Schoolbook" family="Century Schoolbook" weight="400" style="normal" stretch="normal" glyphs="/usr/share/fonts/msttcore/censcbk.ttf"/>
  <type name="Century-Schoolbook-Bold" fullname="Century Schoolbook Bold" family="Century Schoolbook" weight="700" style="normal" stretch="normal" glyphs="/usr/share/fonts/msttcore/schlbkb.ttf"/>
  <type name="Century-Schoolbook-Bold-Italic" fullname="Century Schoolbook Bold Italic" family="Century Schoolbook" weight="700" style="italic" stretch="normal" glyphs="/usr/share/fonts/msttcore/schlbkbi.ttf"/>
  <type name="Century-Schoolbook-Italic" fullname="Century Schoolbook Italic" family="Century Schoolbook" weight="400" style="italic" stretch="normal" glyphs="/usr/share/fonts/msttcore/schlbki.ttf"/>
  <type name="Comic-Sans-MS" fullname="Comic Sans MS" family="Comic Sans MS" weight="400" style="normal" stretch="normal" glyphs="/usr/share/fonts/msttcore/comic.ttf"/>
  <type name="Comic-Sans-MS-Bold" fullname="Comic Sans MS Bold" family="Comic Sans MS" weight="700" style="normal" stretch="normal" glyphs="/usr/share/fonts/msttcore/comicbd.ttf"/>
  <type name="Courier-New" fullname="Courier New" family="Courier New" weight="400" style="normal" stretch="normal" glyphs="/usr/share/fonts/msttcore/cour.ttf"/>
  <type name="Courier-New-Bold" fullname="Courier New Bold" family="Courier New" weight="700" style="normal" stretch="normal" glyphs="/usr/share/fonts/msttcore/courbd.ttf"/>
  <type name="Courier-New-Bold-Italic" fullname="Courier New Bold Italic" family="Courier New" weight="700" style="italic" stretch="normal" glyphs="/usr/share/fonts/msttcore/courbi.ttf"/>
  <type name="Courier-New-Italic" fullname="Courier New Italic" family="Courier New" weight="400" style="italic" stretch="normal" glyphs="/usr/share/fonts/msttcore/couri.ttf"/>
  <type name="Garamond" fullname="Garamond" family="Garamond" weight="400" style="normal" stretch="normal" glyphs="/usr/share/fonts/msttcore/gara.ttf"/>
  <type name="Garamond-Bold" fullname="Garamond Bold" family="Garamond" weight="700" style="normal" stretch="normal" glyphs="/usr/share/fonts/msttcore/garabd.ttf"/>
  <type name="Garamond-Italic" fullname="Garamond Italic" family="Garamond" weight="400" style="italic" stretch="normal" glyphs="/usr/share/fonts/msttcore/Italic"/>
  <type name="Gill-Sans-MT-Ext-Condensed-Bold" fullname="Gill Sans MT Ext Condensed Bold" family="Gill Sans MT" weight="700" style="normal" stretch="extra-condensed" glyphs="/usr/share/fonts/msttcore/glsnecb.ttf"/>
  <type name="Impact" fullname="Impact" family="Impact" weight="400" style="normal" stretch="normal" glyphs="/usr/share/fonts/msttcore/impact.ttf"/>
  <type name="Lucida-Blackletter" fullname="Lucida Blackletter" family="Lucida Blackletter" weight="400" style="normal" stretch="normal" glyphs="/usr/share/fonts/msttcore/lblack.ttf"/>
  <type name="Lucida-Bright" fullname="Lucida Bright" family="Lucida Bright" weight="400" style="normal" stretch="normal" glyphs="/usr/share/fonts/msttcore/lbrite.ttf"/>
  <type name="Lucida-Bright-Demibold" fullname="Lucida Bright Demibold" family="Lucida Bright" weight="600" style="normal" stretch="normal" glyphs="/usr/share/fonts/msttcore/lbrited.ttf"/>
  <type name="Lucida-Bright-Demibold-Italic" fullname="Lucida Bright Demibold Italic" family="Lucida Bright" weight="600" style="italic" stretch="normal" glyphs="/usr/share/fonts/msttcore/lbritedi.ttf"/>
  <type name="Lucida-Bright-Italic" fullname="Lucida Bright Italic" family="Lucida Bright" weight="400" style="italic" stretch="normal" glyphs="/usr/share/fonts/msttcore/lbritei.ttf"/>
  <type name="Lucida-Caligraphy-Italic" fullname="Lucida Caligraphy Italic" family="Lucida Caligraphy" weight="400" style="italic" stretch="normal" glyphs="/usr/share/fonts/msttcore/lcalig.ttf"/>
  <type name="Lucida-Console, Lucida-Console" fullname="Lucida Console, Lucida Console" family="Regular" weight="400" style="lucon.ttf" stretch="normal" glyphs="/usr/share/fonts/msttcore/"/>
  <type name="Lucida-Fax-Demibold" fullname="Lucida Fax Demibold" family="Lucida Fax" weight="600" style="normal" stretch="normal" glyphs="/usr/share/fonts/msttcore/lfaxd.ttf"/>
  <type name="Lucida-Fax-Demibold-Italic" fullname="Lucida Fax Demibold Italic" family="Lucida Fax" weight="600" style="italic" stretch="normal" glyphs="/usr/share/fonts/msttcore/lfaxdi.ttf"/>
  <type name="Lucida-Fax-Italic" fullname="Lucida Fax Italic" family="Lucida Fax" weight="400" style="italic" stretch="normal" glyphs="/usr/share/fonts/msttcore/lfaxi.ttf"/>
  <type name="Lucida-Fax-Regular" fullname="Lucida Fax Regular" family="Lucida Fax" weight="400" style="normal" stretch="normal" glyphs="/usr/share/fonts/msttcore/lfax.ttf"/>
  <type name="Lucida-Handwriting-Italic" fullname="Lucida Handwriting Italic" family="Lucida Handwriting" weight="400" style="italic" stretch="normal" glyphs="/usr/share/fonts/msttcore/lhandw.ttf"/>
  <type name="Lucida-Sans-Demibold-Italic" fullname="Lucida Sans Demibold Italic" family="Lucida Sans" weight="600" style="italic" stretch="normal" glyphs="/usr/share/fonts/msttcore/lsansdi.ttf"/>
  <type name="Lucida-Sans-Demibold-Roman" fullname="Lucida Sans Demibold Roman" family="Lucida Sans Demibold" weight="400" style="normal" stretch="normal" glyphs="/usr/share/fonts/msttcore/lsansd.ttf"/>
  <type name="Lucida-Sans-Regular" fullname="Lucida Sans Regular" family="Lucida Sans" weight="400" style="normal" stretch="normal" glyphs="/usr/share/fonts/msttcore/lsans.ttf"/>
  <type name="Lucida-Sans-Typewriter-Bold" fullname="Lucida Sans Typewriter Bold" family="Lucida Sans Typewriter" weight="700" style="normal" stretch="normal" glyphs="/usr/share/fonts/msttcore/ltypeb.ttf"/>
  <type name="Lucida-Sans-Typewriter-Bold-Oblique" fullname="Lucida Sans Typewriter Bold Oblique" family="Lucida Sans Typewriter" weight="700" style="normal" stretch="normal" glyphs="/usr/share/fonts/msttcore/ltypebo.ttf"/>
  <type name="Lucida-Sans-Typewriter-Oblique" fullname="Lucida Sans Typewriter Oblique" family="Lucida Sans Typewriter" weight="700" style="normal" stretch="normal" glyphs="/usr/share/fonts/msttcore/ltypeo.ttf"/>
  <type name="Lucida-Sans-Typewriter-Regular" fullname="Lucida Sans Typewriter Regular" family="Lucida Sans Typewriter" weight="400" style="normal" stretch="normal" glyphs="/usr/share/fonts/msttcore/ltype.ttf"/>
  <type name="MS-Sans-Serif" fullname="MS Sans Serif" family="MS Sans Serif" weight="400" style="normal" stretch="normal" glyphs="/usr/share/fonts/msttcore/sseriff.ttf"/>
  <type name="MS-Serif" fullname="MS Serif" family="MS Serif" weight="400" style="normal" stretch="normal" glyphs="/usr/share/fonts/msttcore/seriff.ttf"/>
  <type name="Modern" fullname="Modern" family="Modern" weight="400" style="normal" stretch="normal" glyphs="/usr/share/fonts/msttcore/modern.ttf"/>
  <type name="Monotype-Corsiva" fullname="Monotype Corsiva" family="Monotype Corsiva" weight="400" style="normal" stretch="normal" glyphs="/usr/share/fonts/msttcore/mtcorsva.ttf"/>
  <type name="Small-Fonts" fullname="Small Fonts" family="Small Fonts" weight="400" style="normal" stretch="normal" glyphs="/usr/share/fonts/msttcore/smallf.ttf"/>
  <type name="Symbol" fullname="Symbol" family="Symbol" weight="400" style="normal" stretch="normal" glyphs="/usr/share/fonts/msttcore/symbol.ttf" encoding="AppleRoman"/>
  <type name="Tahoma" fullname="Tahoma" family="Tahoma" weight="400" style="normal" stretch="normal" glyphs="/usr/share/fonts/msttcore/tahoma.ttf"/>
  <type name="Tahoma-Bold" fullname="Tahoma Bold" family="Tahoma" weight="700" style="normal" stretch="normal" glyphs="/usr/share/fonts/msttcore/tahomabd.ttf"/>
  <type name="Times-New-Roman" fullname="Times New Roman" family="Times New Roman" weight="400" style="normal" stretch="normal" glyphs="/usr/share/fonts/msttcore/times.ttf"/>
  <type name="Times-New-Roman-Bold" fullname="Times New Roman Bold" family="Times New Roman" weight="700" style="normal" stretch="normal" glyphs="/usr/share/fonts/msttcore/timesbd.ttf"/>
  <type name="Times-New-Roman-Bold-Italic" fullname="Times New Roman Bold Italic" family="Times New Roman" weight="700" style="italic" stretch="normal" glyphs="/usr/share/fonts/msttcore/timesbi.ttf"/>
  <type name="Times-New-Roman-Italic" fullname="Times New Roman Italic" family="Times New Roman" weight="400" style="italic" stretch="normal" glyphs="/usr/share/fonts/msttcore/timesi.ttf"/>
  <type name="Times-New-Roman-MT-Extra-Bold" fullname="Times New Roman MT Extra Bold" family="Times New Roman MT" weight="800" style="normal" stretch="normal" glyphs="/usr/share/fonts/msttcore/timnreb.ttf"/>
  <type name="Verdana" fullname="Verdana" family="Verdana" weight="400" style="normal" stretch="normal" glyphs="/usr/share/fonts/msttcore/verdana.ttf"/>
  <type name="Verdana-Bold" fullname="Verdana Bold" family="Verdana" weight="700" style="normal" stretch="normal" glyphs="/usr/share/fonts/msttcore/verdanab.ttf"/>
  <type name="Verdana-Bold-Italic" fullname="Verdana Bold Italic" family="Verdana" weight="700" style="italic" stretch="normal" glyphs="/usr/share/fonts/msttcore/verdanaz.ttf"/>
  <type name="Verdana-Italic" fullname="Verdana Italic" family="Verdana" weight="400" style="italic" stretch="normal" glyphs="/usr/share/fonts/msttcore/verdanai.ttf"/>
  <type name="Wingdings" fullname="Wingdings" family="Wingdings" weight="400" style="normal" stretch="normal" glyphs="/usr/share/fonts/msttcore/wingding.ttf" encoding="AppleRoman"/>
  <type name="Wingdings-2" fullname="Wingdings 2" family="Wingdings 2" weight="400" style="normal" stretch="normal" glyphs="/usr/share/fonts/msttcore/wingdng2.ttf" encoding="AppleRoman"/>
  <type name="Wingdings-3" fullname="Wingdings 3" family="Wingdings 3" weight="400" style="normal" stretch="normal" glyphs="/usr/share/fonts/msttcore/wingdng3.ttf" encoding="AppleRoman"/>
</typemap>
