{"stats":{"minecraft:dropped":{"minecraft:redstone_torch":1,"minecraft:stone":2,"minecraft:diamond_ore":1,"minecraft:redstone":4},"minecraft:picked_up":{"minecraft:diamond_ore":1,"minecraft:stone":2,"minecraft:redstone_torch":13,"minecraft:redstone":10},"minecraft:used":{"minecraft:redstone_torch":107,"minecraft:item_frame":2,"minecraft:sticky_piston":4,"minecraft:writable_book":1,"minecraft:repeater":2,"minecraft:cherry_hanging_sign":2,"minecraft:comparator":11,"minecraft:written_book":1,"minecraft:heavy_weighted_pressure_plate":1,"minecraft:grass_block":3,"minecraft:light_weighted_pressure_plate":1,"minecraft:redstone":88,"minecraft:spruce_button":6,"minecraft:bamboo_hanging_sign":3,"minecraft:chest":1,"minecraft:stone":112,"minecraft:oak_pressure_plate":1,"minecraft:observer":10,"minecraft:diamond_ore":10,"minecraft:bell":5},"minecraft:custom":{"minecraft:time_since_rest":22240,"minecraft:crouch_one_cm":287,"minecraft:play_time":99656,"minecraft:sprint_one_cm":16119,"minecraft:deaths":2,"minecraft:walk_one_cm":121129,"minecraft:bell_ring":45,"minecraft:sneak_time":866,"minecraft:drop":8,"minecraft:jump":191,"minecraft:damage_dealt":6,"minecraft:leave_game":3,"minecraft:time_since_death":22220,"minecraft:total_world_time":99656,"minecraft:fly_one_cm":326134,"minecraft:open_chest":2}},"DataVersion":3465}