{
  "minecraft:recipes/decorations/crafting_table": {
    "criteria": {
      "unlock_right_away": "2024-12-10 16:42:37 +0100"
    },
    "done": true
  },
  "minecraft:adventure/adventuring_time": {
    "criteria": {
      "minecraft:plains": "2024-12-10 16:42:48 +0100"
    },
    "done": false
  },
  "minecraft:recipes/food/bread": {
    "criteria": {
      "has_wheat": "2024-12-10 16:47:15 +0100"
    },
    "done": true
  },
  "minecraft:recipes/building_blocks/hay_block": {
    "criteria": {
      "has_wheat": "2024-12-10 16:47:15 +0100"
    },
    "done": true
  },
  "DataVersion": 4189
}