[
	{
		"inputs": [
			{
				"internalType": "address",
				"name": "_relayer",
				"type": "address"
			}
		],
		"stateMutability": "nonpayable",
		"type": "constructor"
	},
	{
		"anonymous": false,
		"inputs": [
			{
				"indexed": true,
				"internalType": "address",
				"name": "token",
				"type": "address"
			},
			{
				"indexed": false,
				"internalType": "string",
				"name": "name",
				"type": "string"
			},
			{
				"indexed": false,
				"internalType": "string",
				"name": "symbol",
				"type": "string"
			}
		],
		"name": "ERC20_register",
		"type": "event"
	},
	{
		"anonymous": false,
		"inputs": [
			{
				"indexed": true,
				"internalType": "address",
				"name": "token",
				"type": "address"
			},
			{
				"indexed": true,
				"internalType": "address",
				"name": "to",
				"type": "address"
			},
			{
				"indexed": false,
				"internalType": "uint256",
				"name": "amount",
				"type": "uint256"
			}
		],
		"name": "ERC20_transfer",
		"type": "event"
	},
	{
		"anonymous": false,
		"inputs": [
			{
				"indexed": true,
				"internalType": "address",
				"name": "to",
				"type": "address"
			},
			{
				"indexed": false,
				"internalType": "uint256",
				"name": "amount",
				"type": "uint256"
			}
		],
		"name": "ETH_transfer",
		"type": "event"
	},
	{
		"anonymous": false,
		"inputs": [
			{
				"indexed": true,
				"internalType": "bytes32",
				"name": "msgHash",
				"type": "bytes32"
			}
		],
		"name": "RelayedMessage",
		"type": "event"
	},
	{
		"anonymous": false,
		"inputs": [
			{
				"indexed": true,
				"internalType": "uint256",
				"name": "targetChainId",
				"type": "uint256"
			},
			{
				"indexed": true,
				"internalType": "address",
				"name": "targetAddress",
				"type": "address"
			},
			{
				"indexed": true,
				"internalType": "address",
				"name": "sourceAddress",
				"type": "address"
			},
			{
				"indexed": false,
				"internalType": "uint256",
				"name": "msgValue",
				"type": "uint256"
			},
			{
				"indexed": false,
				"internalType": "uint256",
				"name": "msgNonce",
				"type": "uint256"
			},
			{
				"indexed": false,
				"internalType": "bytes",
				"name": "msgData",
				"type": "bytes"
			}
		],
		"name": "SendRemoteMessage",
		"type": "event"
	},
	{
		"inputs": [
			{
				"internalType": "address",
				"name": "_token",
				"type": "address"
			},
			{
				"internalType": "address",
				"name": "_to",
				"type": "address"
			},
			{
				"internalType": "uint256",
				"name": "_amount",
				"type": "uint256"
			}
		],
		"name": "ERC20In",
		"outputs": [],
		"stateMutability": "payable",
		"type": "function"
	},
	{
		"inputs": [
			{
				"internalType": "address",
				"name": "_token",
				"type": "address"
			},
			{
				"internalType": "address",
				"name": "_to",
				"type": "address"
			},
			{
				"internalType": "uint256",
				"name": "_amount",
				"type": "uint256"
			}
		],
		"name": "ERC20Out",
		"outputs": [],
		"stateMutability": "nonpayable",
		"type": "function"
	},
	{
		"inputs": [
			{
				"internalType": "address",
				"name": "_remoteToken",
				"type": "address"
			},
			{
				"internalType": "string",
				"name": "_name",
				"type": "string"
			},
			{
				"internalType": "string",
				"name": "_symbol",
				"type": "string"
			}
		],
		"name": "ERC20Register",
		"outputs": [],
		"stateMutability": "nonpayable",
		"type": "function"
	},
	{
		"inputs": [
			{
				"internalType": "address",
				"name": "",
				"type": "address"
			}
		],
		"name": "bridgedTokens",
		"outputs": [
			{
				"internalType": "address",
				"name": "",
				"type": "address"
			}
		],
		"stateMutability": "view",
		"type": "function"
	},
	{
		"inputs": [
			{
				"internalType": "address",
				"name": "_to",
				"type": "address"
			}
		],
		"name": "ethIn",
		"outputs": [],
		"stateMutability": "payable",
		"type": "function"
	},
	{
		"inputs": [
			{
				"internalType": "address",
				"name": "_to",
				"type": "address"
			}
		],
		"name": "ethOut",
		"outputs": [],
		"stateMutability": "payable",
		"type": "function"
	},
	{
		"inputs": [
			{
				"internalType": "uint256",
				"name": "",
				"type": "uint256"
			},
			{
				"internalType": "address",
				"name": "",
				"type": "address"
			}
		],
		"name": "isTokenRegisteredAtRemote",
		"outputs": [
			{
				"internalType": "bool",
				"name": "",
				"type": "bool"
			}
		],
		"stateMutability": "view",
		"type": "function"
	},
	{
		"inputs": [
			{
				"internalType": "uint256",
				"name": "_remoteChainId",
				"type": "uint256"
			},
			{
				"internalType": "address",
				"name": "_remoteBridge",
				"type": "address"
			}
		],
		"name": "registerRemoteBridge",
		"outputs": [],
		"stateMutability": "nonpayable",
		"type": "function"
	},
	{
		"inputs": [
			{
				"internalType": "address",
				"name": "_targetAddress",
				"type": "address"
			},
			{
				"internalType": "uint256",
				"name": "_sourceChainId",
				"type": "uint256"
			},
			{
				"internalType": "address",
				"name": "_sourceAddress",
				"type": "address"
			},
			{
				"internalType": "uint256",
				"name": "_value",
				"type": "uint256"
			},
			{
				"internalType": "uint256",
				"name": "_nonce",
				"type": "uint256"
			},
			{
				"internalType": "bytes",
				"name": "_message",
				"type": "bytes"
			}
		],
		"name": "relayMessage",
		"outputs": [],
		"stateMutability": "nonpayable",
		"type": "function"
	},
	{
		"inputs": [],
		"name": "relayedMessageSenderAddress",
		"outputs": [
			{
				"internalType": "address",
				"name": "",
				"type": "address"
			}
		],
		"stateMutability": "view",
		"type": "function"
	},
	{
		"inputs": [],
		"name": "relayedMessageSenderChainId",
		"outputs": [
			{
				"internalType": "uint256",
				"name": "",
				"type": "uint256"
			}
		],
		"stateMutability": "view",
		"type": "function"
	},
	{
		"inputs": [
			{
				"internalType": "bytes32",
				"name": "",
				"type": "bytes32"
			}
		],
		"name": "relayedMessages",
		"outputs": [
			{
				"internalType": "bool",
				"name": "",
				"type": "bool"
			}
		],
		"stateMutability": "view",
		"type": "function"
	},
	{
		"inputs": [],
		"name": "relayer",
		"outputs": [
			{
				"internalType": "address",
				"name": "",
				"type": "address"
			}
		],
		"stateMutability": "view",
		"type": "function"
	},
	{
		"inputs": [
			{
				"internalType": "uint256",
				"name": "",
				"type": "uint256"
			}
		],
		"name": "remoteBridge",
		"outputs": [
			{
				"internalType": "address",
				"name": "",
				"type": "address"
			}
		],
		"stateMutability": "view",
		"type": "function"
	},
	{
		"inputs": [
			{
				"internalType": "address",
				"name": "",
				"type": "address"
			}
		],
		"name": "remoteBridgeChainId",
		"outputs": [
			{
				"internalType": "uint256",
				"name": "",
				"type": "uint256"
			}
		],
		"stateMutability": "view",
		"type": "function"
	},
	{
		"inputs": [
			{
				"internalType": "uint256",
				"name": "_targetChainId",
				"type": "uint256"
			},
			{
				"internalType": "address",
				"name": "_targetAddress",
				"type": "address"
			},
			{
				"internalType": "bytes",
				"name": "_message",
				"type": "bytes"
			}
		],
		"name": "sendRemoteMessage",
		"outputs": [],
		"stateMutability": "payable",
		"type": "function"
	},
	{
		"stateMutability": "payable",
		"type": "receive"
	}
]