{"_format":"","paths":{"artifacts":"out","build_infos":"out/build-info","sources":"src","tests":"test","scripts":"script","libraries":["lib"]},"files":{"lib/forge-std/src/Base.sol":{"lastModificationDate":1743602114413,"contentHash":"26ab04949780bbaec40dfa66ddea6aac","sourceName":"lib/forge-std/src/Base.sol","compilerSettings":{"solc":{"optimizer":{"enabled":true,"runs":200},"metadata":{"useLiteralContent":false,"bytecodeHash":"ipfs","appendCBOR":true},"outputSelection":{"*":{"*":["abi","evm.bytecode","evm.deployedBytecode","evm.methodIdentifiers","metadata"]}},"evmVersion":"paris","viaIR":false,"libraries":{}},"vyper":{"evmVersion":"paris","outputSelection":{"*":{"*":["abi","evm.bytecode","evm.deployedBytecode"]}}}},"imports":["lib/forge-std/src/StdStorage.sol","lib/forge-std/src/Vm.sol"],"versionRequirement":">=0.6.2, <0.9.0","artifacts":{"CommonBase":{"0.8.28":{"path":"Base.sol/CommonBase.json","build_id":"ba6cb45e3f480b3fd3e436a64152251f"}},"ScriptBase":{"0.8.28":{"path":"Base.sol/ScriptBase.json","build_id":"ba6cb45e3f480b3fd3e436a64152251f"}},"TestBase":{"0.8.28":{"path":"Base.sol/TestBase.json","build_id":"ba6cb45e3f480b3fd3e436a64152251f"}}},"seenByCompiler":true},"lib/forge-std/src/Script.sol":{"lastModificationDate":1743602114414,"contentHash":"1d11dd99b6b917f2de20017e94d9de06","sourceName":"lib/forge-std/src/Script.sol","compilerSettings":{"solc":{"optimizer":{"enabled":true,"runs":200},"metadata":{"useLiteralContent":false,"bytecodeHash":"ipfs","appendCBOR":true},"outputSelection":{"*":{"*":["abi","evm.bytecode","evm.deployedBytecode","evm.methodIdentifiers","metadata"]}},"evmVersion":"paris","viaIR":false,"libraries":{}},"vyper":{"evmVersion":"paris","outputSelection":{"*":{"*":["abi","evm.bytecode","evm.deployedBytecode"]}}}},"imports":["lib/forge-std/src/Base.sol","lib/forge-std/src/StdChains.sol","lib/forge-std/src/StdCheats.sol","lib/forge-std/src/StdConstants.sol","lib/forge-std/src/StdJson.sol","lib/forge-std/src/StdMath.sol","lib/forge-std/src/StdStorage.sol","lib/forge-std/src/StdStyle.sol","lib/forge-std/src/StdUtils.sol","lib/forge-std/src/Vm.sol","lib/forge-std/src/console.sol","lib/forge-std/src/console2.sol","lib/forge-std/src/interfaces/IMulticall3.sol","lib/forge-std/src/safeconsole.sol"],"versionRequirement":">=0.6.2, <0.9.0","artifacts":{"Script":{"0.8.28":{"path":"Script.sol/Script.json","build_id":"ba6cb45e3f480b3fd3e436a64152251f"}}},"seenByCompiler":true},"lib/forge-std/src/StdAssertions.sol":{"lastModificationDate":1743602114414,"contentHash":"25b77f9806b64d497b8a46aeb8e5f6f0","sourceName":"lib/forge-std/src/StdAssertions.sol","compilerSettings":{"solc":{"optimizer":{"enabled":true,"runs":200},"metadata":{"useLiteralContent":false,"bytecodeHash":"ipfs","appendCBOR":true},"outputSelection":{"*":{"*":["abi","evm.bytecode","evm.deployedBytecode","evm.methodIdentifiers","metadata"]}},"evmVersion":"paris","viaIR":false,"libraries":{}},"vyper":{"evmVersion":"paris","outputSelection":{"*":{"*":["abi","evm.bytecode","evm.deployedBytecode"]}}}},"imports":["lib/forge-std/src/Vm.sol"],"versionRequirement":">=0.6.2, <0.9.0","artifacts":{"StdAssertions":{"0.8.28":{"path":"StdAssertions.sol/StdAssertions.json","build_id":"ba6cb45e3f480b3fd3e436a64152251f"}}},"seenByCompiler":true},"lib/forge-std/src/StdChains.sol":{"lastModificationDate":1743602114414,"contentHash":"46c326449920147b8c9f2114981019a1","sourceName":"lib/forge-std/src/StdChains.sol","compilerSettings":{"solc":{"optimizer":{"enabled":true,"runs":200},"metadata":{"useLiteralContent":false,"bytecodeHash":"ipfs","appendCBOR":true},"outputSelection":{"*":{"*":["abi","evm.bytecode","evm.deployedBytecode","evm.methodIdentifiers","metadata"]}},"evmVersion":"paris","viaIR":false,"libraries":{}},"vyper":{"evmVersion":"paris","outputSelection":{"*":{"*":["abi","evm.bytecode","evm.deployedBytecode"]}}}},"imports":["lib/forge-std/src/Vm.sol"],"versionRequirement":">=0.6.2, <0.9.0","artifacts":{"StdChains":{"0.8.28":{"path":"StdChains.sol/StdChains.json","build_id":"ba6cb45e3f480b3fd3e436a64152251f"}}},"seenByCompiler":true},"lib/forge-std/src/StdCheats.sol":{"lastModificationDate":1743602114414,"contentHash":"88408106c41697153142f6a6eeb06728","sourceName":"lib/forge-std/src/StdCheats.sol","compilerSettings":{"solc":{"optimizer":{"enabled":true,"runs":200},"metadata":{"useLiteralContent":false,"bytecodeHash":"ipfs","appendCBOR":true},"outputSelection":{"*":{"*":["abi","evm.bytecode","evm.deployedBytecode","evm.methodIdentifiers","metadata"]}},"evmVersion":"paris","viaIR":false,"libraries":{}},"vyper":{"evmVersion":"paris","outputSelection":{"*":{"*":["abi","evm.bytecode","evm.deployedBytecode"]}}}},"imports":["lib/forge-std/src/StdStorage.sol","lib/forge-std/src/Vm.sol","lib/forge-std/src/console.sol","lib/forge-std/src/console2.sol"],"versionRequirement":">=0.6.2, <0.9.0","artifacts":{"StdCheats":{"0.8.28":{"path":"StdCheats.sol/StdCheats.json","build_id":"ba6cb45e3f480b3fd3e436a64152251f"}},"StdCheatsSafe":{"0.8.28":{"path":"StdCheats.sol/StdCheatsSafe.json","build_id":"ba6cb45e3f480b3fd3e436a64152251f"}}},"seenByCompiler":true},"lib/forge-std/src/StdConstants.sol":{"lastModificationDate":1743602114414,"contentHash":"14edb96ae3a9171cd6885d775e077b2b","sourceName":"lib/forge-std/src/StdConstants.sol","compilerSettings":{"solc":{"optimizer":{"enabled":true,"runs":200},"metadata":{"useLiteralContent":false,"bytecodeHash":"ipfs","appendCBOR":true},"outputSelection":{"*":{"*":["abi","evm.bytecode","evm.deployedBytecode","evm.methodIdentifiers","metadata"]}},"evmVersion":"paris","viaIR":false,"libraries":{}},"vyper":{"evmVersion":"paris","outputSelection":{"*":{"*":["abi","evm.bytecode","evm.deployedBytecode"]}}}},"imports":["lib/forge-std/src/Vm.sol","lib/forge-std/src/interfaces/IMulticall3.sol"],"versionRequirement":">=0.6.2, <0.9.0","artifacts":{"StdConstants":{"0.8.28":{"path":"StdConstants.sol/StdConstants.json","build_id":"ba6cb45e3f480b3fd3e436a64152251f"}}},"seenByCompiler":true},"lib/forge-std/src/StdError.sol":{"lastModificationDate":1743602114414,"contentHash":"64c896e1276a291776e5ea5aecb3870a","sourceName":"lib/forge-std/src/StdError.sol","compilerSettings":{"solc":{"optimizer":{"enabled":true,"runs":200},"metadata":{"useLiteralContent":false,"bytecodeHash":"ipfs","appendCBOR":true},"outputSelection":{"*":{"*":["abi","evm.bytecode","evm.deployedBytecode","evm.methodIdentifiers","metadata"]}},"evmVersion":"paris","viaIR":false,"libraries":{}},"vyper":{"evmVersion":"paris","outputSelection":{"*":{"*":["abi","evm.bytecode","evm.deployedBytecode"]}}}},"imports":[],"versionRequirement":">=0.6.2, <0.9.0","artifacts":{"stdError":{"0.8.28":{"path":"StdError.sol/stdError.json","build_id":"ba6cb45e3f480b3fd3e436a64152251f"}}},"seenByCompiler":true},"lib/forge-std/src/StdInvariant.sol":{"lastModificationDate":1743602114414,"contentHash":"f16837d0e7cb829544ae1f1319ea7643","sourceName":"lib/forge-std/src/StdInvariant.sol","compilerSettings":{"solc":{"optimizer":{"enabled":true,"runs":200},"metadata":{"useLiteralContent":false,"bytecodeHash":"ipfs","appendCBOR":true},"outputSelection":{"*":{"*":["abi","evm.bytecode","evm.deployedBytecode","evm.methodIdentifiers","metadata"]}},"evmVersion":"paris","viaIR":false,"libraries":{}},"vyper":{"evmVersion":"paris","outputSelection":{"*":{"*":["abi","evm.bytecode","evm.deployedBytecode"]}}}},"imports":[],"versionRequirement":">=0.6.2, <0.9.0","artifacts":{"StdInvariant":{"0.8.28":{"path":"StdInvariant.sol/StdInvariant.json","build_id":"ba6cb45e3f480b3fd3e436a64152251f"}}},"seenByCompiler":true},"lib/forge-std/src/StdJson.sol":{"lastModificationDate":1743602114414,"contentHash":"02209da5708eaee03e24a9c24a687370","sourceName":"lib/forge-std/src/StdJson.sol","compilerSettings":{"solc":{"optimizer":{"enabled":true,"runs":200},"metadata":{"useLiteralContent":false,"bytecodeHash":"ipfs","appendCBOR":true},"outputSelection":{"*":{"*":["abi","evm.bytecode","evm.deployedBytecode","evm.methodIdentifiers","metadata"]}},"evmVersion":"paris","viaIR":false,"libraries":{}},"vyper":{"evmVersion":"paris","outputSelection":{"*":{"*":["abi","evm.bytecode","evm.deployedBytecode"]}}}},"imports":["lib/forge-std/src/Vm.sol"],"versionRequirement":">=0.6.0, <0.9.0","artifacts":{"stdJson":{"0.8.28":{"path":"StdJson.sol/stdJson.json","build_id":"ba6cb45e3f480b3fd3e436a64152251f"}}},"seenByCompiler":true},"lib/forge-std/src/StdMath.sol":{"lastModificationDate":1743602114414,"contentHash":"9da8f453eba6bb98f3d75bc6822bfb29","sourceName":"lib/forge-std/src/StdMath.sol","compilerSettings":{"solc":{"optimizer":{"enabled":true,"runs":200},"metadata":{"useLiteralContent":false,"bytecodeHash":"ipfs","appendCBOR":true},"outputSelection":{"*":{"*":["abi","evm.bytecode","evm.deployedBytecode","evm.methodIdentifiers","metadata"]}},"evmVersion":"paris","viaIR":false,"libraries":{}},"vyper":{"evmVersion":"paris","outputSelection":{"*":{"*":["abi","evm.bytecode","evm.deployedBytecode"]}}}},"imports":[],"versionRequirement":">=0.6.2, <0.9.0","artifacts":{"stdMath":{"0.8.28":{"path":"StdMath.sol/stdMath.json","build_id":"ba6cb45e3f480b3fd3e436a64152251f"}}},"seenByCompiler":true},"lib/forge-std/src/StdStorage.sol":{"lastModificationDate":1743602114414,"contentHash":"ce68f6e336944f16d31351a47d0b19b8","sourceName":"lib/forge-std/src/StdStorage.sol","compilerSettings":{"solc":{"optimizer":{"enabled":true,"runs":200},"metadata":{"useLiteralContent":false,"bytecodeHash":"ipfs","appendCBOR":true},"outputSelection":{"*":{"*":["abi","evm.bytecode","evm.deployedBytecode","evm.methodIdentifiers","metadata"]}},"evmVersion":"paris","viaIR":false,"libraries":{}},"vyper":{"evmVersion":"paris","outputSelection":{"*":{"*":["abi","evm.bytecode","evm.deployedBytecode"]}}}},"imports":["lib/forge-std/src/Vm.sol"],"versionRequirement":">=0.6.2, <0.9.0","artifacts":{"stdStorage":{"0.8.28":{"path":"StdStorage.sol/stdStorage.json","build_id":"ba6cb45e3f480b3fd3e436a64152251f"}},"stdStorageSafe":{"0.8.28":{"path":"StdStorage.sol/stdStorageSafe.json","build_id":"ba6cb45e3f480b3fd3e436a64152251f"}}},"seenByCompiler":true},"lib/forge-std/src/StdStyle.sol":{"lastModificationDate":1743602114414,"contentHash":"6281165a12aa639705c691fccefd855e","sourceName":"lib/forge-std/src/StdStyle.sol","compilerSettings":{"solc":{"optimizer":{"enabled":true,"runs":200},"metadata":{"useLiteralContent":false,"bytecodeHash":"ipfs","appendCBOR":true},"outputSelection":{"*":{"*":["abi","evm.bytecode","evm.deployedBytecode","evm.methodIdentifiers","metadata"]}},"evmVersion":"paris","viaIR":false,"libraries":{}},"vyper":{"evmVersion":"paris","outputSelection":{"*":{"*":["abi","evm.bytecode","evm.deployedBytecode"]}}}},"imports":["lib/forge-std/src/Vm.sol"],"versionRequirement":">=0.4.22, <0.9.0","artifacts":{"StdStyle":{"0.8.28":{"path":"StdStyle.sol/StdStyle.json","build_id":"ba6cb45e3f480b3fd3e436a64152251f"}}},"seenByCompiler":true},"lib/forge-std/src/StdToml.sol":{"lastModificationDate":1743602114414,"contentHash":"4bce85a4c60f2c073e651ee8140bcb4d","sourceName":"lib/forge-std/src/StdToml.sol","compilerSettings":{"solc":{"optimizer":{"enabled":true,"runs":200},"metadata":{"useLiteralContent":false,"bytecodeHash":"ipfs","appendCBOR":true},"outputSelection":{"*":{"*":["abi","evm.bytecode","evm.deployedBytecode","evm.methodIdentifiers","metadata"]}},"evmVersion":"paris","viaIR":false,"libraries":{}},"vyper":{"evmVersion":"paris","outputSelection":{"*":{"*":["abi","evm.bytecode","evm.deployedBytecode"]}}}},"imports":["lib/forge-std/src/Vm.sol"],"versionRequirement":">=0.6.0, <0.9.0","artifacts":{"stdToml":{"0.8.28":{"path":"StdToml.sol/stdToml.json","build_id":"ba6cb45e3f480b3fd3e436a64152251f"}}},"seenByCompiler":true},"lib/forge-std/src/StdUtils.sol":{"lastModificationDate":1743602114414,"contentHash":"4c104fcdec12d3b28348ff9e32c1e4eb","sourceName":"lib/forge-std/src/StdUtils.sol","compilerSettings":{"solc":{"optimizer":{"enabled":true,"runs":200},"metadata":{"useLiteralContent":false,"bytecodeHash":"ipfs","appendCBOR":true},"outputSelection":{"*":{"*":["abi","evm.bytecode","evm.deployedBytecode","evm.methodIdentifiers","metadata"]}},"evmVersion":"paris","viaIR":false,"libraries":{}},"vyper":{"evmVersion":"paris","outputSelection":{"*":{"*":["abi","evm.bytecode","evm.deployedBytecode"]}}}},"imports":["lib/forge-std/src/Vm.sol","lib/forge-std/src/interfaces/IMulticall3.sol"],"versionRequirement":">=0.6.2, <0.9.0","artifacts":{"StdUtils":{"0.8.28":{"path":"StdUtils.sol/StdUtils.json","build_id":"ba6cb45e3f480b3fd3e436a64152251f"}}},"seenByCompiler":true},"lib/forge-std/src/Test.sol":{"lastModificationDate":1743602114414,"contentHash":"462f6d9c84257bc12355e8533c3bcc96","sourceName":"lib/forge-std/src/Test.sol","compilerSettings":{"solc":{"optimizer":{"enabled":true,"runs":200},"metadata":{"useLiteralContent":false,"bytecodeHash":"ipfs","appendCBOR":true},"outputSelection":{"*":{"*":["abi","evm.bytecode","evm.deployedBytecode","evm.methodIdentifiers","metadata"]}},"evmVersion":"paris","viaIR":false,"libraries":{}},"vyper":{"evmVersion":"paris","outputSelection":{"*":{"*":["abi","evm.bytecode","evm.deployedBytecode"]}}}},"imports":["lib/forge-std/src/Base.sol","lib/forge-std/src/StdAssertions.sol","lib/forge-std/src/StdChains.sol","lib/forge-std/src/StdCheats.sol","lib/forge-std/src/StdConstants.sol","lib/forge-std/src/StdError.sol","lib/forge-std/src/StdInvariant.sol","lib/forge-std/src/StdJson.sol","lib/forge-std/src/StdMath.sol","lib/forge-std/src/StdStorage.sol","lib/forge-std/src/StdStyle.sol","lib/forge-std/src/StdToml.sol","lib/forge-std/src/StdUtils.sol","lib/forge-std/src/Vm.sol","lib/forge-std/src/console.sol","lib/forge-std/src/console2.sol","lib/forge-std/src/interfaces/IMulticall3.sol","lib/forge-std/src/safeconsole.sol"],"versionRequirement":">=0.6.2, <0.9.0","artifacts":{"Test":{"0.8.28":{"path":"Test.sol/Test.json","build_id":"ba6cb45e3f480b3fd3e436a64152251f"}}},"seenByCompiler":true},"lib/forge-std/src/Vm.sol":{"lastModificationDate":1743602114415,"contentHash":"34967b76b3519d0318064bb22490025c","sourceName":"lib/forge-std/src/Vm.sol","compilerSettings":{"solc":{"optimizer":{"enabled":true,"runs":200},"metadata":{"useLiteralContent":false,"bytecodeHash":"ipfs","appendCBOR":true},"outputSelection":{"*":{"*":["abi","evm.bytecode","evm.deployedBytecode","evm.methodIdentifiers","metadata"]}},"evmVersion":"paris","viaIR":false,"libraries":{}},"vyper":{"evmVersion":"paris","outputSelection":{"*":{"*":["abi","evm.bytecode","evm.deployedBytecode"]}}}},"imports":[],"versionRequirement":">=0.6.2, <0.9.0","artifacts":{"Vm":{"0.8.28":{"path":"Vm.sol/Vm.json","build_id":"ba6cb45e3f480b3fd3e436a64152251f"}},"VmSafe":{"0.8.28":{"path":"Vm.sol/VmSafe.json","build_id":"ba6cb45e3f480b3fd3e436a64152251f"}}},"seenByCompiler":true},"lib/forge-std/src/console.sol":{"lastModificationDate":1743602114416,"contentHash":"ce19a9e49945b42118379ff99d853c05","sourceName":"lib/forge-std/src/console.sol","compilerSettings":{"solc":{"optimizer":{"enabled":true,"runs":200},"metadata":{"useLiteralContent":false,"bytecodeHash":"ipfs","appendCBOR":true},"outputSelection":{"*":{"*":["abi","evm.bytecode","evm.deployedBytecode","evm.methodIdentifiers","metadata"]}},"evmVersion":"paris","viaIR":false,"libraries":{}},"vyper":{"evmVersion":"paris","outputSelection":{"*":{"*":["abi","evm.bytecode","evm.deployedBytecode"]}}}},"imports":[],"versionRequirement":">=0.4.22, <0.9.0","artifacts":{"console":{"0.8.28":{"path":"console.sol/console.json","build_id":"ba6cb45e3f480b3fd3e436a64152251f"}}},"seenByCompiler":true},"lib/forge-std/src/console2.sol":{"lastModificationDate":1743602114416,"contentHash":"f65ad21034b111e70fb5342d5771efcd","sourceName":"lib/forge-std/src/console2.sol","compilerSettings":{"solc":{"optimizer":{"enabled":true,"runs":200},"metadata":{"useLiteralContent":false,"bytecodeHash":"ipfs","appendCBOR":true},"outputSelection":{"*":{"*":["abi","evm.bytecode","evm.deployedBytecode","evm.methodIdentifiers","metadata"]}},"evmVersion":"paris","viaIR":false,"libraries":{}},"vyper":{"evmVersion":"paris","outputSelection":{"*":{"*":["abi","evm.bytecode","evm.deployedBytecode"]}}}},"imports":["lib/forge-std/src/console.sol"],"versionRequirement":">=0.4.22, <0.9.0","artifacts":{},"seenByCompiler":true},"lib/forge-std/src/interfaces/IMulticall3.sol":{"lastModificationDate":1743602114417,"contentHash":"7b131ca1ca32ef6378b7b9ad5488b901","sourceName":"lib/forge-std/src/interfaces/IMulticall3.sol","compilerSettings":{"solc":{"optimizer":{"enabled":true,"runs":200},"metadata":{"useLiteralContent":false,"bytecodeHash":"ipfs","appendCBOR":true},"outputSelection":{"*":{"*":["abi","evm.bytecode","evm.deployedBytecode","evm.methodIdentifiers","metadata"]}},"evmVersion":"paris","viaIR":false,"libraries":{}},"vyper":{"evmVersion":"paris","outputSelection":{"*":{"*":["abi","evm.bytecode","evm.deployedBytecode"]}}}},"imports":[],"versionRequirement":">=0.6.2, <0.9.0","artifacts":{"IMulticall3":{"0.8.28":{"path":"IMulticall3.sol/IMulticall3.json","build_id":"ba6cb45e3f480b3fd3e436a64152251f"}}},"seenByCompiler":true},"lib/forge-std/src/safeconsole.sol":{"lastModificationDate":1743602114417,"contentHash":"1445aa2f47000e212173e0cefd6c7a77","sourceName":"lib/forge-std/src/safeconsole.sol","compilerSettings":{"solc":{"optimizer":{"enabled":true,"runs":200},"metadata":{"useLiteralContent":false,"bytecodeHash":"ipfs","appendCBOR":true},"outputSelection":{"*":{"*":["abi","evm.bytecode","evm.deployedBytecode","evm.methodIdentifiers","metadata"]}},"evmVersion":"paris","viaIR":false,"libraries":{}},"vyper":{"evmVersion":"paris","outputSelection":{"*":{"*":["abi","evm.bytecode","evm.deployedBytecode"]}}}},"imports":[],"versionRequirement":">=0.6.2, <0.9.0","artifacts":{"safeconsole":{"0.8.28":{"path":"safeconsole.sol/safeconsole.json","build_id":"ba6cb45e3f480b3fd3e436a64152251f"}}},"seenByCompiler":true},"script/SignMessage.s.sol":{"lastModificationDate":1743601986920,"contentHash":"9547492ea672510c9765def133f2dee3","sourceName":"script/SignMessage.s.sol","compilerSettings":{"solc":{"optimizer":{"enabled":true,"runs":200},"metadata":{"useLiteralContent":false,"bytecodeHash":"ipfs","appendCBOR":true},"outputSelection":{"*":{"*":["abi","evm.bytecode","evm.deployedBytecode","evm.methodIdentifiers","metadata"]}},"evmVersion":"paris","viaIR":false,"libraries":{}},"vyper":{"evmVersion":"paris","outputSelection":{"*":{"*":["abi","evm.bytecode","evm.deployedBytecode"]}}}},"imports":["lib/forge-std/src/Base.sol","lib/forge-std/src/Script.sol","lib/forge-std/src/StdChains.sol","lib/forge-std/src/StdCheats.sol","lib/forge-std/src/StdConstants.sol","lib/forge-std/src/StdJson.sol","lib/forge-std/src/StdMath.sol","lib/forge-std/src/StdStorage.sol","lib/forge-std/src/StdStyle.sol","lib/forge-std/src/StdUtils.sol","lib/forge-std/src/Vm.sol","lib/forge-std/src/console.sol","lib/forge-std/src/console2.sol","lib/forge-std/src/interfaces/IMulticall3.sol","lib/forge-std/src/safeconsole.sol","src/Signer.sol"],"versionRequirement":"^0.8.13","artifacts":{"SignMessage":{"0.8.28":{"path":"SignMessage.s.sol/SignMessage.json","build_id":"ba6cb45e3f480b3fd3e436a64152251f"}}},"seenByCompiler":true},"script/Signer.s.sol":{"lastModificationDate":1743601986921,"contentHash":"95f8f81a63d278b4e9f22a5c53d020bb","sourceName":"script/Signer.s.sol","compilerSettings":{"solc":{"optimizer":{"enabled":true,"runs":200},"metadata":{"useLiteralContent":false,"bytecodeHash":"ipfs","appendCBOR":true},"outputSelection":{"*":{"*":["abi","evm.bytecode","evm.deployedBytecode","evm.methodIdentifiers","metadata"]}},"evmVersion":"paris","viaIR":false,"libraries":{}},"vyper":{"evmVersion":"paris","outputSelection":{"*":{"*":["abi","evm.bytecode","evm.deployedBytecode"]}}}},"imports":["lib/forge-std/src/Base.sol","lib/forge-std/src/Script.sol","lib/forge-std/src/StdChains.sol","lib/forge-std/src/StdCheats.sol","lib/forge-std/src/StdConstants.sol","lib/forge-std/src/StdJson.sol","lib/forge-std/src/StdMath.sol","lib/forge-std/src/StdStorage.sol","lib/forge-std/src/StdStyle.sol","lib/forge-std/src/StdUtils.sol","lib/forge-std/src/Vm.sol","lib/forge-std/src/console.sol","lib/forge-std/src/console2.sol","lib/forge-std/src/interfaces/IMulticall3.sol","lib/forge-std/src/safeconsole.sol","src/Signer.sol"],"versionRequirement":"^0.8.13","artifacts":{"DeploySigner":{"0.8.28":{"path":"Signer.s.sol/DeploySigner.json","build_id":"ba6cb45e3f480b3fd3e436a64152251f"}}},"seenByCompiler":true},"src/Signer.sol":{"lastModificationDate":1743601986921,"contentHash":"b4fad46b23303574f8c681c13f13a35f","sourceName":"src/Signer.sol","compilerSettings":{"solc":{"optimizer":{"enabled":true,"runs":200},"metadata":{"useLiteralContent":false,"bytecodeHash":"ipfs","appendCBOR":true},"outputSelection":{"*":{"*":["abi","evm.bytecode","evm.deployedBytecode","evm.methodIdentifiers","metadata"]}},"evmVersion":"paris","viaIR":false,"libraries":{}},"vyper":{"evmVersion":"paris","outputSelection":{"*":{"*":["abi","evm.bytecode","evm.deployedBytecode"]}}}},"imports":[],"versionRequirement":"^0.8.13","artifacts":{"Signer":{"0.8.28":{"path":"Signer.sol/Signer.json","build_id":"ba6cb45e3f480b3fd3e436a64152251f"}}},"seenByCompiler":true},"test/Signer.t.sol":{"lastModificationDate":1743601986921,"contentHash":"a3b9381a79bd6292e01da502fd99a9ce","sourceName":"test/Signer.t.sol","compilerSettings":{"solc":{"optimizer":{"enabled":true,"runs":200},"metadata":{"useLiteralContent":false,"bytecodeHash":"ipfs","appendCBOR":true},"outputSelection":{"*":{"*":["abi","evm.bytecode","evm.deployedBytecode","evm.methodIdentifiers","metadata"]}},"evmVersion":"paris","viaIR":false,"libraries":{}},"vyper":{"evmVersion":"paris","outputSelection":{"*":{"*":["abi","evm.bytecode","evm.deployedBytecode"]}}}},"imports":["lib/forge-std/src/Base.sol","lib/forge-std/src/StdAssertions.sol","lib/forge-std/src/StdChains.sol","lib/forge-std/src/StdCheats.sol","lib/forge-std/src/StdConstants.sol","lib/forge-std/src/StdError.sol","lib/forge-std/src/StdInvariant.sol","lib/forge-std/src/StdJson.sol","lib/forge-std/src/StdMath.sol","lib/forge-std/src/StdStorage.sol","lib/forge-std/src/StdStyle.sol","lib/forge-std/src/StdToml.sol","lib/forge-std/src/StdUtils.sol","lib/forge-std/src/Test.sol","lib/forge-std/src/Vm.sol","lib/forge-std/src/console.sol","lib/forge-std/src/console2.sol","lib/forge-std/src/interfaces/IMulticall3.sol","lib/forge-std/src/safeconsole.sol","src/Signer.sol"],"versionRequirement":"^0.8.13","artifacts":{"SignerTest":{"0.8.28":{"path":"Signer.t.sol/SignerTest.json","build_id":"ba6cb45e3f480b3fd3e436a64152251f"}}},"seenByCompiler":true}},"builds":["ba6cb45e3f480b3fd3e436a64152251f"]}