{
    "ad": "Andorra",
    "ae": "United Arab Emirates",
    "af": "Afghanistan",
    "ag": "Antigua and Barbuda",
    "ai": "Anguilla",
    "al": "Albania",
    "am": "Armenia",
    "ao": "Angola",
    "aq": "Antarctica",
    "ar": "Argentina",
    "as": "American Samoa",
    "at": "Austria",
    "au": "Australia",
    "aw": "Aruba",
    "ax": "Åland Islands",
    "az": "Azerbaijan",
    "ba": "Bosnia and Herzegovina",
    "bb": "Barbados",
    "bd": "Bangladesh",
    "be": "Belgium",
    "bf": "Burkina Faso",
    "bg": "Bulgaria",
    "bh": "Bahrain",
    "bi": "Burundi",
    "bj": "Benin",
    "bm": "Bermuda",
    "bn": "Brunei Darussalam",
    "bo": "Bolivia",
    "br": "Brazil",
    "bs": "Bahamas",
    "bt": "Bhutan",
    "bw": "Botswana",
    "by": "Belarus",
    "bz": "Belize",
    "ca": "Canada",
    "cc": "Cocos (Keeling) Islands",
    "cd": "Democratic Republic of the Congo",
    "cf": "Central African Republic",
    "cg": "Republic of the Congo",
    "ch": "Switzerland",
    "ci": "Cote d'Ivoire",
    "ck": "Cook Islands",
    "cl": "Chile",
    "cm": "Cameroon",
    "cn": "People's Republic of China",
    "co": "Colombia",
    "cr": "Costa Rica",
    "cu": "Cuba",
    "cv": "Cape Verde",
    "cw": "Curaçao",
    "cx": "Christmas Island",
    "cy": "Cyprus",
    "cz": "Czech Republic",
    "de": "Germany",
    "dj": "Djibouti",
    "dk": "Denmark",
    "dm": "Dominica",
    "do": "Dominican Republic",
    "dz": "Algeria",
    "ec": "Ecuador",
    "ee": "Estonia",
    "eg": "Egypt",
    "eh": "Western Sahara",
    "er": "Eritrea",
    "es": "Spain",
    "et": "Ethiopia",
    "eu": "European Union",
    "fi": "Finland",
    "fj": "Fiji",
    "fk": "Falkland Islands (Malvinas)",
    "fm": "Micronesia, Federated States of",
    "fo": "Faroe Islands",
    "fr": "France",
    "ga": "Gabon",
    "gb": "United Kingdom",
    "gd": "Grenada",
    "ge": "Georgia",
    "gg": "Guernsey",
    "gh": "Ghana",
    "gi": "Gibraltar",
    "gl": "Greenland",
    "gm": "Republic of The Gambia",
    "gn": "Guinea",
    "gq": "Equatorial Guinea",
    "gr": "Greece",
    "gs": "South Georgia and the South Sandwich Islands",
    "gt": "Guatemala",
    "gu": "Guam",
    "gw": "Guinea-Bissau",
    "gy": "Guyana",
    "hk": "Hong Kong",
    "hn": "Honduras",
    "hr": "Croatia",
    "ht": "Haiti",
    "hu": "Hungary",
    "id": "Indonesia",
    "ie": "Ireland",
    "il": "Israel",
    "im": "Isle of Man",
    "in": "India",
    "io": "British Indian Ocean Territory",
    "iq": "Iraq",
    "ir": "Islamic Republic of Iran",
    "is": "Iceland",
    "it": "Italy",
    "je": "Jersey",
    "jm": "Jamaica",
    "jo": "Jordan",
    "jp": "Japan",
    "ke": "Kenya",
    "kg": "Kyrgyzstan",
    "kh": "Cambodia",
    "ki": "Kiribati",
    "km": "Comoros",
    "kn": "Saint Kitts and Nevis",
    "kp": "North Korea",
    "kr": "South Korea",
    "kw": "Kuwait",
    "ky": "Cayman Islands",
    "kz": "Kazakhstan",
    "la": "Lao People's Democratic Republic",
    "lb": "Lebanon",
    "lc": "Saint Lucia",
    "li": "Liechtenstein",
    "lk": "Sri Lanka",
    "lr": "Liberia",
    "ls": "Lesotho",
    "lt": "Lithuania",
    "lu": "Luxembourg",
    "lv": "Latvia",
    "ly": "Libya",
    "ma": "Morocco",
    "md": "Moldova, Republic of",
    "me": "Montenegro",
    "mg": "Madagascar",
    "mh": "Marshall Islands",
    "mk": "The Republic of North Macedonia",
    "ml": "Mali",
    "mm": "Myanmar",
    "mn": "Mongolia",
    "mo": "Macao",
    "mp": "Northern Mariana Islands",
    "mr": "Mauritania",
    "ms": "Montserrat",
    "mt": "Malta",
    "mu": "Mauritius",
    "mv": "Maldives",
    "mw": "Malawi",
    "mx": "Mexico",
    "my": "Malaysia",
    "mz": "Mozambique",
    "na": "Namibia",
    "ne": "Niger",
    "nf": "Norfolk Island",
    "ng": "Nigeria",
    "ni": "Nicaragua",
    "nl": "Netherlands",
    "no": "Norway",
    "np": "Nepal",
    "nr": "Nauru",
    "nu": "Niue",
    "nz": "New Zealand",
    "om": "Oman",
    "pa": "Panama",
    "pe": "Peru",
    "pf": "French Polynesia",
    "pg": "Papua New Guinea",
    "ph": "Philippines",
    "pk": "Pakistan",
    "pl": "Poland",
    "pn": "Pitcairn",
    "pr": "Puerto Rico",
    "ps": "State of Palestine",
    "pt": "Portugal",
    "pw": "Palau",
    "py": "Paraguay",
    "qa": "Qatar",
    "ro": "Romania",
    "rs": "Serbia",
    "ru": "Russian Federation",
    "rw": "Rwanda",
    "sa": "Saudi Arabia",
    "sb": "Solomon Islands",
    "sc": "Seychelles",
    "sd": "Sudan",
    "se": "Sweden",
    "sg": "Singapore",
    "si": "Slovenia",
    "sk": "Slovakia",
    "sl": "Sierra Leone",
    "sm": "San Marino",
    "sn": "Senegal",
    "so": "Somalia",
    "sr": "Suriname",
    "ss": "South Sudan",
    "st": "Sao Tome and Principe",
    "sv": "El Salvador",
    "sx": "Sint Maarten (Dutch part)",
    "sy": "Syrian Arab Republic",
    "sz": "Eswatini",
    "tc": "Turks and Caicos Islands",
    "tf": "French Southern Territories",
    "tg": "Togo",
    "th": "Thailand",
    "tj": "Tajikistan",
    "tk": "Tokelau",
    "tl": "Timor-Leste",
    "tm": "Turkmenistan",
    "tn": "Tunisia",
    "to": "Tonga",
    "tr": "T\u00c3\u00bcrkiye",
    "tt": "Trinidad and Tobago",
    "tv": "Tuvalu",
    "tw": "Taiwan, Province of China",
    "tz": "United Republic of Tanzania",
    "ua": "Ukraine",
    "ug": "Uganda",
    "us": "United States of America",
    "uy": "Uruguay",
    "uz": "Uzbekistan",
    "va": "Holy See (Vatican City State)",
    "vc": "Saint Vincent and the Grenadines",
    "ve": "Venezuela",
    "vg": "Virgin Islands, British",
    "vi": "Virgin Islands, U.S.",
    "vn": "Vietnam",
    "vu": "Vanuatu",
    "wf": "Wallis and Futuna",
    "ws": "Samoa",
    "xk": "Kosovo",
    "ye": "Yemen",
    "za": "South Africa",
    "zm": "Zambia",
    "zw": "Zimbabwe"
}