calendar_day,temperature,windspeed,visibility,uv_index
32,-32,12,0,8
32,-31,17,9,6
32,-30,11,7,2
32,-29,25,0,3
32,-28,1,4,6
32,-27,12,3,4
32,-24,23,0,2
32,-23,4,9,9
32,86,17,4,5
32,87,14,1,2
32,88,6,8,5
32,89,31,3,1
32,90,29,9,5
32,91,2,0,1
32,92,32,7,1
32,93,7,8,9
32,94,16,7,5
32,97,3,5,5
32,98,25,4,4
32,99,13,7,1
32,100,16,4,1
32,101,20,0,1
32,102,32,0,7
32,105,3,7,4
32,106,20,3,4
32,107,8,3,8
32,108,19,4,6
32,109,11,0,7
32,110,30,5,4
32,111,2,2,7
32,112,22,7,5
32,113,6,9,8
33,-35,1,4,5
33,-34,9,1,1
33,-33,22,4,5
33,-32,34,3,3
33,-31,23,9,5
33,-30,15,4,7
33,-29,34,1,5
33,-28,13,5,1
33,-24,10,9,5
33,-23,16,1,2
33,-20,5,6,2
33,-19,21,6,7
33,86,19,9,1
33,87,15,7,5
33,88,8,5,1
33,89,14,2,6
33,90,18,8,9
33,91,33,1,7
33,92,22,9,8
33,93,19,4,3
33,94,19,1,2
33,97,32,3,4
33,98,14,2,9
33,99,21,7,1
33,100,34,4,9
33,101,20,5,6
33,102,17,0,4
33,105,31,4,8
33,106,1,8,5
33,107,31,6,3
33,108,24,9,1
33,109,30,7,7
33,110,34,7,6
33,111,33,2,7
33,112,17,4,7
33,113,18,2,2
34,-36,29,3,4
34,-35,32,1,5
34,-34,23,9,7
34,-33,9,8,6
34,-32,1,9,7
34,-31,28,7,9
34,-30,23,5,6
34,-29,27,8,3
34,-23,18,1,4
34,-20,34,7,6
34,-19,26,2,6
34,-18,7,9,1
34,-17,21,9,5
34,14,22,8,7
34,15,9,0,1
34,16,9,6,4
34,17,32,7,1
34,18,4,7,1
34,19,7,3,3
34,20,18,8,6
34,21,15,1,1
34,22,29,7,2
34,23,4,8,3
34,24,26,3,9
34,25,18,0,4
34,26,3,6,7
34,27,21,1,2
34,28,34,0,4
34,29,15,5,3
34,32,7,5,9
34,33,2,5,3
34,34,24,4,6
34,35,26,3,2
34,36,24,8,4
34,37,13,4,6
34,38,14,0,4
34,39,7,3,9
34,42,4,5,9
34,43,26,0,9
34,44,31,4,1
34,86,10,7,4
34,87,30,9,3
34,88,20,7,2
34,89,15,4,4
34,90,12,4,5
34,91,3,5,1
34,92,13,1,3
34,93,21,8,8
34,94,31,3,6
34,97,25,2,9
34,98,8,4,4
34,99,24,5,8
34,100,32,8,2
34,101,12,9,2
34,102,1,0,7
34,105,34,3,1
34,106,22,8,9
34,107,16,5,1
34,108,10,9,7
34,109,9,7,7
34,110,2,2,9
34,111,25,6,1
34,112,13,2,7
34,113,25,1,7
35,-38,22,0,3
35,-37,26,1,6
35,-36,10,7,2
35,-35,1,1,1
35,-34,7,5,9
35,-32,34,7,1
35,-31,11,0,5
35,-30,18,6,5
35,-29,33,3,4
35,-19,17,2,8
35,-18,11,6,9
35,-17,4,0,3
35,-16,29,6,9
35,14,13,6,6
35,15,31,0,3
35,16,29,7,8
35,17,19,7,8
35,18,3,9,7
35,19,19,2,1
35,20,8,8,2
35,21,28,6,8
35,22,7,5,2
35,23,27,6,1
35,24,5,7,1
35,25,9,9,6
35,26,28,1,5
35,27,9,4,5
35,28,34,5,1
35,29,21,9,5
35,32,30,6,2
35,33,8,1,5
35,34,30,6,1
35,35,28,1,3
35,36,20,8,1
35,37,33,7,3
35,38,33,2,6
35,39,1,9,7
35,42,28,0,6
35,43,9,2,6
35,44,11,7,8
35,86,1,7,6
35,87,12,0,1
35,88,3,1,5
35,111,34,7,7
35,112,30,1,9
35,113,2,4,6
36,-38,6,3,1
36,-37,21,7,7
36,-36,19,7,6
36,-31,30,2,4
36,-30,8,8,3
36,-29,24,9,2
36,-17,33,3,8
36,-16,28,2,9
36,-15,7,2,5
36,23,5,1,5
36,24,30,9,6
36,25,32,5,1
36,38,22,7,7
36,39,28,5,9
36,86,3,9,1
36,87,12,0,3
36,88,24,1,8
36,111,11,5,5
36,112,5,4,3
36,113,27,7,9
37,-39,24,8,3
37,-38,22,9,8
37,-37,2,4,4
37,-30,34,7,5
37,-29,27,6,6
37,-28,17,6,5
37,-16,31,9,1
37,-15,22,7,7
37,-14,9,8,3
37,23,17,5,2
37,24,4,8,4
37,25,20,3,2
37,39,22,7,8
37,86,5,8,4
37,87,27,5,2
37,88,4,6,8
37,111,9,9,1
37,112,26,5,9
37,113,11,3,7
38,-39,29,8,4
38,-38,32,6,7
38,-37,19,9,4
38,-30,14,2,2
38,-29,23,9,4
38,-28,24,1,5
38,-16,15,3,3
38,-15,31,8,3
38,-14,26,2,6
38,23,18,9,3
38,24,4,3,3
38,42,32,1,5
39,-40,5,6,3
39,-39,26,3,8
39,-38,23,6,9
39,-29,10,9,1
39,-28,21,6,1
39,-15,21,0,3
39,-14,21,2,3
40,87,9,1,8
40,88,30,7,1
40,111,29,2,3
40,112,33,6,2
40,113,4,7,5
41,23,25,9,7
41,24,28,4,6
41,25,32,6,7
41,42,17,9,8
41,43,18,1,3
41,87,32,2,4
41,88,1,3,3
41,111,2,2,5
41,112,21,8,8
42,-40,33,9,1
42,-39,17,3,4
42,-38,5,0,1
42,-25,8,5,2
42,-15,16,5,5
42,-14,15,4,1
42,-13,26,9,6
42,23,19,8,6
42,24,26,7,4
42,25,31,8,1
42,42,9,8,2
42,43,16,5,9
42,44,32,2,7
42,87,3,6,2
42,88,1,1,1
42,111,16,6,3
42,112,23,1,9
43,-39,25,1,3
43,-38,3,7,7
43,-25,8,4,4
43,-24,13,3,3
43,-15,23,1,6
43,-14,2,0,1
43,24,16,1,7
43,25,15,6,2
43,42,25,0,7
43,43,19,5,6
43,44,33,5,9
43,87,16,3,8
43,88,11,3,6
43,89,6,1,8
43,110,17,7,1
43,111,13,4,4
43,112,11,2,4
44,-39,16,5,2
44,-38,29,6,8
44,-37,2,3,4
44,-25,26,3,8
44,-24,9,0,6
44,-23,29,9,3
44,-16,11,4,3
44,-15,25,9,1
44,-14,10,8,3
44,24,16,8,7
44,25,26,7,3
44,42,19,6,6
44,43,28,4,9
44,44,1,6,9
44,88,25,9,8
44,89,10,0,9
44,110,22,6,2
44,111,11,1,7
44,112,5,7,9
45,-39,14,8,6
45,-38,3,2,4
45,-37,9,5,8
45,-25,31,8,8
45,-24,27,7,5
45,-16,18,4,7
45,-15,26,7,8
45,-14,13,4,7
45,24,20,6,1
45,25,21,4,5
45,26,22,0,4
45,42,8,7,4
45,43,20,6,2
45,88,24,1,1
45,89,1,0,9
45,90,7,3,5
45,109,23,4,3
45,110,8,8,2
45,111,9,0,9
46,-38,10,1,8
46,-37,13,6,9
46,-36,34,2,8
46,-24,4,8,2
46,-17,9,6,8
46,-16,20,2,2
46,-15,30,6,8
46,25,15,9,9
46,26,25,8,2
46,27,1,7,7
46,41,31,6,7
46,42,4,5,8
46,43,26,8,7
46,89,3,9,6
46,90,19,1,3
46,91,23,5,1
46,108,23,1,4
46,109,31,2,3
46,110,18,6,1
46,111,20,5,1
47,-37,32,0,5
47,-36,13,1,7
47,-35,2,9,8
47,-34,11,3,9
47,-20,31,8,1
47,-19,5,1,2
47,-18,7,7,8
47,-17,5,1,4
47,-16,30,8,7
47,26,22,5,6
47,27,1,9,5
47,28,28,2,8
47,29,13,8,8
47,41,33,4,7
47,42,33,9,5
47,89,4,1,7
47,90,14,2,9
47,91,24,3,7
47,92,27,0,2
47,93,25,3,4
47,107,28,2,8
47,108,24,3,4
47,109,2,6,1
47,110,23,1,8
48,-36,25,4,4
48,-35,29,7,3
48,-34,3,8,2
48,-33,33,1,3
48,-32,13,8,5
48,-31,4,7,2
48,-30,23,9,6
48,-29,18,5,7
48,-25,4,2,8
48,-24,29,2,4
48,-21,10,5,6
48,-20,23,8,2
48,-19,5,5,9
48,-18,17,6,3
48,-17,6,5,1
48,27,10,5,3
48,28,27,4,4
48,29,14,4,7
48,32,29,5,4
48,33,24,1,9
48,34,20,7,8
48,35,1,7,7
48,36,22,0,3
48,37,24,4,6
48,38,32,8,9
48,41,8,5,1
48,91,32,4,7
48,92,29,9,7
48,93,5,7,8
48,96,28,0,8
48,97,19,8,7
48,104,26,0,4
48,105,16,1,8
48,106,20,3,9
48,107,13,7,2
48,108,17,7,7
48,109,17,1,9
49,-34,22,7,7
49,-33,10,5,2
49,-32,23,7,5
49,-31,29,6,1
49,-30,18,0,9
49,-29,1,6,6
49,-25,13,4,7
49,-24,8,2,7
49,-21,33,4,9
49,-20,9,2,2
49,-19,32,0,7
49,29,33,0,9
49,32,27,7,6
49,33,33,9,2
49,34,1,3,7
49,35,7,6,4
49,36,27,7,7
49,37,34,7,2
49,38,8,9,8
49,92,21,3,7
49,93,27,1,3
49,96,6,4,4
49,97,24,2,1
49,98,17,1,6
49,99,20,6,1
49,100,5,1,4
49,104,24,3,9
49,105,8,6,2
49,106,12,9,2
49,107,16,5,7
49,108,17,8,1
50,-31,34,8,9
50,-30,11,4,7
50,-29,24,7,8
50,-26,26,2,1
50,-25,34,6,7
50,-24,19,1,4
50,33,34,0,6
50,34,26,9,3
50,35,32,1,2
50,96,27,0,3
50,97,29,9,1
50,98,11,4,6
50,99,34,6,4
50,100,20,6,1
50,103,29,9,9
50,104,4,2,7
50,105,25,6,3
57,-26,29,9,7
57,45,2,0,8
57,89,23,6,3
57,90,29,6,9
57,91,7,6,9
57,92,16,9,6
58,-40,3,5,5
58,-39,26,9,3
58,-38,3,4,8
58,-37,18,9,9
58,-36,16,5,7
58,-35,18,0,4
58,-34,19,0,5
58,-33,24,8,5
58,-32,19,9,6
58,-31,31,3,1
58,-30,15,9,4
58,-29,26,4,5
58,-26,11,4,1
58,-25,34,2,3
58,-24,10,5,7
58,-21,21,6,4
58,-20,7,7,3
58,-19,5,7,2
58,23,26,2,8
58,24,26,6,4
58,25,25,9,7
58,44,34,6,3
58,45,20,3,9
58,46,18,9,4
58,88,32,0,2
58,89,5,7,4
58,90,23,0,6
58,91,16,0,8
58,92,6,7,4
58,95,21,2,4
59,-40,12,9,8
59,-39,23,7,7
59,-38,29,6,5
59,-37,7,0,9
59,-36,20,7,3
59,-35,22,0,9
59,-34,19,3,2
59,-33,3,0,7
59,-32,7,7,7
59,-31,9,7,6
59,-30,32,4,2
59,-29,2,0,3
59,-26,27,9,7
59,-25,7,3,1
59,-24,3,8,9
59,-21,30,3,4
59,-20,15,9,1
59,-19,17,4,4
59,23,10,7,4
59,24,27,3,4
59,25,22,7,4
59,45,3,9,8
59,46,29,0,6
59,87,4,2,7
59,88,8,7,7
59,89,5,1,7
59,90,2,2,1
59,91,17,1,5
59,92,12,4,1
59,95,2,8,2
59,96,10,7,9
59,104,14,0,1
59,105,26,8,4
60,-25,14,3,1
60,-24,31,7,3
60,23,7,7,2
60,24,20,9,5
60,25,4,6,9
60,45,7,9,4
60,46,12,7,7
60,47,13,4,2
60,87,2,8,4
60,88,15,8,2
60,89,34,5,8
60,95,16,4,1
60,96,28,4,9
60,97,22,5,6
60,104,9,8,2
60,105,15,4,1
60,106,19,4,8
61,-24,17,1,1
61,23,21,2,1
61,24,15,8,1
61,25,7,3,3
61,46,1,1,5
61,47,29,5,7
61,48,15,0,1
61,86,17,7,6
61,87,34,9,5
61,88,2,1,6
61,96,4,4,1
61,97,6,1,5
61,105,1,3,4
61,106,8,9,7
62,-21,5,7,2
62,23,14,6,2
62,24,13,2,2
62,25,32,6,7
62,47,21,5,5
62,48,12,8,8
62,86,1,4,3
62,87,9,4,9
62,88,30,7,7
62,96,17,5,3
62,97,6,1,5
62,105,9,6,8
62,106,26,0,4
63,-21,13,7,7
63,-20,4,7,3
63,23,34,5,7
63,24,27,9,1
63,25,31,4,6
63,47,5,4,4
63,48,24,9,4
63,49,10,9,3
63,86,10,5,8
63,87,16,5,9
63,88,16,6,2
63,96,6,0,7
63,97,26,8,3
63,98,22,7,4
63,105,14,8,7
63,106,25,4,7
64,-21,24,2,8
64,-20,18,6,2
64,23,10,7,7
64,24,1,1,2
64,25,33,7,8
66,35,9,6,9
66,36,4,4,1
66,37,10,6,7
66,41,26,1,5
66,42,26,8,4
66,43,8,5,7
66,44,31,5,8
66,45,28,1,2
66,46,17,3,6
66,47,4,2,1
66,48,20,9,1
66,49,31,7,5
66,50,33,2,8
66,87,2,4,9
66,88,17,0,2
66,96,26,2,5
66,97,18,4,7
66,98,14,4,8
66,105,2,6,8
66,106,19,4,6
66,107,4,8,2
67,-21,24,1,5
67,-20,26,2,4
67,-19,24,6,2
67,23,1,5,5
67,24,23,5,4
67,25,30,7,5
67,27,3,9,4
67,28,22,2,7
67,31,9,5,3
67,32,30,8,9
67,33,4,7,3
67,34,8,9,1
67,35,28,2,1
67,36,1,9,6
67,37,22,5,1
67,41,28,7,7
67,42,24,6,6
67,43,7,5,3
67,44,14,7,1
67,45,2,4,1
67,46,1,6,8
67,47,29,7,7
67,48,16,6,3
67,49,29,8,7
67,50,16,5,1
67,87,8,4,5
67,88,28,9,9
67,89,14,3,9
67,96,4,7,4
67,97,27,6,6
67,98,33,4,7
67,105,23,9,8
67,106,4,8,9
67,107,20,5,8
68,-21,24,6,8
68,-20,28,0,1
68,-19,3,2,7
68,23,2,6,3
68,24,6,3,2
68,25,9,3,2
68,88,1,8,3
68,89,20,2,6
68,96,15,6,8
68,97,20,6,9
68,98,10,8,4
68,105,24,2,9
68,106,4,8,2
69,-22,33,7,9
69,-21,25,2,7
69,-20,3,7,2
69,23,16,9,7
69,24,12,5,9
69,25,29,2,8
69,89,31,5,4
69,90,17,7,7
69,96,22,7,7
69,97,32,3,8
69,98,32,1,1
69,104,1,6,9
69,105,19,1,2
69,106,12,3,1
70,-22,30,8,9
70,-21,5,5,3
70,-20,21,7,7
70,23,26,3,2
70,24,6,4,2
70,25,11,5,8
70,89,11,2,5
70,90,18,2,5
70,91,1,9,6
70,96,11,1,8
70,97,4,6,5
70,98,34,4,8
70,103,7,4,2
70,104,3,5,8
70,105,28,9,9
70,106,23,4,9
71,-40,26,4,5
71,-39,14,5,9
71,-38,8,1,6
71,-37,14,8,1
71,-36,3,2,1
71,-35,23,0,4
71,-34,33,5,3
71,-33,27,2,5
71,-32,10,1,7
71,-31,31,0,5
71,-30,34,9,7
71,-27,14,1,1
71,-26,15,1,9
71,-25,23,7,4
71,-22,2,1,9
71,-21,16,4,9
71,23,13,3,4
71,24,14,6,6
71,25,24,1,5
71,86,21,1,7
71,87,32,4,9
71,88,22,2,8
71,89,21,1,6
71,90,20,0,5
71,91,5,2,8
71,92,30,0,2
71,95,12,1,7
71,96,5,9,6
71,97,30,1,2
71,98,24,8,7
71,99,9,3,2
71,102,15,1,2
71,103,19,7,5
71,104,15,3,4
71,105,23,3,5
72,-40,4,4,8
72,-39,24,7,5
72,-38,31,9,7
72,-37,12,0,5
72,-36,9,8,5
72,-35,32,3,5
72,-34,20,1,9
72,-33,21,5,8
72,-32,31,1,9
72,-31,3,0,2
72,-30,9,1,4
72,-27,8,4,2
72,-26,17,4,3
72,-25,29,7,4
72,-22,5,2,3
72,23,1,1,9
72,24,14,1,7
72,25,30,1,7
72,86,9,0,1
72,87,4,1,9
72,88,4,0,9
72,89,4,5,4
72,90,7,6,1
72,91,33,5,6
72,92,32,6,6
72,95,13,7,6
72,96,23,2,9
72,97,25,8,9
72,98,20,3,9
72,99,5,3,4
72,102,33,6,7
72,103,17,4,7
72,104,20,8,8
73,-40,4,6,1
73,-39,33,7,5
73,-38,33,1,2
73,-37,27,8,6
73,-36,27,8,3
73,-35,31,8,3
73,-34,13,6,7
73,-33,5,8,9
73,-32,14,9,7
73,-31,10,3,8
73,-30,3,2,3
73,-27,25,6,9
73,23,2,4,8
73,24,7,0,8
73,25,8,0,3
78,-49,20,5,5
78,-48,30,0,6
78,-47,5,3,8
79,-49,29,8,1
79,-48,14,3,4
79,-47,1,8,4
79,103,18,8,7
79,104,7,8,8
79,105,30,5,1
79,106,22,9,6
79,107,13,9,5
80,-49,19,5,9
80,-48,26,7,8
80,-47,19,4,3
80,31,17,0,8
80,32,14,1,7
80,33,30,3,1
80,34,24,3,3
80,35,29,5,9
80,36,11,1,1
80,37,2,5,7
80,40,32,5,7
80,41,34,9,2
80,97,32,0,5
80,98,30,0,7
80,101,33,2,3
80,102,33,0,2
80,103,3,8,5
80,104,23,7,6
80,105,24,7,7
80,106,32,7,1
80,107,14,4,7
81,-49,14,5,4
81,-48,26,7,9
81,-47,18,5,1
81,30,4,4,4
81,31,2,0,9
81,32,3,1,1
81,33,29,7,7
81,34,19,3,1
81,35,15,5,6
81,36,18,6,5
81,37,31,2,5
81,40,30,1,9
81,41,13,0,8
81,42,24,6,3
81,43,6,8,4
81,44,30,7,2
81,89,21,5,1
81,90,20,6,6
81,91,31,5,9
81,94,8,1,1
81,95,27,7,3
81,96,18,9,7
81,97,27,5,6
81,98,6,2,8
81,101,30,2,8
81,102,34,1,6
81,103,34,3,1
81,104,29,1,8
82,-49,28,7,4
82,-48,22,8,6
82,-47,2,3,7
82,27,32,8,7
82,30,29,0,8
82,31,28,4,6
82,32,11,4,5
82,33,28,4,6
82,34,20,0,8
82,40,31,9,7
82,41,14,3,6
82,42,4,6,8
82,43,27,3,2
82,44,23,9,5
82,45,12,9,4
82,46,27,4,4
82,86,4,4,6
82,87,2,0,4
82,88,29,7,7
82,89,16,6,1
82,90,22,8,5
82,91,32,6,3
82,94,27,2,7
82,95,8,3,1
82,96,4,0,7
83,-49,16,5,9
83,-48,25,6,2
83,-47,17,8,1
83,25,33,0,2
83,26,20,2,6
83,27,25,0,7
83,31,30,9,6
83,32,19,2,6
83,33,9,3,1
83,34,1,3,9
83,44,34,1,7
83,45,16,5,4
83,46,32,7,2
83,47,19,5,9
83,86,25,0,1
83,87,22,4,3
83,88,8,7,3
83,89,23,6,2
84,-49,34,1,4
84,-48,15,9,9
84,-47,18,7,1
84,25,18,4,4
84,26,5,8,6
84,27,4,2,6
84,32,20,8,8
84,33,19,9,4
84,34,3,5,1
84,46,28,2,4
84,47,12,3,7
84,48,14,7,9
84,86,25,7,2
84,87,3,6,1
84,88,5,5,4
84,89,27,0,1
85,-49,29,9,6
85,-48,24,6,2
85,-47,4,4,1
85,24,27,1,6
85,25,31,8,3
85,26,34,9,8
85,33,27,5,5
85,34,9,2,5
85,35,7,6,2
85,47,4,8,2
85,48,10,7,9
85,49,32,1,5
85,88,3,3,2
85,89,20,7,2
85,90,27,9,2
85,91,33,8,8
86,-49,19,1,6
86,-48,21,2,7
86,-47,5,8,4
86,24,4,7,4
86,25,29,6,3
86,26,8,7,5
86,33,3,9,7
86,34,26,6,6
86,35,20,9,5
86,47,31,0,9
86,48,8,7,2
86,49,8,5,7
87,-49,31,8,2
87,-48,23,6,6
87,-47,3,2,8
88,-49,13,9,7
88,-48,30,0,1
88,-47,2,2,6
88,97,7,9,8
88,100,23,4,7
88,101,14,7,2
89,24,28,4,7
89,36,26,7,6
89,48,11,4,6
89,49,27,7,2
89,50,25,5,5
89,100,6,5,1
89,101,29,0,8
89,102,11,8,5
90,23,19,4,2
90,24,11,9,2
90,25,2,9,4
90,36,21,8,1
90,48,16,2,8
90,49,18,0,1
90,50,9,1,7
90,96,21,3,6
90,97,5,3,5
90,100,16,5,1
90,101,5,0,6
91,-49,9,7,8
91,-48,5,0,8
91,-47,14,2,2
91,24,33,5,1
91,25,22,7,2
91,39,12,3,7
91,48,12,2,9
91,49,16,3,6
91,94,17,6,8
91,95,1,7,3
91,96,13,1,6
91,97,33,0,6
92,-49,33,5,1
92,-48,30,9,6
92,-47,21,4,1
92,24,19,6,8
92,25,1,5,6
92,26,31,6,5
92,39,1,4,1
92,40,22,5,9
92,47,24,4,5
92,48,5,5,2
92,49,16,6,1
92,90,9,0,8
92,91,2,7,8
92,94,7,0,5
92,95,29,7,1
93,-49,24,1,9
93,-48,29,7,2
93,-47,6,9,7
93,24,16,9,3
93,25,14,0,6
93,26,34,9,2
93,39,10,0,3
93,40,16,3,8
93,47,2,6,4
93,48,12,4,1
93,49,24,8,9
93,87,8,5,4
93,88,16,6,2
93,89,14,7,2
93,90,24,0,9
94,-49,6,2,6
94,-48,17,4,1
94,-47,32,9,9
94,25,21,8,1
94,26,12,2,3
94,39,9,4,7
94,40,8,5,9
94,41,15,2,1
94,46,20,5,2
94,47,3,4,6
94,48,10,8,1
94,86,9,9,4
94,87,20,8,4
94,88,19,2,5
94,89,31,9,7
95,-49,33,5,8
95,-48,15,4,9
95,-47,21,5,4
95,26,10,0,3
95,40,31,6,8
95,41,2,3,1
95,42,18,2,8
95,43,12,1,2
95,44,10,3,1
95,45,30,9,5
95,46,6,1,7
95,47,13,5,8
95,86,27,0,2
95,87,10,8,1
95,88,34,2,3
95,89,7,9,6
96,-49,33,6,6
96,-48,28,8,7
96,-47,17,1,1
96,30,10,6,3
96,31,15,3,5
96,32,7,4,8
96,33,34,3,9
96,34,32,8,4
96,39,19,9,9
96,40,27,5,2
96,41,31,6,6
96,42,3,9,3
96,43,13,4,7
96,44,3,8,2
96,45,8,0,7
96,46,20,4,5
96,86,4,9,3
96,87,29,1,1
96,88,15,3,3
96,89,14,8,6
96,90,9,7,3
96,93,27,8,7
96,94,16,4,3
96,95,27,9,4
97,-49,21,4,6
97,-48,24,8,6
97,-47,10,2,8
97,29,29,7,6
97,30,8,2,5
97,31,32,2,2
97,32,31,4,5
97,33,30,6,2
97,34,29,2,8
97,35,3,7,9
97,36,6,7,7
97,39,33,5,2
97,40,2,3,9
97,41,20,2,6
97,42,3,1,2
97,43,26,3,7
97,44,1,7,7
97,90,20,9,8
97,93,24,5,6
97,94,26,0,6
97,95,17,6,7
97,96,15,3,9
97,97,24,9,8
97,100,28,9,1
97,101,20,3,3
97,102,33,6,2
97,103,17,8,8
97,104,23,9,4
97,105,8,2,5
98,-49,31,5,2
98,-48,8,0,3
98,-47,6,4,8
98,32,9,1,1
98,33,22,6,4
98,34,1,8,9
98,35,28,6,7
98,36,21,8,5
98,39,26,7,3
98,40,21,6,7
98,41,18,9,7
98,97,9,2,3
98,100,26,2,3
98,101,22,1,3
98,102,6,4,8
98,103,6,6,1
98,104,15,5,3
98,105,25,1,4
98,106,12,7,7
98,107,3,7,4
99,-49,22,2,4
99,-48,9,5,9
99,-47,3,1,5
99,104,12,5,5
99,105,13,1,9
99,106,17,0,1
99,107,25,4,8
100,-49,21,5,1
100,-48,34,6,5
100,-47,9,2,7
103,-21,25,3,7
103,-20,12,5,3
103,-19,30,4,5
103,42,19,0,4
103,43,21,2,4
103,44,26,8,3
104,-21,33,7,5
104,-20,11,2,8
104,-19,11,7,5
104,42,25,4,3
104,43,13,5,7
104,44,12,0,8
104,81,10,2,8
104,82,8,8,4
104,83,5,5,7
104,84,17,6,1
105,-21,31,8,4
105,-20,12,8,7
105,-19,18,9,6
105,42,8,0,7
105,43,16,8,1
105,44,12,4,3
105,79,24,2,8
105,80,11,8,1
105,81,1,6,4
105,82,32,1,5
105,83,23,0,3
105,84,5,8,3
105,85,13,0,1
105,89,3,5,4
105,90,28,3,6
105,100,6,7,9
105,101,32,4,8
106,-21,34,8,7
106,-20,17,0,4
106,-19,2,2,3
106,42,7,8,9
106,43,11,4,8
106,44,18,0,7
106,79,13,5,4
106,80,31,5,6
106,81,4,2,4
106,82,6,9,9
106,83,19,7,9
106,84,34,9,3
106,85,24,5,6
106,86,29,8,8
106,88,16,0,4
106,89,31,9,8
106,90,24,4,1
106,93,1,8,3
106,94,21,7,2
106,96,6,9,9
106,99,21,4,2
106,100,21,8,4
106,101,15,3,6
106,102,29,7,9
106,103,28,2,8
107,-21,13,1,4
107,-20,33,8,3
107,-19,20,9,5
107,42,24,0,1
107,43,26,6,6
107,44,9,7,5
107,78,15,6,5
107,79,17,6,8
107,80,15,8,6
107,85,23,6,7
107,86,29,5,6
107,87,31,0,2
107,88,30,1,1
107,89,11,0,3
107,93,20,3,2
107,94,2,9,8
107,95,22,2,2
107,96,8,5,3
107,99,7,2,3
107,100,10,1,3
107,101,13,2,3
107,102,8,2,7
107,103,20,6,9
107,104,1,4,5
107,105,11,0,7
108,-21,34,9,4
108,-20,19,0,8
108,-19,28,7,5
108,42,20,3,5
108,43,9,6,2
108,44,5,8,6
108,78,22,7,5
108,79,19,7,8
108,86,14,3,7
108,87,17,4,7
108,88,17,4,3
108,89,15,6,6
108,94,5,8,5
108,95,23,1,4
108,96,27,5,9
108,103,6,5,7
108,104,4,8,2
108,105,32,3,5
109,-34,23,3,3
109,-33,33,7,1
109,-30,29,2,5
109,-29,16,8,6
109,-28,6,9,2
109,-27,31,4,7
109,-24,18,3,4
109,-23,20,0,2
109,-22,34,5,6
109,-21,10,8,2
109,-20,31,1,6
109,-19,31,2,2
109,-18,33,3,2
109,-17,2,1,1
109,-16,8,8,9
109,-15,15,7,9
109,-14,15,4,5
109,-13,10,4,8
109,29,24,0,2
109,30,13,2,6
109,31,14,9,7
109,32,16,4,8
109,33,28,3,2
109,34,30,5,8
109,35,13,2,3
109,39,17,8,1
109,40,5,5,2
109,41,33,2,1
109,42,2,9,4
109,43,10,8,1
109,44,24,1,4
109,45,17,0,2
109,46,30,4,3
109,47,6,5,4
109,48,27,3,8
109,49,33,5,1
109,50,29,3,6
109,78,26,3,5
109,79,30,2,6
109,86,30,5,2
109,87,33,1,1
109,88,13,6,1
109,94,18,9,8
109,95,15,4,7
109,96,24,1,2
109,104,22,9,8
109,105,6,6,5
109,106,23,2,7
110,-37,32,7,5
110,-36,18,0,2
110,-35,11,4,3
110,-34,1,0,5
110,-33,13,1,7
110,-30,19,1,5
110,-29,16,9,1
110,-28,4,8,7
110,-27,22,9,1
110,-24,6,8,5
110,-23,18,0,3
110,-22,32,6,4
110,-21,8,0,3
110,-20,31,9,6
110,-19,11,3,3
110,-18,15,4,2
110,-17,30,8,5
110,-16,30,5,9
110,-15,23,1,6
110,-14,25,5,7
110,-13,18,5,2
110,26,34,2,4
110,29,32,3,5
110,30,31,3,8
110,31,25,3,9
110,32,15,0,2
110,33,33,2,6
110,34,4,2,2
110,35,21,1,7
110,39,16,3,1
110,40,4,6,6
110,41,2,8,1
110,42,3,0,4
110,43,16,7,5
110,44,25,2,5
110,45,30,1,4
110,46,5,9,5
110,47,24,7,9
110,48,25,0,8
110,49,12,4,3
110,50,20,3,8
110,78,19,7,6
110,79,30,3,6
110,87,29,4,6
110,88,27,3,3
110,94,7,4,6
110,95,13,5,7
110,105,8,3,9
110,106,20,3,2
111,-38,34,8,1
111,-37,3,0,7
111,-36,12,2,4
111,-35,4,0,4
111,-34,8,7,5
111,-33,21,5,2
111,-30,4,0,9
111,-29,9,6,3
111,-28,11,1,7
111,-27,17,1,1
111,-24,2,8,1
111,-23,34,7,5
111,-22,10,3,6
111,-21,8,2,3
111,-20,33,1,6
111,-19,12,5,2
111,-18,22,1,4
111,-17,24,2,9
111,-16,2,8,7
111,-15,7,5,1
111,-14,2,3,3
111,-13,9,8,8
111,25,30,1,5
111,26,14,1,4
111,29,31,9,3
111,30,17,9,5
111,31,21,7,5
111,32,22,4,5
111,33,3,3,5
111,34,25,8,8
111,35,22,4,6
111,39,10,2,4
111,40,24,9,7
111,41,14,1,1
111,42,24,5,7
111,43,6,3,3
111,44,28,8,4
111,45,14,9,1
111,46,5,1,2
111,47,32,0,1
111,48,31,3,9
111,49,10,3,1
111,50,31,5,1
111,77,34,6,8
111,78,18,3,4
111,79,19,4,3
111,87,10,7,1
111,88,17,3,4
111,93,3,1,7
111,94,3,7,7
111,95,31,5,4
111,105,29,1,7
111,106,18,6,2
111,107,27,9,6
112,24,13,9,1
112,25,21,1,2
112,26,25,2,6
112,42,4,2,9
112,43,16,5,2
112,44,26,7,5
112,77,31,0,2
112,78,19,8,5
112,79,21,2,6
112,87,22,6,1
112,88,2,0,4
112,93,1,7,5
112,94,7,1,5
112,95,33,3,4
112,105,9,1,2
112,106,6,3,7
112,107,16,0,6
113,42,29,1,7
113,43,17,8,8
113,44,4,2,3
113,77,32,6,8
113,78,17,8,8
113,79,24,3,6
113,87,31,5,3
113,88,15,6,2
113,93,24,9,2
113,94,16,9,4
113,95,23,5,6
113,105,28,0,7
113,106,15,9,3
113,107,20,9,4
114,-39,5,6,2
114,-38,1,9,8
114,-21,4,9,2
114,-20,16,8,5
114,-19,32,4,3
114,87,3,6,5
114,88,25,0,2
114,93,13,1,3
114,94,24,4,6
114,95,4,6,9
114,105,2,2,8
114,106,12,7,5
114,107,4,3,3
115,-40,17,2,8
115,-39,32,3,4
115,-38,34,8,8
115,-21,13,0,3
115,-20,24,0,6
115,-19,19,9,9
115,23,4,1,1
115,24,29,6,7
115,25,8,0,3
116,-40,28,3,5
116,-39,20,3,4
116,-38,12,7,7
116,-21,16,2,3
116,-20,2,7,9
116,-19,25,2,9
116,23,11,3,1
116,24,5,8,7
116,25,18,9,4
116,42,4,0,1
116,43,16,6,1
116,44,31,7,4
117,-40,8,0,5
117,-39,11,6,3
117,-38,5,0,3
117,-21,14,2,3
117,-20,29,7,8
117,-19,26,5,8
117,23,3,6,4
117,24,10,1,4
117,25,34,1,1
117,42,6,7,6
117,43,34,2,3
117,44,29,5,8
117,78,14,9,5
117,79,21,4,9
117,86,16,5,3
117,87,5,6,2
117,88,15,0,7
117,94,29,0,4
117,95,28,6,6
117,103,9,5,5
117,104,23,2,5
117,105,16,2,3
117,106,32,9,9
117,107,28,4,4
118,-40,19,9,2
118,-39,21,7,2
118,-38,4,6,1
118,-21,10,4,8
118,-20,23,7,1
118,-19,1,1,7
118,23,1,5,5
118,24,20,4,8
118,25,5,9,1
118,42,16,2,3
118,43,18,7,5
118,44,4,0,7
118,78,1,1,1
118,79,8,6,6
118,80,20,9,9
118,86,16,5,3
118,87,17,1,5
118,88,13,1,7
118,95,14,2,3
118,98,1,8,3
118,99,1,3,9
118,101,8,7,6
118,102,4,5,2
118,103,11,2,6
118,104,16,1,5
118,105,33,4,1
118,106,30,7,4
118,107,33,6,7
119,-39,28,3,7
119,-38,19,0,2
119,-21,3,3,2
119,-20,4,7,9
119,-19,19,1,7
119,24,23,0,1
119,25,26,5,6
119,42,28,3,8
119,43,11,5,6
119,44,2,3,5
119,79,7,9,3
119,80,12,2,8
119,85,34,1,6
119,86,17,7,1
119,87,5,2,9
119,98,22,9,9
119,99,9,3,9
119,100,17,1,3
119,101,10,8,8
119,102,30,6,4
119,103,26,1,1
119,104,29,0,1
119,105,28,0,7
119,106,13,7,4
119,107,9,0,1
120,-39,16,4,2
120,-38,30,3,6
120,-21,13,9,2
120,-20,8,3,1
120,-19,11,9,3
120,24,25,3,3
120,25,5,3,5
120,42,32,6,1
120,43,16,8,8
120,44,28,0,3
120,79,20,3,2
120,80,24,2,6
120,81,11,9,7
120,82,16,6,3
120,83,20,2,7
120,84,30,2,1
120,85,1,3,4
120,86,9,2,2
120,87,31,6,8
120,98,16,3,1
120,99,30,3,7
120,100,30,9,4
120,101,17,7,6
120,102,17,9,7
120,105,32,8,6
120,106,9,1,2
120,107,1,8,3
121,-39,12,2,5
121,-38,2,0,9
121,-21,25,6,4
121,-20,27,7,2
121,-19,31,2,4
121,24,12,3,4
121,25,25,5,5
121,43,12,5,1
121,44,2,9,1
121,80,1,0,7
121,81,24,9,9
121,82,9,2,9
121,83,13,1,9
121,84,4,6,4
121,85,13,8,6
121,86,7,4,9
121,105,21,7,9
121,106,9,5,5
121,107,28,6,9
122,82,7,2,9
122,83,16,0,2
122,84,21,2,3
122,85,32,2,3
122,105,30,6,9
122,106,20,2,9
122,107,5,9,7
128,97,9,9,4
128,98,13,9,6
128,99,24,7,5
128,100,24,5,1
128,101,32,7,7
128,102,17,9,8
128,103,7,9,1
129,-35,24,2,7
129,92,10,7,7
129,93,12,9,4
129,94,10,3,1
129,97,21,9,3
129,98,1,8,1
129,99,6,8,5
129,100,2,1,8
129,101,29,1,2
129,102,31,1,6
129,103,12,8,1
129,104,2,6,2
129,105,19,4,9
129,106,7,8,9
130,-40,18,7,1
130,-39,6,1,3
130,-38,7,0,8
130,-37,20,6,7
130,-36,7,8,5
130,-35,29,9,7
130,-34,23,4,2
130,-31,12,6,9
130,-30,17,6,4
130,-29,2,9,3
130,-28,25,0,9
130,-25,28,0,3
130,-24,23,6,5
130,-23,31,5,3
130,-22,22,2,7
130,-21,15,4,7
130,-20,14,8,4
130,-19,10,8,2
130,-18,10,8,8
130,-17,32,9,4
130,-16,26,0,1
130,-15,34,2,7
130,-14,6,4,8
130,-13,4,0,3
130,-12,32,5,2
130,-11,11,7,2
130,-10,18,5,2
130,24,24,9,1
130,25,20,8,4
130,38,13,2,1
130,39,19,1,9
130,40,10,3,2
130,92,22,3,2
130,93,18,6,4
130,94,13,9,7
130,97,27,8,4
130,98,28,5,6
130,99,9,3,1
130,100,19,2,9
130,101,31,1,5
130,102,31,7,5
130,103,33,9,8
130,104,17,7,1
130,105,21,7,4
130,106,10,9,4
130,107,2,6,1
130,108,6,6,7
131,-40,16,3,6
131,-39,16,9,8
131,-38,12,8,2
131,-37,2,5,2
131,-36,25,1,4
131,-35,16,6,9
131,-34,20,6,4
131,-31,29,4,8
131,-30,2,9,3
131,-29,16,5,5
131,-28,30,0,4
131,-25,9,3,8
131,-24,4,9,5
131,-23,6,8,1
131,-22,13,0,9
131,-21,32,7,3
131,-20,25,0,2
131,-19,13,1,7
131,-18,23,7,1
131,-17,22,3,8
131,-16,34,5,9
131,-15,20,2,6
131,-14,29,4,3
131,-13,8,1,8
131,-12,17,6,5
131,-11,30,7,3
131,-10,7,3,8
131,24,9,7,5
131,25,34,1,4
131,38,6,5,5
131,39,7,6,3
131,40,13,9,6
131,41,6,2,8
131,92,20,9,8
131,93,33,1,9
131,94,1,2,2
131,105,28,8,9
131,106,34,6,5
131,107,27,5,4
131,108,33,0,1
131,109,28,7,7
132,-25,23,4,4
132,-24,33,2,4
132,-23,16,4,8
132,24,22,5,8
132,25,5,2,3
132,38,31,1,7
132,39,29,1,3
132,40,15,7,3
132,41,26,1,6
132,42,24,9,8
132,88,15,8,6
132,92,10,1,8
132,107,6,6,5
132,108,19,3,3
132,109,15,4,1
132,110,11,8,6
133,-24,6,3,7
133,-23,20,4,3
133,-22,28,9,4
133,24,8,7,3
133,25,21,0,5
133,34,11,8,9
133,41,4,6,6
133,42,3,0,2
133,43,12,2,1
133,88,1,9,7
133,91,3,2,5
133,108,34,5,1
133,109,6,3,7
133,110,3,1,2
133,111,13,4,1
134,-23,18,7,8
134,-22,12,2,2
134,-21,24,2,2
134,23,28,5,9
134,24,8,3,8
134,25,22,5,3
134,34,15,9,2
134,41,19,5,3
134,42,2,2,6
134,43,7,9,3
134,87,19,4,4
134,88,6,3,2
134,109,30,3,6
134,110,12,0,5
134,111,33,7,2
135,23,5,1,3
135,24,6,9,2
135,25,10,2,8
135,33,1,6,5
135,34,4,8,4
135,42,18,4,3
135,43,32,5,5
135,87,30,9,9
135,88,12,1,5
135,110,34,0,4
135,111,30,9,8
135,112,17,0,8
136,34,33,6,9
136,42,17,6,7
136,43,23,5,6
136,44,32,6,4
136,87,21,1,5
136,88,10,5,4
136,110,32,2,5
136,111,21,5,8
136,112,3,2,9
137,87,15,5,3
137,88,24,0,8
137,110,12,9,3
137,111,3,9,8
137,112,1,2,6
138,-21,12,3,8
138,-20,34,9,2
138,-19,18,2,3
138,23,26,6,4
138,24,1,2,8
139,-21,13,3,1
139,-20,34,9,1
139,-19,4,5,6
139,24,6,4,5
139,32,19,1,6
139,33,20,5,7
139,34,24,9,7
139,42,16,7,1
139,43,29,9,2
139,44,16,6,2
140,-21,20,3,9
140,-20,15,7,1
140,-19,20,7,5
140,24,19,5,9
140,32,24,0,8
140,33,25,4,2
140,34,29,6,8
140,42,34,4,1
140,43,13,4,4
140,44,22,9,5
140,86,24,9,8
140,87,25,6,5
140,88,33,3,4
140,111,19,3,3
140,112,1,7,4
140,113,12,4,4
141,-22,11,1,5
141,-21,1,6,9
141,-20,33,9,9
141,24,16,4,1
141,31,4,8,8
141,32,20,2,8
141,33,14,2,9
141,42,33,8,6
141,43,32,5,8
141,86,3,7,2
141,87,14,2,3
141,88,9,1,9
141,111,3,3,2
141,112,30,4,9
141,113,6,3,7
142,-23,30,0,8
142,-22,29,3,1
142,-21,11,5,9
142,-20,24,8,9
142,27,23,3,4
142,30,30,0,1
142,31,2,9,2
142,32,33,8,5
142,33,9,4,2
142,42,28,8,6
142,43,23,3,8
142,87,24,0,1
142,88,22,7,4
142,110,8,2,6
142,111,4,1,1
142,112,20,3,2
143,-40,15,5,9
143,-39,26,5,4
143,-38,24,3,4
143,-37,5,4,1
143,-36,18,6,9
143,-35,9,6,4
143,-32,26,2,1
143,-31,23,9,3
143,-30,1,0,2
143,-29,22,4,4
143,-26,21,6,4
143,-25,2,6,1
143,-24,5,4,7
143,-23,16,8,7
143,-22,21,0,1
143,-21,25,4,8
143,27,31,7,8
143,28,16,7,8
143,29,31,1,2
143,30,9,9,4
143,31,15,3,2
143,32,1,6,4
143,42,34,9,3
143,43,16,7,9
143,87,26,3,8
143,88,24,0,9
143,110,6,3,5
143,111,22,3,8
143,112,28,5,2
144,-40,28,3,4
144,-39,9,6,4
144,-38,16,8,7
144,-37,22,0,1
144,-36,25,6,2
144,-35,24,1,8
144,-32,17,6,2
144,-31,23,1,4
144,-30,14,6,1
144,-29,21,2,3
144,-26,31,6,1
144,-25,30,7,1
144,-24,5,0,6
144,-23,10,1,2
144,-22,28,5,7
144,27,28,9,1
144,28,34,5,3
144,29,20,8,9
144,30,15,8,2
144,31,3,8,9
144,87,2,9,9
144,88,34,8,6
144,110,12,2,2
144,111,22,0,9
144,112,4,1,5
145,-40,5,4,8
145,-39,12,6,6
145,-38,28,5,2
145,-37,32,2,6
145,-36,24,8,5
145,-35,5,1,3
145,-32,22,2,8
145,-31,27,2,5
145,-30,33,1,9
145,-29,21,0,6
145,88,34,7,6
145,110,31,2,1
145,111,19,2,4
150,14,9,7,1
150,15,16,2,4
150,16,32,9,5
151,14,32,9,7
151,15,18,1,6
151,16,3,4,8
152,14,31,3,8
152,15,7,7,8
152,16,24,5,8
152,111,31,9,7
152,112,27,7,6
152,113,23,8,2
153,14,30,5,3
153,15,25,6,2
153,16,9,2,1
153,111,29,6,4
153,112,27,5,9
153,113,32,5,2
154,-39,2,4,5
154,-38,29,6,8
154,-16,29,4,3
154,-15,7,6,6
154,-14,28,3,3
154,14,17,2,5
154,15,8,9,6
154,16,3,5,1
154,111,30,1,4
154,112,29,9,6
154,113,20,4,5
155,-39,30,8,2
155,-38,9,7,7
155,-15,16,6,1
155,-14,17,6,7
155,14,6,9,1
155,15,30,3,7
155,16,15,6,8
155,111,19,4,8
155,112,25,7,4
155,113,6,1,8
156,-40,30,7,9
156,-39,12,1,3
156,-38,26,3,7
156,-15,15,5,4
156,-14,32,9,8
156,14,30,0,3
156,15,13,5,3
156,16,26,8,1
156,111,2,4,4
156,112,19,8,7
156,113,24,5,6
157,-40,29,1,4
157,-39,23,8,1
157,-38,32,3,5
157,-27,27,2,3
157,-26,11,2,5
157,-25,29,7,7
157,-15,12,2,1
157,-14,5,4,7
157,14,15,0,1
157,15,24,0,3
157,16,12,5,4
157,111,18,1,2
157,112,3,5,1
157,113,31,4,8
158,-40,20,3,8
158,-39,31,1,9
158,-38,16,8,5
158,-27,18,2,1
158,-26,12,4,6
158,-25,2,8,7
158,-15,12,7,9
158,-14,18,8,1
158,-13,12,8,9
158,14,34,6,8
158,15,13,5,3
158,16,8,7,3
158,111,16,4,2
158,112,13,4,4
158,113,13,1,8
159,-40,9,4,9
159,-39,25,4,5
159,-38,18,7,6
159,-27,13,6,7
159,-26,9,0,1
159,-25,15,0,9
159,-15,1,0,2
159,-14,25,5,2
159,-13,33,7,8
159,14,32,0,1
159,15,3,5,5
159,16,26,8,2
159,111,3,1,1
159,112,28,3,1
159,113,3,9,1
160,-15,30,4,7
160,-14,9,9,8
160,-13,6,4,9
160,14,8,1,6
160,15,34,6,9
160,16,13,2,1
160,86,33,4,6
160,87,2,6,4
160,90,16,9,1
160,91,1,3,1
160,92,21,6,3
160,95,19,6,1
160,96,12,0,3
160,97,3,5,8
160,98,33,0,7
160,99,33,0,1
160,100,12,0,4
160,101,4,9,7
160,102,11,1,1
160,103,18,5,3
160,104,23,6,2
160,105,4,8,2
160,106,24,8,6
160,107,13,6,7
160,108,33,2,7
160,109,19,2,9
160,110,21,0,8
160,111,5,6,8
160,112,26,9,5
160,113,6,1,6
161,86,12,6,1
161,87,34,0,3
161,90,1,9,2
161,91,22,8,8
161,92,2,3,2
161,95,21,2,2
161,96,33,9,1
161,97,28,7,2
161,98,2,6,9
161,99,10,5,7
161,100,11,4,6
161,101,29,5,5
161,102,20,0,5
161,103,22,0,9
161,104,30,1,1
161,105,33,5,2
161,106,13,6,2
161,107,7,1,3
161,108,10,7,3
161,109,1,4,4
161,110,12,1,3
161,111,14,1,3
161,112,1,8,6
161,113,32,2,3
162,-39,32,0,4
162,-38,28,3,4
162,-27,22,2,2
162,-26,1,1,4
162,86,21,9,8
162,87,18,6,5
162,90,10,2,6
162,91,16,9,4
162,92,21,0,4
162,95,2,4,1
162,96,22,8,2
162,97,9,3,7
162,98,9,5,4
162,99,24,7,8
162,100,14,3,1
162,101,4,1,7
162,102,26,5,6
162,103,3,5,1
162,104,13,3,2
162,105,15,9,3
162,106,19,0,7
162,107,30,1,5
162,108,12,0,1
162,109,1,6,1
162,110,13,2,7
162,111,30,3,9
162,112,13,7,4
162,113,33,1,9
163,-39,11,9,4
163,-38,12,5,9
163,-27,18,8,7
163,-26,26,1,4
163,-25,32,9,5
163,-24,12,1,7
163,-16,21,6,9
163,-15,22,1,3
163,-14,20,0,9
163,111,19,9,4
163,112,8,0,9
163,113,27,1,7
164,-39,31,3,7
164,-38,13,2,2
164,-37,22,1,7
164,-27,18,1,7
164,-26,4,2,2
164,-25,25,4,4
164,-24,20,5,3
164,-16,23,3,6
164,-15,25,5,2
164,-14,32,9,9
164,14,14,9,4
164,15,17,5,2
164,16,31,2,8
165,-38,31,8,4
165,-37,14,7,2
165,-36,3,1,1
165,-27,27,8,8
165,-24,26,4,6
165,-23,5,2,3
165,-22,9,3,4
165,-18,3,5,2
165,-17,4,4,9
165,-16,19,2,6
165,-15,7,7,9
165,14,28,6,6
165,15,23,4,3
165,16,5,8,8
166,-38,12,7,4
166,-37,22,8,7
166,-27,11,7,7
166,-23,25,2,7
166,-22,32,7,3
166,-21,20,6,4
166,-20,3,0,4
166,-19,28,5,3
166,-18,27,7,1
166,-17,25,0,4
166,-16,7,4,7
166,-15,8,3,3
166,14,2,0,6
166,15,2,9,8
166,16,26,1,9
166,111,14,8,3
166,112,12,5,9
166,113,32,5,2
167,-37,10,9,4
167,-33,17,3,6
167,-32,18,5,3
167,-31,22,0,3
167,-30,13,9,7
167,-22,15,1,6
167,-21,1,5,3
167,-20,10,4,9
167,-19,33,0,5
167,-18,4,5,4
167,-17,31,8,5
167,-16,9,8,5
167,14,20,5,1
167,15,19,4,1
167,16,10,2,1
167,111,12,5,4
167,112,11,9,3
167,113,9,6,3
168,-33,5,5,4
168,-32,14,0,2
168,-31,14,1,5
168,-30,28,4,6
168,14,8,5,4
168,15,34,1,5
168,16,34,5,1
168,111,14,4,9
168,112,31,3,9
168,113,23,9,1
169,-33,34,3,8
169,-32,33,5,1
169,-31,13,5,5
169,-30,29,7,5
169,14,2,0,9
169,15,11,3,8
169,16,26,3,3
169,111,28,0,1
169,112,30,7,8
169,113,19,3,3
170,14,20,1,7
170,15,4,8,2
170,16,30,7,1
170,111,18,1,5
170,112,21,5,1
170,113,23,0,4
171,14,20,7,7
171,15,33,8,9
171,16,33,8,3
172,14,14,3,7
172,15,14,4,2
172,16,16,1,2
174,-49,14,1,4
174,-48,17,9,2
174,-47,1,6,1
175,-49,6,6,6
175,-48,34,5,3
175,-47,2,7,3
176,-49,25,9,1
176,-48,5,6,4
176,-47,28,7,8
177,-49,17,6,3
177,-48,13,0,1
177,-47,28,6,4
177,26,10,7,9
178,-49,10,0,5
178,-48,28,4,4
178,-47,33,9,7
178,23,3,1,4
178,26,19,4,9
178,27,18,4,2
178,28,9,7,2
178,29,28,7,4
178,30,10,8,3
178,31,20,7,3
178,32,4,8,5
178,35,3,0,4
178,36,11,5,8
178,37,25,0,4
178,38,27,1,2
178,39,27,5,1
178,40,28,3,9
178,41,20,7,1
178,42,28,9,3
178,43,18,5,8
178,44,27,1,2
178,86,7,8,6
178,89,3,7,9
178,90,15,8,6
178,94,24,7,7
178,95,27,7,7
178,96,9,2,3
178,97,25,2,1
178,98,30,2,7
178,99,15,5,9
178,100,28,5,7
178,101,7,4,7
178,102,13,6,8
178,103,14,4,3
178,104,24,8,9
178,105,20,0,3
178,106,8,8,2
178,107,29,8,4
178,108,18,9,7
178,109,22,7,8
178,110,32,1,7
178,111,22,4,9
178,112,7,5,1
178,113,2,0,7
179,-49,1,2,3
179,-48,6,4,9
179,-47,11,7,5
179,26,9,4,6
179,27,4,5,1
179,28,30,1,8
179,29,8,1,2
179,30,21,0,4
179,31,10,9,6
179,32,7,7,5
179,35,23,4,4
179,36,25,7,8
179,37,12,8,6
179,38,32,6,8
179,39,12,6,6
179,40,24,1,2
179,41,19,5,1
179,42,28,9,3
179,43,26,8,6
179,44,19,9,3
179,86,25,5,5
179,89,4,7,2
179,90,13,5,6
179,93,34,2,9
179,94,2,2,1
179,95,10,0,1
179,96,30,7,1
179,97,11,0,1
179,98,12,4,1
179,99,1,9,8
179,100,1,0,8
179,101,21,8,9
179,102,18,8,8
179,103,13,8,2
179,104,8,2,4
179,105,4,8,3
179,106,9,6,2
179,107,22,5,5
179,108,4,6,3
179,109,6,6,1
179,110,21,5,4
179,111,24,4,7
179,112,16,8,8
179,113,22,6,8
180,-49,1,7,6
180,-48,29,5,4
180,-47,20,6,7
180,38,23,8,2
180,39,14,4,4
180,40,32,0,7
180,86,12,7,1
180,89,18,1,8
180,90,31,4,9
180,93,32,4,1
180,94,26,9,3
180,95,10,2,5
180,96,4,0,8
180,97,9,6,8
180,98,11,4,1
180,99,13,9,3
180,100,22,8,2
180,101,27,7,3
180,102,23,9,6
180,103,2,6,2
180,104,16,9,4
180,105,3,7,8
180,106,30,6,1
180,107,27,0,6
180,108,22,0,9
180,109,24,4,8
180,110,33,1,3
180,111,33,1,3
180,112,9,2,8
180,113,5,2,1
181,-49,16,3,9
181,-48,16,9,9
181,-47,24,5,6
181,39,22,9,8
181,40,10,1,8
181,41,18,0,3
181,98,4,0,8
181,99,15,4,8
181,100,1,0,7
181,111,14,5,5
181,112,30,9,8
181,113,19,5,5
182,-49,18,5,6
182,-48,15,2,5
182,-47,11,5,8
182,40,26,7,5
182,41,21,2,4
182,42,17,7,1
182,98,4,5,3
182,99,34,6,9
182,100,9,6,2
182,111,21,9,3
182,112,34,2,3
182,113,16,0,5
183,-49,25,5,7
183,-48,30,3,5
183,-47,7,1,8
183,41,20,8,2
183,42,29,9,6
183,43,12,0,7
183,98,34,3,4
183,99,3,5,7
183,100,25,3,8
183,111,9,4,9
183,112,14,7,6
183,113,34,9,4
184,-49,26,5,8
184,-48,19,3,9
184,-47,14,5,3
184,42,31,9,3
184,43,17,5,8
184,98,1,4,9
184,99,6,7,2
184,100,9,6,7
184,111,5,7,8
184,112,31,9,7
184,113,14,8,6
187,-49,24,2,2
187,-48,18,0,9
187,-47,12,9,5
187,42,7,0,7
187,43,25,5,1
187,44,11,5,5
187,98,21,5,5
187,99,8,6,4
187,100,28,7,4
187,111,1,4,2
187,112,18,9,8
187,113,9,6,2
188,-49,11,1,3
188,-48,25,9,7
188,-47,9,8,8
188,42,26,1,4
188,43,30,2,3
188,44,20,5,2
188,98,22,6,2
188,99,5,7,9
188,100,29,5,3
188,111,6,4,3
188,112,33,5,4
188,113,29,1,8
189,-49,2,0,9
189,-48,15,5,8
189,-47,11,0,2
189,41,30,1,1
189,42,25,7,8
189,43,34,7,3
189,98,21,1,1
189,99,27,0,5
189,100,16,2,2
189,111,1,9,4
189,112,20,3,9
189,113,6,7,7
190,-49,1,0,8
190,-48,25,5,6
190,-47,31,4,5
190,40,32,3,3
190,41,32,0,9
190,42,23,6,7
190,43,32,5,6
190,98,12,9,5
190,99,23,9,5
190,100,19,5,3
190,111,19,6,4
190,112,28,4,1
190,113,34,6,7
191,-49,16,5,8
191,-48,13,5,3
191,-47,33,0,7
191,25,14,5,2
191,26,15,4,4
191,27,31,9,9
191,28,12,9,3
191,29,21,5,2
191,30,29,1,9
191,31,33,9,1
191,32,33,6,3
191,35,13,7,7
191,36,6,9,5
191,37,8,4,4
191,38,34,6,2
191,39,24,3,5
191,40,27,2,7
191,41,16,1,4
191,42,34,7,9
191,98,30,9,5
191,99,31,4,2
191,100,9,2,7
191,111,28,2,3
191,112,26,4,5
191,113,9,2,3
192,-49,26,1,7
192,-48,31,2,9
192,-47,25,4,4
192,25,5,8,7
192,26,1,1,2
192,27,22,1,1
192,28,7,0,6
192,29,10,4,3
192,30,21,3,3
192,31,6,8,5
192,32,14,4,6
192,35,31,2,6
192,36,8,1,2
192,37,15,7,2
192,38,13,5,4
192,39,6,2,5
192,40,33,0,1
192,41,30,6,1
192,111,25,1,1
192,112,9,3,8
192,113,14,2,2
193,-49,8,6,3
193,-48,27,6,3
193,-47,27,0,7
193,25,15,3,4
193,26,4,5,8
193,27,10,5,6
193,28,34,4,6
193,29,15,3,9
193,30,34,6,1
193,31,3,9,7
193,32,23,6,4
193,35,23,6,8
193,36,18,3,1
194,-49,24,3,8
194,-48,25,4,4
194,-47,20,9,6
195,-49,24,1,7
195,-48,13,9,9
195,-47,1,2,9
196,-49,3,0,1
196,-48,9,6,3
196,-47,29,6,6
202,-49,14,6,4
202,-48,20,8,7
202,-47,10,2,7
202,-46,26,2,2
202,-45,26,2,3
202,-44,15,7,6
202,-43,1,7,9
202,-42,15,1,1
202,-41,32,2,8
202,-40,7,6,5
202,-39,21,2,6
202,-36,16,0,9
202,-35,4,8,2
202,-34,1,8,8
202,-33,32,1,1
202,-32,30,3,4
202,-29,25,1,8
202,-28,3,1,8
202,-27,18,1,2
202,-26,14,8,8
202,-25,26,3,1
202,-24,9,6,2
202,-23,15,5,8
202,-22,28,5,4
202,-21,16,8,1
202,-20,32,9,6
202,-19,7,3,8
202,25,29,1,7
202,47,13,0,2
202,48,27,1,8
202,49,24,6,4
202,97,31,2,8
202,98,22,9,8
202,99,30,3,1
203,-49,18,6,9
203,-48,21,0,4
203,-47,30,1,1
203,-46,34,3,7
203,-45,25,3,5
203,-44,5,2,5
203,-43,28,8,6
203,-42,30,5,3
203,-41,3,2,2
203,-40,24,4,3
203,-39,13,8,9
203,-36,26,0,1
203,-35,11,3,8
203,-34,16,3,5
203,-33,17,9,7
203,-32,17,6,6
203,-29,17,6,5
203,-28,29,0,4
203,-27,7,2,9
203,-26,2,3,9
203,-25,16,7,9
203,-24,33,1,5
203,-23,31,2,6
203,-22,5,8,6
203,-21,31,6,1
203,-20,6,6,5
203,-19,27,2,8
203,25,22,4,3
203,48,33,1,1
203,49,17,5,1
203,97,10,9,8
203,98,18,2,2
203,99,8,6,7
204,-40,14,7,5
204,-39,9,3,6
204,-25,13,9,3
204,-24,20,6,9
204,-23,20,6,9
204,24,17,1,2
204,25,11,4,3
204,48,4,3,7
204,49,20,6,4
204,97,10,3,9
204,98,18,2,6
204,99,3,3,5
205,-40,34,1,7
205,-39,20,4,4
205,-24,28,8,8
205,-23,20,1,1
205,-22,15,3,5
205,24,5,0,9
205,25,27,8,3
205,36,5,1,8
205,37,31,0,2
205,38,1,6,7
205,48,3,1,5
205,49,5,8,8
205,97,21,0,3
205,98,20,6,1
205,99,16,7,2
206,-40,24,1,3
206,-39,21,4,7
206,-23,26,4,5
206,-22,31,9,3
206,-21,6,9,6
206,24,7,2,1
206,25,8,7,3
206,36,13,7,3
206,37,9,6,6
206,38,25,8,1
206,48,2,7,9
206,49,21,5,2
206,50,16,9,6
206,96,33,4,7
206,97,18,5,4
206,99,22,0,9
206,100,17,0,9
207,-40,4,0,5
207,-39,12,5,5
207,-22,11,3,4
207,-21,21,0,2
207,-20,16,1,5
207,24,3,8,6
207,25,5,4,1
207,36,33,6,3
207,37,25,5,9
207,38,2,7,5
207,48,31,5,3
207,49,26,8,4
207,50,1,1,2
207,93,6,3,2
207,94,4,7,3
207,95,5,8,8
207,96,8,4,6
207,97,25,8,8
207,99,14,5,5
207,100,17,3,1
207,101,11,3,1
207,102,28,9,7
208,-40,27,5,2
208,-39,23,1,8
208,-21,33,2,1
208,-20,24,0,1
208,24,6,3,8
208,25,30,7,4
208,36,16,2,1
208,37,3,0,7
208,38,8,5,7
208,48,10,4,2
208,49,29,8,9
208,50,11,6,1
208,80,6,0,1
208,81,2,5,1
208,82,17,7,2
208,83,15,7,8
208,84,1,5,4
208,88,19,8,1
208,91,31,3,5
208,92,27,5,3
208,93,17,9,7
208,94,21,1,5
208,95,10,0,1
208,96,26,1,8
208,100,5,9,4
208,101,12,6,6
208,102,13,0,6
208,103,33,8,1
208,104,23,7,1
208,105,25,5,8
208,106,34,8,7
208,107,6,0,8
208,108,24,8,8
208,109,6,2,8
208,110,25,6,8
208,111,31,3,4
208,112,30,6,1
208,113,25,9,9
209,36,4,8,4
209,37,8,6,7
209,38,15,1,9
209,48,5,7,3
209,49,7,8,1
209,50,19,1,6
209,79,28,6,2
209,80,4,0,8
209,81,14,8,4
209,82,8,6,1
209,83,29,0,8
209,84,5,9,2
209,87,23,2,6
209,88,6,0,5
209,91,26,5,1
209,92,1,1,4
209,93,11,4,7
209,94,22,5,8
209,102,8,8,6
209,103,14,7,4
209,104,20,1,9
209,105,11,0,3
209,106,19,2,5
209,107,11,1,9
209,108,4,8,2
209,109,25,1,3
209,110,1,9,9
209,111,22,9,8
209,112,15,1,2
209,113,7,9,3
209,114,12,8,9
211,-21,22,3,4
211,-20,21,2,1
211,-19,2,1,1
211,24,6,8,8
212,-21,7,5,3
212,-20,7,6,4
212,-19,13,9,3
212,24,15,0,5
212,25,19,2,2
212,26,12,9,2
212,35,17,9,2
212,36,11,6,2
212,37,17,1,2
212,38,18,5,5
212,39,15,7,1
212,47,12,8,3
212,48,29,6,4
212,49,25,9,5
212,78,9,2,9
212,79,12,8,8
212,114,6,4,7
213,-37,2,9,7
213,-22,31,7,6
213,-21,30,0,6
213,-20,20,1,8
213,25,15,9,6
213,26,14,3,3
213,27,15,8,4
213,35,7,3,3
213,36,3,6,6
213,39,25,8,3
213,40,27,2,3
213,45,11,5,5
213,46,32,2,9
213,47,33,5,5
213,48,32,2,2
213,49,25,0,7
213,77,15,3,7
213,78,10,2,9
213,79,3,7,5
213,114,13,6,4
213,115,21,6,8
213,116,19,1,1
214,-37,19,9,5
214,-36,19,1,5
214,-22,1,3,1
214,-21,9,1,7
214,-20,20,7,6
214,25,8,8,4
214,26,5,6,8
214,27,30,0,7
214,28,10,9,2
214,34,1,7,1
214,35,8,1,2
214,36,14,9,4
214,40,31,4,3
214,41,29,4,1
214,42,10,7,5
214,43,26,5,8
214,44,6,3,7
214,45,1,7,8
214,46,30,5,2
214,47,11,7,2
214,48,11,5,4
214,77,6,3,4
214,78,14,8,2
214,79,3,6,2
214,114,28,5,3
214,115,26,8,8
214,116,6,6,4
215,-37,26,3,4
215,-36,31,1,3
215,-35,33,7,2
215,-34,9,1,2
215,-24,17,7,6
215,-23,16,6,1
215,-22,23,0,6
215,-21,15,5,1
215,26,17,9,9
215,27,17,4,9
215,28,26,0,3
215,29,9,5,5
215,30,12,5,8
215,31,21,2,3
215,34,10,9,3
215,35,15,9,2
215,41,11,9,2
215,42,18,1,8
215,43,5,0,1
215,44,17,7,3
215,45,9,3,9
215,46,26,5,9
215,47,9,5,7
215,77,15,0,2
215,78,25,1,7
215,79,19,6,6
215,114,14,1,4
215,115,2,2,2
215,116,28,1,5
216,-36,29,2,4
216,-35,2,7,4
216,-34,5,8,7
216,-33,15,1,8
216,-30,28,1,7
216,-29,14,6,8
216,-28,22,1,7
216,-27,10,0,1
216,-26,23,9,6
216,-25,21,9,8
216,-24,18,4,2
216,-23,32,2,5
216,-22,24,3,2
216,27,30,4,4
216,28,7,1,7
216,29,14,5,4
216,30,20,6,9
216,31,4,5,7
216,34,23,2,4
217,-34,31,7,6
217,-33,24,5,6
217,-30,6,6,3
217,-29,14,0,6
217,-28,13,6,1
217,-27,13,7,3
217,-26,15,6,4
217,-25,27,4,7
217,-24,11,4,6
217,29,1,0,3
217,30,4,9,6
217,31,21,3,1
218,-30,25,4,7
218,-29,12,8,4
218,-28,16,5,8
225,-18,13,2,8
225,26,5,7,2
225,27,9,9,1
225,28,27,8,8
225,29,17,8,3
225,30,19,7,6
226,-19,1,6,8
226,-18,9,8,4
226,-17,11,9,9
226,25,15,8,3
226,26,28,4,4
226,27,21,2,7
226,28,31,1,8
226,29,3,2,2
226,30,12,9,9
227,-38,7,9,3
227,-18,6,6,6
227,-17,21,0,2
227,24,3,0,7
227,25,18,2,6
227,26,1,9,2
227,27,12,0,3
227,28,26,3,6
227,29,6,4,7
227,30,33,6,3
227,33,30,8,5
227,41,10,7,7
227,42,11,3,1
228,-38,29,2,3
228,-18,30,2,1
228,-17,8,6,2
228,-16,32,9,8
228,24,18,4,5
228,25,8,4,1
228,26,10,5,4
228,33,16,8,3
228,34,23,8,7
228,41,11,9,7
228,42,25,0,6
228,43,2,4,7
229,-38,27,5,2
229,-17,9,7,9
229,-16,4,2,9
229,-15,14,6,1
229,23,32,0,1
229,24,13,4,9
229,25,15,4,3
229,33,20,7,9
229,34,22,1,1
229,42,34,4,8
229,43,29,8,2
230,-38,28,5,4
230,-16,24,6,5
230,-15,3,3,8
230,23,21,7,1
230,24,4,2,9
230,25,12,2,4
230,33,24,7,9
230,34,26,4,1
230,42,28,5,3
230,43,27,1,5
231,-16,4,0,2
231,-15,24,9,4
231,-14,19,9,5
231,23,23,1,6
231,24,6,3,1
231,25,10,6,9
231,33,28,7,6
231,34,3,6,2
231,35,16,8,9
231,42,28,7,1
231,43,33,2,7
232,23,18,8,3
232,24,32,1,3
232,25,2,5,5
232,33,11,9,8
232,34,32,6,3
232,35,14,4,3
232,43,7,1,1
232,44,2,0,1
233,24,17,8,2
233,25,3,3,7
233,33,12,6,3
233,34,10,1,4
233,35,18,8,6
233,42,29,7,3
233,43,3,6,8
233,44,18,9,2
234,-38,16,7,6
234,-37,23,0,3
234,-36,20,3,9
234,-35,31,8,7
234,-34,1,9,7
234,-31,23,0,4
234,-30,29,0,3
234,-29,14,8,7
234,-28,11,8,6
234,-27,25,7,7
234,-26,11,2,8
234,-25,4,9,5
234,-24,19,9,3
234,-23,2,4,4
234,-22,24,8,2
234,-21,11,9,6
234,-19,9,8,1
234,-18,17,4,5
234,-17,10,1,1
234,-16,2,7,2
234,-15,4,6,4
234,-14,31,7,2
234,42,27,8,2
234,43,11,0,9
234,44,15,9,8
235,-38,26,9,6
235,-37,13,1,2
235,-36,13,3,5
235,-35,15,7,8
235,-34,25,7,3
235,-31,26,4,3
235,-30,28,9,1
235,-29,25,7,6
235,-28,11,9,3
235,-27,2,4,4
235,-26,16,0,3
235,-25,7,2,3
235,-24,1,2,7
235,-23,17,2,7
235,-22,17,5,1
235,-21,6,2,4
235,-20,18,8,1
235,-19,13,5,1
235,-18,2,0,5
235,-17,15,6,8
235,-16,29,6,1
235,-15,1,5,4
235,-14,3,6,2
235,-13,20,7,7
236,-38,31,7,2
236,25,33,3,6
236,26,26,7,1
236,33,26,9,2
237,-38,34,3,2
237,26,24,9,7
237,27,10,5,7
237,33,23,6,2
237,34,1,4,7
237,35,13,2,4
237,41,34,3,4
237,42,13,1,9
237,43,25,3,5
238,-38,24,3,7
238,26,21,7,2
238,27,21,1,5
238,28,5,7,3
238,33,28,0,3
238,34,1,3,5
238,35,15,4,1
238,40,8,2,7
238,41,33,8,7
238,42,17,7,6
238,43,19,8,6
239,-38,3,8,7
239,23,11,2,1
239,24,14,4,2
239,25,17,3,2
239,26,17,5,5
239,27,17,4,1
239,28,22,3,8
239,29,3,2,3
239,30,10,7,8
239,33,33,3,2
239,34,2,1,4
239,35,19,8,5
239,36,3,0,3
239,37,1,3,3
239,38,17,7,7
239,39,6,1,2
239,40,6,7,2
239,41,22,9,8
239,42,5,6,1
240,-38,3,1,7
240,23,22,7,4
240,24,4,4,7
240,25,24,2,9
240,26,34,8,1
240,27,3,5,3
240,28,21,6,7
240,29,33,7,8
240,30,22,2,4
240,33,19,8,4
240,34,17,1,6
240,35,14,8,8
240,36,30,7,8
240,37,15,2,2
240,38,25,6,4
240,39,31,5,1
240,40,4,4,1
240,41,11,0,1
241,-38,27,4,8
247,42,12,9,2
247,43,20,2,3
247,44,4,9,1
248,42,19,3,2
248,43,33,7,5
248,44,13,0,7
249,-37,24,6,3
249,-36,5,5,4
249,-35,34,7,3
249,-32,27,6,6
249,42,26,0,7
249,43,34,5,5
249,44,4,7,1
250,-38,29,5,8
250,-37,19,0,5
250,-36,32,1,9
250,-35,12,9,5
250,-32,8,5,4
250,-31,8,9,4
250,42,28,2,5
250,43,27,9,7
250,44,18,3,5
251,-39,1,4,1
251,-38,8,1,3
251,-37,17,5,8
251,-36,1,4,7
251,-35,24,9,2
251,-32,28,6,9
251,-31,14,4,7
251,-30,18,8,8
251,-22,14,5,8
251,-21,32,7,3
251,42,2,3,9
251,43,5,2,8
251,44,17,7,8
252,-39,26,9,1
252,-38,23,3,2
252,-37,27,2,9
252,-31,31,3,4
252,-30,25,9,4
252,-29,24,6,1
252,-22,14,7,5
252,-21,24,6,7
252,-20,4,1,3
252,42,10,1,2
252,43,31,4,5
252,44,5,6,5
253,-39,20,8,1
253,-38,5,5,2
253,-31,25,0,6
253,-30,22,9,3
253,-29,18,4,2
253,-21,30,8,6
253,-20,5,5,8
253,29,12,2,7
253,32,11,8,2
253,33,26,6,4
253,34,19,8,2
253,35,34,6,1
253,36,31,0,2
253,37,33,8,2
253,38,19,0,8
253,39,13,1,1
253,40,25,3,8
253,41,25,9,2
253,42,19,0,8
253,43,17,5,3
253,44,6,0,5
253,45,18,0,6
253,46,30,1,3
253,47,27,6,7
253,48,26,0,3
253,49,22,5,9
253,50,4,3,4
254,-39,22,7,2
254,-38,27,3,6
254,-30,24,2,1
254,-29,6,6,9
254,-21,11,3,2
254,-20,32,9,4
254,26,8,0,2
254,27,20,9,5
254,28,7,5,4
254,29,8,5,9
254,32,13,0,6
254,33,5,4,2
255,-39,14,2,4
255,-38,9,2,4
255,-30,29,2,2
255,-29,25,3,6
255,-21,32,7,9
255,-20,16,4,6
256,-40,28,8,5
256,-39,25,5,4
256,-38,33,9,6
256,-30,24,0,9
256,-29,33,8,8
256,-28,1,7,3
256,-21,24,9,1
256,-20,25,4,3
256,-19,21,7,3
256,42,25,1,2
256,43,7,6,9
256,44,27,9,7
257,-39,4,0,4
257,-38,25,2,8
257,-30,9,6,3
257,-29,3,8,2
257,-28,7,5,8
257,24,25,9,4
257,25,30,7,3
257,26,10,2,2
257,42,17,0,3
257,43,11,6,3
257,44,29,9,6
258,24,26,9,8
258,25,20,3,7
258,42,9,6,3
258,43,34,7,3
258,44,9,8,9
259,-21,30,6,9
259,-20,28,3,6
259,-19,22,3,3
259,23,23,1,1
259,24,3,8,7
259,25,22,6,2
259,42,11,8,5
259,43,31,8,8
259,44,1,0,8
260,-38,30,3,2
260,-37,2,1,7
260,-30,13,1,6
260,-29,20,8,2
260,-28,18,1,9
260,-21,24,9,6
260,-20,21,1,6
260,23,8,7,5
260,24,25,6,6
260,25,33,3,6
260,42,4,0,7
260,43,9,8,4
260,44,15,3,5
261,-37,13,4,7
261,-36,14,7,2
261,-30,7,7,4
261,-29,18,5,1
261,-28,6,7,6
261,-22,4,6,5
261,-21,24,6,2
261,-20,17,2,2
261,23,9,4,5
261,24,5,7,1
261,25,1,2,4
261,42,30,5,7
261,43,7,8,5
261,44,33,6,9
262,-37,6,5,5
262,-36,22,0,5
262,-30,2,8,5
262,-29,20,5,1
262,-28,27,3,7
262,-23,20,6,3
262,-22,16,5,7
262,-21,4,6,9
262,-20,25,9,8
262,23,5,8,3
262,24,20,9,7
262,25,28,8,3
262,42,20,9,2
262,43,29,8,9
262,44,14,3,5
263,-40,5,7,8
263,-39,12,6,3
263,-38,11,5,1
263,-37,5,4,6
263,-36,3,9,9
263,-33,19,5,6
263,-32,21,1,8
263,-31,23,2,4
263,-30,7,2,6
263,-29,25,6,9
263,-28,5,8,8
263,-27,28,8,6
263,-26,22,1,8
263,-25,28,0,6
263,-24,32,6,1
263,-23,25,7,9
263,-22,13,1,8
263,-21,8,9,9
263,24,9,0,7
263,25,1,9,7
263,42,25,2,9
263,43,31,9,7
263,44,18,2,4
264,-40,6,6,7
264,-39,22,7,3
264,-38,29,0,5
264,-37,7,2,6
264,-36,5,8,1
264,-33,8,9,2
264,-32,27,5,7
264,-31,22,8,4
264,-30,10,2,7
264,-29,29,0,4
264,-28,5,5,7
264,-27,15,8,2
264,-26,5,9,3
264,-25,5,4,2
264,-24,4,7,8
264,-23,6,4,4
264,-22,12,3,1
264,24,7,3,4
264,25,3,6,3
264,42,20,4,1
264,43,1,9,6
264,44,8,1,1
265,24,8,4,3
265,25,2,7,5
265,42,32,3,3
265,43,14,3,8
265,44,12,5,1
273,45,24,1,1
274,-40,34,6,5
274,-39,32,9,7
274,-38,12,1,4
274,-37,12,1,7
274,-36,11,3,9
274,-33,2,1,9
274,-32,9,4,3
274,-31,2,1,5
274,-30,1,3,2
274,-29,18,5,3
274,-28,16,8,9
274,-27,31,3,7
274,-26,10,5,3
274,-25,6,5,3
274,-24,34,6,5
274,-23,5,7,1
274,-22,14,9,5
274,-21,15,9,9
274,-20,10,2,6
274,-19,7,0,5
274,23,8,1,6
274,24,28,6,8
274,25,15,8,2
274,44,21,8,1
274,45,28,7,8
274,46,16,0,6
275,-40,33,8,8
275,-39,24,2,3
275,-38,5,3,8
275,-37,1,5,2
275,-33,16,9,7
275,-32,17,3,1
275,-31,22,0,9
275,-30,27,2,2
275,-29,29,5,5
275,-28,30,9,1
275,-27,18,4,6
275,-26,26,0,7
275,-25,29,9,2
275,-24,15,5,8
275,-23,26,1,1
275,-22,14,0,1
275,-21,30,2,8
275,-20,34,7,3
275,-19,10,1,4
275,23,28,6,8
275,24,23,7,7
275,25,8,3,9
275,45,27,9,2
275,46,25,4,2
276,-25,11,9,2
276,-24,11,0,9
276,-23,28,3,4
276,23,22,8,8
276,24,24,0,3
276,25,11,4,5
276,45,19,3,4
276,46,30,8,9
276,47,27,8,6
277,-24,22,9,7
277,-23,1,3,4
277,-22,24,8,6
277,23,12,8,2
277,24,32,8,9
277,25,30,9,9
277,46,14,5,6
277,47,12,3,5
278,-23,16,3,1
278,-22,8,6,3
278,-21,2,3,5
278,23,14,2,8
278,24,1,6,2
278,25,28,3,3
278,47,18,6,5
278,48,10,5,9
279,-22,31,9,1
279,-21,23,2,8
279,-20,23,1,8
279,23,12,5,1
279,24,2,3,9
279,25,21,1,2
279,47,29,2,3
279,48,5,5,2
279,49,17,5,5
280,23,11,3,5
280,24,31,0,7
280,25,5,0,1
280,48,4,8,4
280,49,31,3,9
281,28,24,9,1
281,31,11,0,6
281,33,13,4,7
281,34,31,6,5
281,35,15,5,2
281,36,23,5,9
281,37,2,5,4
281,38,32,5,6
281,39,15,0,5
281,40,32,8,9
281,41,34,0,8
281,42,1,7,4
281,43,4,0,2
281,44,27,0,7
281,45,20,5,3
281,46,16,9,5
281,47,28,7,3
281,48,23,2,4
281,49,2,8,2
281,50,4,4,4
283,-21,17,2,2
283,-20,30,1,5
283,-19,4,6,7
284,-21,24,9,3
284,-20,25,6,1
284,-19,26,9,5
284,23,14,0,3
284,24,18,8,7
284,25,23,5,6
285,-22,5,8,8
285,-21,27,6,3
285,-20,33,2,4
285,23,33,2,4
285,24,30,0,4
285,25,30,3,7
286,-23,6,5,7
286,-22,25,5,2
286,-21,3,4,6
286,-20,16,3,8
286,23,8,8,5
286,24,18,6,6
286,25,33,2,9
287,-40,5,6,7
287,-39,23,4,6
287,-38,19,4,9
287,-37,8,0,7
287,-34,14,0,7
287,-33,3,8,2
287,-32,2,2,8
287,-31,11,1,3
287,-30,18,0,1
287,-29,19,4,7
287,-28,10,2,6
287,-27,31,0,3
287,-26,15,8,7
287,-25,13,9,2
287,-24,33,8,9
287,-23,27,3,3
287,-22,22,3,6
287,-21,7,0,9
287,23,24,2,3
287,24,21,5,2
287,25,18,3,5
288,-40,11,0,3
288,-39,25,6,9
288,-38,10,0,6
288,-37,4,6,3
288,-34,34,9,7
288,-33,21,1,6
288,-32,27,1,5
288,-31,23,2,6
288,-30,21,9,7
288,-29,16,0,5
288,-28,14,3,7
288,-27,13,7,7
288,-26,19,7,3
288,-25,34,4,5
288,-24,27,4,4
288,-23,5,4,4
288,-22,11,5,9
288,23,20,8,6
288,24,32,1,8
288,25,27,7,9
289,-40,23,7,3
289,-39,29,5,8
289,-38,16,2,4
289,-37,24,5,1
289,-33,11,0,5
289,-32,14,3,9
289,-31,25,5,1
289,-30,24,8,6
289,-29,13,8,3
289,-28,23,3,8
289,-27,27,0,7
289,-26,33,2,1
289,23,17,1,1
289,24,15,9,6
289,25,30,2,1
295,14,20,2,7
295,15,29,7,1
295,16,2,6,2
296,14,4,3,3
296,15,23,6,3
296,16,15,0,4
296,42,13,9,7
296,43,18,8,9
296,44,9,9,3
297,14,20,5,6
297,15,26,4,8
297,16,24,4,4
297,40,30,1,1
297,41,8,2,8
297,42,19,1,5
297,43,2,3,4
297,44,22,6,7
298,-39,13,6,5
298,-38,6,7,8
298,-16,5,5,2
298,-15,16,1,4
298,-14,13,6,2
298,14,17,8,7
298,15,27,8,4
298,16,17,6,2
298,37,1,2,8
298,38,30,2,4
298,39,6,2,4
298,40,18,9,3
298,41,25,2,2
298,42,21,1,2
298,43,29,0,1
298,44,3,1,2
299,-39,31,6,4
299,-38,11,6,7
299,-15,21,1,4
299,-14,6,5,5
299,15,34,6,9
299,16,29,6,1
299,35,14,4,9
299,36,34,1,5
299,37,25,5,3
299,38,5,4,7
299,39,17,9,6
299,40,28,7,6
299,41,32,7,3
300,-39,1,7,3
300,-38,13,7,3
300,-15,1,7,7
300,-14,3,2,2
300,15,15,9,4
300,16,10,0,5
300,17,15,4,3
300,32,32,9,2
300,33,30,0,5
300,34,4,6,8
300,35,30,1,9
300,36,23,5,7
300,37,23,7,7
300,38,34,5,3
301,-27,25,7,3
301,-26,8,6,9
301,-25,24,9,3
301,-15,2,1,4
301,-14,31,0,9
301,16,13,7,4
301,17,13,9,8
301,30,16,0,3
301,31,21,1,8
301,32,20,7,4
301,33,13,4,8
301,34,29,7,8
301,35,19,9,7
301,36,4,5,3
302,-15,2,2,1
302,-14,17,3,3
302,-13,4,1,2
302,16,15,8,2
302,17,30,6,4
302,27,18,9,7
302,30,23,8,5
302,31,15,0,8
302,32,9,6,7
302,33,8,5,9
303,-40,22,3,5
303,-39,9,4,2
303,-38,26,3,6
303,17,2,9,8
303,20,31,6,8
303,21,1,1,8
303,24,33,2,5
303,25,5,6,5
303,26,17,8,9
303,27,29,3,9
303,30,23,1,4
304,-40,4,1,3
304,-39,31,6,5
304,-38,3,4,5
304,-27,19,5,3
304,-26,29,7,8
304,-25,27,3,1
304,20,8,6,3
304,21,32,0,9
304,22,1,0,1
304,23,21,2,3
304,24,29,1,3
304,25,24,8,1
304,26,31,7,6
304,27,26,2,7
305,-39,28,4,4
305,-38,21,8,3
305,-27,12,7,2
305,-26,34,8,4
305,-25,32,0,2
305,-15,23,9,2
305,-14,4,6,4
305,-13,31,5,1
305,20,7,6,2
305,21,13,5,8
305,22,31,6,4
305,23,8,1,7
305,24,34,7,1
305,25,1,6,3
305,26,15,5,7
306,-39,20,7,8
306,-38,23,4,1
306,-27,31,4,9
306,-26,21,8,6
306,-25,13,3,5
306,-15,9,5,3
306,-14,24,5,3
306,22,5,8,2
306,23,18,3,5
306,24,19,5,5
306,25,14,3,7
306,26,20,3,7
306,27,4,6,1
307,-39,17,0,8
307,-38,19,9,8
307,-27,6,7,9
307,-26,14,8,1
307,-25,20,8,6
307,-24,22,7,7
307,-16,4,1,4
307,-15,28,8,2
307,-14,15,0,1
308,-39,27,1,5
308,-38,27,8,3
308,-28,26,1,4
308,-27,16,7,4
308,-26,16,0,3
308,-25,25,9,2
308,-24,15,8,3
308,-16,10,7,8
308,-15,19,7,3
308,-14,7,7,6
309,-38,3,6,3
309,-28,19,7,5
309,-27,27,0,9
309,-24,6,7,8
309,-23,4,8,6
309,-22,34,8,8
309,-18,34,3,4
309,-17,21,4,4
309,-16,25,1,2
309,-15,29,6,4
309,-14,25,0,1
310,-38,7,7,6
310,-35,25,2,4
310,-29,1,1,1
310,-28,19,9,2
310,-27,20,5,2
310,-23,28,2,3
310,-22,22,3,1
310,-21,17,9,3
310,-20,33,4,3
310,-19,19,0,6
310,-18,11,1,5
310,-17,11,1,8
310,-16,31,1,1
310,-15,32,1,6
310,32,32,1,4
310,33,17,2,2
310,34,4,7,5
310,35,28,3,3
310,36,26,1,1
310,37,11,5,7
310,38,4,5,5
311,-35,34,2,4
311,-34,24,9,6
311,-33,2,5,3
311,-32,30,4,7
311,-31,14,7,3
311,-30,21,6,8
311,-29,9,2,1
311,-28,33,6,2
311,-22,31,4,9
311,-21,31,7,9
311,-20,28,7,9
311,-19,29,5,3
311,-18,13,3,7
311,-17,17,0,7
311,-16,24,1,1
311,35,18,2,8
311,36,33,7,9
311,37,30,8,5
311,38,10,4,2
311,39,31,0,2
311,40,11,3,3
311,41,3,6,1
312,-36,7,4,9
312,-35,27,6,9
312,-34,3,3,1
312,-33,7,7,5
312,-32,6,1,3
312,-31,19,2,4
312,-30,27,4,7
312,-29,30,3,3
312,38,29,2,3
312,39,9,4,8
312,40,14,4,5
312,41,32,0,8
312,42,19,6,9
312,43,32,7,7
312,44,31,2,8
313,-34,27,5,8
313,-33,30,4,7
313,-32,1,0,1
313,-31,22,0,9
313,-30,22,2,9
313,40,17,6,1
313,41,7,6,6
313,42,23,2,4
313,43,15,7,4
313,44,34,8,2
314,43,21,6,4
314,44,25,2,9
318,14,10,6,1
318,15,29,6,5
318,16,25,9,1
319,14,23,4,2
319,15,33,4,1
319,16,17,9,8
320,14,34,4,4
320,15,21,3,7
320,16,17,5,1
321,14,9,2,8
321,15,8,6,4
321,16,8,2,9
322,14,24,0,4
322,15,18,1,5
322,16,30,9,8
323,-49,13,0,3
323,-48,12,3,6
323,-47,1,1,6
323,-12,10,4,4
323,-11,4,9,5
323,-10,29,1,8
323,14,4,0,4
323,15,23,0,2
323,16,5,0,8
324,-49,17,1,4
324,-48,1,0,6
324,-47,24,8,5
324,-12,27,2,9
324,-11,30,4,5
324,-10,23,4,4
324,14,2,0,6
324,15,14,2,3
324,16,9,7,6
325,-49,32,2,8
325,-48,19,9,4
325,-47,21,4,4
325,-12,26,3,1
325,-11,32,9,4
325,-10,25,9,7
325,14,10,0,5
325,15,17,0,5
325,16,12,3,1
326,-48,10,2,5
326,-47,14,5,2
326,-12,8,4,7
326,-11,15,9,4
327,-48,31,1,7
327,-47,2,2,5
328,14,3,6,4
328,15,17,1,3
328,16,15,5,2
329,-24,10,3,6
329,-23,11,9,7
329,-22,18,1,1
329,-21,24,8,2
329,-20,19,3,3
329,-19,10,7,7
329,-18,4,4,4
329,-17,27,2,1
329,-16,32,6,3
329,-15,20,7,2
329,-14,29,7,9
329,-13,12,8,5
329,-12,25,9,7
329,14,20,0,8
329,15,10,1,7
330,-44,33,3,4
330,-43,9,6,5
330,-42,31,9,4
330,-41,6,0,4
330,-40,27,8,3
330,-36,29,4,1
330,-35,29,0,6
330,-34,31,0,9
330,-33,10,4,8
330,-32,24,1,6
330,-31,9,9,7
330,-30,18,8,4
330,-26,23,4,1
330,-25,6,2,6
330,-24,29,2,1
330,-23,28,4,7
330,-22,18,3,5
330,-21,30,7,1
330,-20,12,2,7
330,-19,4,3,8
330,-18,29,3,6
330,-17,21,2,3
330,-16,8,5,5
330,-15,22,1,3
330,-14,16,4,5
330,-13,14,5,4
330,14,7,5,8
330,15,26,3,2
331,-32,26,1,5
331,-31,4,9,6
331,-30,8,1,1
331,-29,28,0,3
331,-27,14,1,6
331,-26,14,5,2
331,-25,31,2,6
331,-24,1,4,4
331,14,29,3,3
331,15,9,8,8
332,-30,13,8,4
332,-29,26,2,1
332,-27,27,2,9
332,-26,26,1,6
332,14,6,1,2
332,15,16,3,8
333,-29,6,1,1
333,-28,33,2,4
333,-27,28,5,2
333,14,3,0,3
333,15,15,5,1
334,-29,24,4,6
334,-28,27,3,2
334,-27,19,0,6
334,14,8,9,4
334,15,30,8,5
335,-29,9,1,4
335,-28,15,0,9
335,-27,2,6,3
335,14,21,3,4
335,15,9,0,1
336,-29,19,5,5
336,-28,33,8,2
336,-27,9,4,7
336,14,28,9,5
336,15,19,9,6
337,14,28,6,5
337,15,27,8,4
338,14,34,5,9
338,15,30,4,2
339,14,4,3,3
339,15,34,5,5
340,14,24,7,6
340,15,25,3,4
