age,gender,race/ethnicity,address,city,state,zipcode,phone_number
85,Genderfluid,Comanche,3 Lakewood Drive,Houston,Texas,77080,510-409-5651
21,Female,Chinese,3 Debra Junction,Detroit,Michigan,48295,518-908-1693
93,Male,Ottawa,63 Delaware Center,Prescott,Arizona,86305,765-393-1080
22,Male,Kiowa,515 David Court,Saint Paul,Minnesota,55114,502-576-7976
30,Female,Ottawa,1 Kennedy Parkway,San Bernardino,California,92410,217-792-1343
68,Female,Navajo,87500 Golf View Place,El Paso,Texas,79928,904-337-7005
30,Male,Samoan,0627 Farwell Alley,Peoria,Illinois,61640,602-299-6105
81,Female,Latin American Indian,67459 Haas Hill,Erie,Pennsylvania,16510,202-778-6576
71,Female,Potawatomi,1 Huxley Junction,Portland,Oregon,97229,714-876-6249
75,Female,Cree,66 Browning Point,Richmond,Virginia,23237,918-378-3135
79,Female,Seminole,38151 Crest Line Road,Denver,Colorado,80217,608-820-4275
51,Female,Thai,803 Eggendart Park,Santa Fe,New Mexico,87592,914-991-4292
59,Female,Potawatomi,8692 Grim Pass,Tyler,Texas,75705,734-370-3196
25,Female,Laotian,560 Hauk Court,Washington,District of Columbia,20566,407-942-2387
30,Female,Creek,14 Waywood Hill,Greenville,South Carolina,29605,940-977-2270
30,Male,Cheyenne,4 Summer Ridge Crossing,Jersey City,New Jersey,07305,339-948-5337
32,Female,Alaskan Athabascan,4477 Sunnyside Circle,Billings,Montana,59112,949-275-3714
69,Male,Yaqui,2475 Nelson Drive,Waco,Texas,76796,504-934-5995
42,Female,Chinese,38080 Hallows Center,Clearwater,Florida,33763,646-343-8568
69,Female,Filipino,7 Bultman Lane,Charleston,South Carolina,29411,808-366-7937
68,Non-binary,Puget Sound Salish,07 Memorial Terrace,Buffalo,New York,14205,951-774-4632
79,Female,Argentinian,92990 Shasta Lane,Greenville,South Carolina,29610,209-444-5468
61,Female,Iroquois,39 Sycamore Trail,Riverside,California,92513,678-989-2763
36,Female,Samoan,332 Gateway Point,Washington,District of Columbia,20231,812-664-0499
26,Female,Korean,260 Oneill Point,Henderson,Nevada,89074,843-573-1196
34,Male,Korean,14 Service Crossing,Tampa,Florida,33647,775-752-0509
29,Male,Seminole,44653 Brown Center,Des Moines,Iowa,50981,518-801-7597
37,Female,Chilean,75 Pankratz Trail,Springfield,Missouri,65898,716-753-9675
73,Female,Mexican,60144 Lakeland Court,Fargo,North Dakota,58122,915-465-9614
43,Male,Mexican,4 Grim Parkway,Sacramento,California,95865,515-641-4291
61,Genderqueer,Guatemalan,049 Esch Alley,Fort Worth,Texas,76115,918-255-0760
33,Female,Latin American Indian,7 Esch Road,Tucson,Arizona,85705,562-843-0807
99,Male,Comanche,89 Tennyson Parkway,Merrifield,Virginia,22119,440-129-1516
78,Male,Hmong,880 Marcy Drive,Miami,Florida,33142,832-593-5844
19,Male,Asian,4 Forest Street,Detroit,Michigan,48211,406-856-3314
42,Male,Seminole,25570 Derek Pass,Pompano Beach,Florida,33075,513-423-2232
67,Female,Cherokee,400 Rockefeller Way,Fayetteville,North Carolina,28314,512-720-4314
68,Female,Yaqui,44647 Declaration Hill,Topeka,Kansas,66622,510-321-8043
79,Male,Houma,6 Grover Avenue,Kansas City,Missouri,64179,904-170-8323
66,Female,Colombian,773 Randy Circle,San Diego,California,92137,859-214-9392
61,Male,Puget Sound Salish,80144 Pepper Wood Junction,Syracuse,New York,13205,623-707-9468
43,Female,Choctaw,6 Valley Edge Place,Santa Monica,California,90410,251-314-8766
72,Female,Asian,259 Elka Terrace,Sacramento,California,94250,626-404-8303
80,Female,Delaware,71 Dennis Plaza,Tampa,Florida,33661,516-331-4988
100,Male,Lumbee,64 Charing Cross Hill,Baltimore,Maryland,21239,913-647-7340
29,Male,Spaniard,631 Prairieview Avenue,Dallas,Texas,75221,305-258-5522
52,Genderqueer,Cherokee,5 Schlimgen Place,Cincinnati,Ohio,45243,813-930-3628
97,Female,Creek,5 Nancy Avenue,Tulsa,Oklahoma,74170,786-259-0900
23,Female,Ute,7750 Clyde Gallagher Lane,New York City,New York,10009,214-255-4000
61,Female,Houma,6 Springview Road,Carol Stream,Illinois,60351,559-622-2100
81,Male,Chickasaw,280 Forest Parkway,Washington,District of Columbia,20238,240-539-0426
54,Male,White,2 Grover Center,Newton,Massachusetts,02458,985-649-1857
60,Male,Lumbee,10601 Lakewood Pass,Independence,Missouri,64054,571-462-2277
85,Male,Filipino,2940 Delaware Road,Tucson,Arizona,85732,786-281-2995
46,Bigender,Pueblo,372 Ludington Place,Glendale,Arizona,85305,205-709-6376
81,Male,Chilean,021 Quincy Terrace,New York City,New York,10110,214-709-8137
93,Male,Cree,71280 Oxford Center,Indianapolis,Indiana,46266,347-379-8082
47,Female,White,379 Hansons Crossing,Jersey City,New Jersey,07305,915-453-5874
99,Female,Chilean,95 Mandrake Plaza,Austin,Texas,78721,614-205-3348
49,Female,Guatemalan,761 Ridgeview Lane,Las Vegas,Nevada,89130,916-715-2015
24,Male,Sri Lankan,3462 Weeping Birch Lane,Sarasota,Florida,34233,908-305-6889
35,Female,Nicaraguan,277 Pine View Hill,Pasadena,California,91125,206-649-0165
90,Female,Bolivian,8 Farragut Court,Kansas City,Missouri,64101,615-189-6197
72,Agender,Cuban,92010 Springview Circle,Ashburn,Virginia,22093,619-989-7983
99,Female,Paraguayan,12705 Lighthouse Bay Place,Bellevue,Washington,98008,916-193-7664
23,Female,Cuban,155 Manley Center,Beaumont,Texas,77705,702-593-4946
30,Female,Laotian,62171 Carberry Way,Tulsa,Oklahoma,74116,469-885-7099
60,Male,Melanesian,670 Tomscot Pass,Midland,Texas,79705,202-634-8040
77,Female,Japanese,6999 Dunning Parkway,North Little Rock,Arkansas,72118,440-826-0687
82,Male,Lumbee,7693 Canary Circle,Houston,Texas,77055,512-222-7794
46,Female,Samoan,026 Trailsway Street,Bismarck,North Dakota,58505,515-128-6863
76,Female,Laotian,48 Maryland Parkway,Pasadena,California,91125,210-254-3857
60,Male,Samoan,415 Barnett Point,Bismarck,North Dakota,58505,773-286-1438
94,Male,Laotian,48113 Southridge Trail,Miami,Florida,33233,414-121-6825
100,Male,Polynesian,6 Eggendart Alley,Dayton,Ohio,45419,330-954-1650
27,Female,Native Hawaiian,56 Straubel Trail,Richmond,Virginia,23213,309-747-6189
34,Male,Korean,0634 Menomonie Plaza,Peoria,Illinois,61635,210-608-5509
91,Female,Native Hawaiian and Other Pacific Islander (NHPI),99451 Artisan Avenue,Harrisburg,Pennsylvania,17121,323-392-9658
48,Male,Filipino,85 Pawling Road,Fort Pierce,Florida,34981,606-995-5099
22,Male,Iroquois,82489 Kinsman Parkway,Salt Lake City,Utah,84135,727-720-8700
61,Female,Delaware,05095 Bayside Drive,Mesa,Arizona,85210,510-956-7504
91,Male,Thai,419 Browning Drive,Portland,Oregon,97296,321-908-9175
50,Male,Chickasaw,018 Erie Alley,Pompano Beach,Florida,33069,267-663-7720
62,Female,American Indian,9088 Pennsylvania Way,Norman,Oklahoma,73071,951-869-5039
87,Non-binary,Ute,2 Dahle Drive,El Paso,Texas,79984,817-591-4928
54,Male,Yuman,60 American Pass,Saint Petersburg,Florida,33715,509-177-5631
30,Male,Puget Sound Salish,81 Montana Parkway,Burbank,California,91505,202-903-8923
59,Female,Alaska Native,09 Spohn Crossing,Irving,Texas,75037,317-125-6834
65,Genderfluid,Osage,564 Acker Terrace,Greensboro,North Carolina,27404,713-184-7722
58,Female,Cree,716 Namekagon Park,New York City,New York,10034,229-731-6402
32,Female,Mexican,664 Kingsford Way,Silver Spring,Maryland,20910,540-665-9504
30,Male,Osage,773 Grayhawk Terrace,Boston,Massachusetts,02104,304-940-9137
66,Male,Kiowa,7673 Melody Parkway,Aiken,South Carolina,29805,218-264-2229
32,Polygender,Fijian,0015 Blaine Street,Muncie,Indiana,47306,850-460-7719
79,Female,Ottawa,56728 Spaight Point,Morgantown,West Virginia,26505,719-246-0247
35,Female,Sioux,824 West Crossing,Cincinnati,Ohio,45249,941-292-2371
93,Female,Indonesian,69017 Loftsgordon Hill,Dallas,Texas,75246,212-839-1008
73,Male,Alaskan Athabascan,8220 Hoepker Terrace,Corona,California,92883,386-509-7899
42,Male,Samoan,98 Hayes Terrace,Monroe,Louisiana,71213,254-421-8911
33,Male,Kiowa,725 Erie Court,Tucson,Arizona,85725,816-701-3624
46,Male,Tongan,476 Roxbury Avenue,Santa Fe,New Mexico,87592,910-176-5537
76,Female,Puerto Rican,26 David Lane,Toledo,Ohio,43699,484-652-6651
82,Male,Colombian,536 Old Shore Crossing,Hartford,Connecticut,06120,770-764-7689
20,Female,White,70 Hooker Pass,Aiken,South Carolina,29805,915-858-3296
92,Male,Hmong,53 Stoughton Center,Rochester,New York,14652,202-984-0705
25,Male,Colville,78 Village Green Terrace,Brockton,Massachusetts,02305,203-287-7908
33,Female,Panamanian,268 Banding Road,Roanoke,Virginia,24024,626-614-5327
29,Female,Chilean,9 Truax Parkway,Orange,California,92867,913-980-2509
56,Female,Ottawa,84982 Fallview Junction,Evansville,Indiana,47712,419-615-9584
64,Male,Korean,4 Randy Plaza,Lawrenceville,Georgia,30245,913-143-9941
30,Male,Laotian,666 Tony Terrace,Bloomington,Indiana,47405,304-946-2573
78,Bigender,Aleut,0 Hoard Pass,Loretto,Minnesota,55598,765-862-5575
37,Male,Native Hawaiian,75493 Stephen Trail,Ocala,Florida,34479,812-511-1600
37,Male,Panamanian,8 Gateway Junction,Bronx,New York,10459,215-245-3753
42,Female,South American,97721 Marcy Way,Houston,Texas,77206,724-962-6325
36,Male,Lumbee,315 Anderson Court,Fresno,California,93726,540-772-2903
51,Female,Colville,17548 Buena Vista Way,El Paso,Texas,88514,512-571-4532
96,Male,Tlingit-Haida,30202 Rutledge Terrace,San Antonio,Texas,78235,520-432-1738
22,Female,Yakama,26 Truax Park,Topeka,Kansas,66622,626-406-2643
40,Male,Tongan,988 Burrows Avenue,Bronx,New York,10459,410-570-1127
52,Female,Kiowa,43891 Russell Alley,North Little Rock,Arkansas,72199,316-581-8390
96,Female,Cree,90 Westend Junction,Huntsville,Alabama,35815,727-620-0860
94,Male,American Indian and Alaska Native (AIAN),99 Cascade Crossing,Des Moines,Iowa,50310,502-131-4859
94,Male,Cherokee,376 Coleman Center,Buffalo,New York,14215,937-562-2510
62,Female,Yuman,3 Bashford Pass,Saint Louis,Missouri,63169,305-715-6514
41,Female,Laotian,3 Truax Plaza,Philadelphia,Pennsylvania,19146,209-333-1328
85,Bigender,Cambodian,9261 Schiller Circle,Pittsburgh,Pennsylvania,15205,772-847-3267
20,Female,Asian,04 Petterle Avenue,Salt Lake City,Utah,84140,850-488-4306
42,Male,Alaska Native,688 2nd Terrace,Baton Rouge,Louisiana,70883,903-230-6261
55,Male,Nicaraguan,726 1st Junction,Naples,Florida,33961,202-490-3046
53,Female,Alaskan Athabascan,04231 Northview Park,Marietta,Georgia,30066,773-383-1626
21,Male,Lumbee,206 Rieder Road,Fort Lauderdale,Florida,33330,612-591-7161
61,Female,Apache,76131 Morning Alley,Pensacola,Florida,32575,864-975-0169
88,Female,Korean,82 Carioca Trail,Tuscaloosa,Alabama,35487,504-423-0633
64,Male,Tongan,1088 Pine View Plaza,Buffalo,New York,14210,510-948-7229
95,Male,American Indian,93183 Knutson Plaza,Toledo,Ohio,43605,240-375-5794
89,Male,Native Hawaiian and Other Pacific Islander (NHPI),0139 Buell Trail,Tulsa,Oklahoma,74116,304-946-2255
45,Male,Crow,15 Homewood Court,Huntsville,Alabama,35815,646-909-5672
26,Male,Fijian,8958 Darwin Road,Peoria,Illinois,61629,503-710-1445
23,Agender,Lumbee,09 La Follette Junction,Cincinnati,Ohio,45228,561-429-5496
28,Male,White,51 Gale Court,Columbia,South Carolina,29240,405-489-3205
82,Female,Indonesian,0 Farmco Junction,Houston,Texas,77040,202-928-3033
60,Male,Salvadoran,1779 Bowman Street,Washington,District of Columbia,20016,202-679-4535
52,Male,Chickasaw,4 Delaware Way,San Jose,California,95173,816-817-0861
59,Female,Chickasaw,23326 Spaight Center,Little Rock,Arkansas,72215,605-704-9472
57,Female,Filipino,07 Burrows Point,Des Moines,Iowa,50330,406-411-9617
20,Female,Ute,2 Blackbird Terrace,West Palm Beach,Florida,33405,757-233-5092
95,Agender,Tongan,42 Lillian Lane,Jacksonville,Florida,32277,909-259-9126
71,Female,Dominican (Dominican Republic),96 Crowley Crossing,Colorado Springs,Colorado,80995,202-833-7182
60,Female,Alaska Native,58987 Crest Line Way,Winter Haven,Florida,33884,937-452-6274
60,Male,Pueblo,2651 Eastlawn Center,Pittsburgh,Pennsylvania,15225,402-211-0992
58,Female,Melanesian,04184 Old Gate Parkway,Worcester,Massachusetts,01654,901-716-1667
68,Male,Cherokee,5030 Dwight Street,Atlanta,Georgia,31132,850-412-2917
55,Female,Choctaw,7360 Mayer Parkway,Boulder,Colorado,80328,251-222-7494
52,Female,Eskimo,2804 Annamark Alley,Buffalo,New York,14269,203-964-5768
79,Female,Puget Sound Salish,619 Forest Junction,Denver,Colorado,80223,973-581-0020
95,Male,Pueblo,1 Lighthouse Bay Center,Baltimore,Maryland,21216,646-968-0819
51,Polygender,Creek,82 Linden Street,Cincinnati,Ohio,45264,208-664-9002
54,Male,Creek,5460 Ilene Road,Des Moines,Iowa,50362,970-830-0169
100,Female,Polynesian,99009 Forest Place,Torrance,California,90505,267-425-9926
91,Male,Filipino,031 Cherokee Way,Jersey City,New Jersey,07305,786-370-8668
39,Female,Puget Sound Salish,8387 Fallview Trail,Berkeley,California,94705,334-715-2445
95,Female,Mexican,77351 Homewood Parkway,Lexington,Kentucky,40576,850-344-9670
81,Agender,Pakistani,21 Melrose Circle,Philadelphia,Pennsylvania,19120,916-502-1898
23,Female,Cuban,42 Canary Parkway,Fort Worth,Texas,76110,806-618-5726
24,Genderqueer,Native Hawaiian and Other Pacific Islander (NHPI),59238 Warner Lane,Washington,District of Columbia,20535,602-208-0822
92,Female,American Indian and Alaska Native (AIAN),08 Ryan Way,Boise,Idaho,83716,205-465-1431
35,Male,Native Hawaiian,71785 Acker Parkway,Lansing,Michigan,48930,412-947-2572
74,Non-binary,Cree,1137 Vernon Parkway,Chicago,Illinois,60619,410-865-6510
41,Female,Colville,61 Walton Circle,Richmond,Virginia,23208,917-112-3648
68,Female,Sri Lankan,7 Utah Parkway,Fresno,California,93726,336-946-0610
76,Male,Cuban,032 Gina Plaza,Moreno Valley,California,92555,941-508-6889
91,Female,Laotian,37613 Upham Alley,Denver,Colorado,80291,713-428-7179
19,Female,Creek,44 Center Pass,Springfield,Illinois,62764,404-390-4327
25,Male,Laotian,1 Springs Plaza,Jacksonville,Florida,32225,312-392-2415
43,Male,Osage,6898 Fulton Lane,Saginaw,Michigan,48609,316-289-4875
79,Male,Tongan,4 Paget Junction,Long Beach,California,90805,202-922-2860
73,Male,Yuman,25457 Spohn Circle,Oxnard,California,93034,917-599-8247
20,Male,Chamorro,3 Sherman Circle,Las Vegas,Nevada,89160,801-726-3037
32,Female,Sri Lankan,8466 Magdeline Trail,Kansas City,Missouri,64193,937-554-8961
44,Male,Indonesian,15485 Nancy Pass,New Haven,Connecticut,06505,302-393-1879
96,Genderqueer,Asian Indian,7 Hoard Trail,Des Moines,Iowa,50330,303-483-2020
49,Polygender,Native Hawaiian,60 Graedel Street,Anderson,South Carolina,29625,760-847-6922
62,Male,American Indian,58 Lindbergh Parkway,Denver,Colorado,80223,937-984-3383
32,Male,Shoshone,8 Mesta Junction,Bellevue,Washington,98008,843-539-5073
82,Male,Asian,993 Veith Road,Washington,District of Columbia,20508,816-754-9965
81,Male,Crow,93 Novick Court,Migrate,Kentucky,41905,971-304-1675
55,Female,Chamorro,55 East Terrace,Topeka,Kansas,66606,915-527-0627
44,Female,Polynesian,68699 Killdeer Point,Indianapolis,Indiana,46216,210-633-0130
32,Male,Pueblo,06660 Butternut Junction,Los Angeles,California,90025,718-876-4107
97,Female,Salvadoran,4919 Di Loreto Alley,Portland,Oregon,97240,502-541-4345
87,Male,Tlingit-Haida,64 Sheridan Alley,New Orleans,Louisiana,70154,910-523-7854
61,Male,Peruvian,6406 Chive Point,Peoria,Illinois,61635,404-176-8532
86,Female,Tongan,15669 Longview Pass,Merrifield,Virginia,22119,336-492-7819
74,Male,Thai,21 Talmadge Trail,San Jose,California,95118,505-619-1694
73,Female,Blackfeet,60 Annamark Avenue,Duluth,Minnesota,55811,702-824-8241
84,Male,Korean,1 Vermont Circle,Reno,Nevada,89550,310-456-1003
37,Female,Central American,17736 Jackson Way,Tulsa,Oklahoma,74141,254-692-2822
88,Polygender,Laotian,28955 Donald Park,Orange,California,92668,904-395-7724
100,Female,Crow,8465 Judy Park,Levittown,Pennsylvania,19058,912-343-9187
41,Male,Puerto Rican,0931 Surrey Avenue,Chicago,Illinois,60646,727-362-1889
59,Female,Shoshone,64 Tomscot Pass,Washington,District of Columbia,20041,518-184-9523
88,Male,Kiowa,74060 Memorial Plaza,Stockton,California,95298,636-680-8772
86,Male,Puget Sound Salish,0967 Russell Terrace,Chicago,Illinois,60646,937-786-7697
69,Male,Laotian,65398 Declaration Park,Durham,North Carolina,27717,813-659-1415
51,Male,Uruguayan,8532 Eastlawn Street,San Francisco,California,94177,661-337-6941
61,Female,Puget Sound Salish,1 Merrick Hill,Montgomery,Alabama,36195,901-995-6187
34,Female,Native Hawaiian and Other Pacific Islander (NHPI),678 Sunnyside Point,Shawnee Mission,Kansas,66225,281-557-6905
37,Male,Hmong,235 Magdeline Road,Cleveland,Ohio,44125,215-110-6421
22,Female,Hmong,79641 Glacier Hill Point,Albuquerque,New Mexico,87195,661-184-2133
51,Female,Seminole,857 Kennedy Place,Pensacola,Florida,32526,951-246-3952
36,Male,Bolivian,14 Dexter Crossing,Fort Wayne,Indiana,46862,702-807-6121
69,Non-binary,Japanese,670 Moulton Alley,Honolulu,Hawaii,96805,763-724-1084
54,Male,Japanese,42114 Donald Junction,San Jose,California,95160,786-851-7956
29,Non-binary,Guamanian,52744 Springview Road,Wilmington,Delaware,19892,916-997-5658
74,Male,Puerto Rican,46 Pine View Crossing,Brea,California,92822,617-175-9445
36,Female,Native Hawaiian and Other Pacific Islander (NHPI),0 Petterle Point,Akron,Ohio,44305,313-224-0148
89,Male,Potawatomi,724 Sage Hill,North Hollywood,California,91606,770-925-8918
82,Male,Korean,91341 Valley Edge Alley,Spring,Texas,77388,860-115-0284
64,Male,Asian Indian,3533 Prairie Rose Road,Mesa,Arizona,85215,817-706-6125
65,Female,Native Hawaiian,57 Colorado Avenue,Lynchburg,Virginia,24503,915-302-9177
27,Male,Spaniard,78 Esker Terrace,Dallas,Texas,75236,404-781-4226
87,Female,Tlingit-Haida,5796 Blue Bill Park Pass,Elizabeth,New Jersey,07208,818-414-4141
98,Male,Colville,878 Pepper Wood Avenue,El Paso,Texas,79905,804-903-8392
29,Male,Sioux,90 Lillian Parkway,Ann Arbor,Michigan,48107,323-824-0932
89,Female,Seminole,950 Melody Place,Orlando,Florida,32859,508-905-0565
76,Male,Potawatomi,7128 Darwin Trail,Las Vegas,Nevada,89178,408-514-7515
34,Female,American Indian,2 Hallows Road,Colorado Springs,Colorado,80915,845-300-0383
70,Male,Yakama,84151 Division Drive,Washington,District of Columbia,20456,617-484-5751
91,Female,Choctaw,436 Eliot Terrace,Palmdale,California,93591,202-345-2372
23,Male,Chickasaw,06874 Warbler Plaza,Woburn,Massachusetts,01813,217-632-7792
60,Female,Vietnamese,6019 Vernon Parkway,Detroit,Michigan,48224,253-956-1426
64,Male,Menominee,558 Sugar Avenue,Los Angeles,California,90189,480-281-3003
96,Male,Navajo,54309 Dorton Circle,New Haven,Connecticut,06520,517-271-9159
28,Genderfluid,Puget Sound Salish,390 2nd Drive,New York City,New York,10045,508-908-1880
52,Male,Honduran,4093 Sommers Point,Wichita,Kansas,67220,417-508-2548
69,Male,Polynesian,76 Kingsford Road,Dallas,Texas,75287,312-800-7688
100,Female,Yaqui,16147 Express Circle,Milwaukee,Wisconsin,53220,781-210-8950
41,Female,Asian Indian,1005 Oneill Way,Portsmouth,New Hampshire,03804,517-570-2074
66,Female,American Indian,943 Springs Pass,Philadelphia,Pennsylvania,19184,570-689-4810
69,Male,Tongan,84 Redwing Center,San Diego,California,92153,210-588-8862
59,Male,Aleut,3258 5th Hill,New York City,New York,10009,202-771-6949
80,Female,Chilean,4 Morning Avenue,Naples,Florida,33961,502-464-7672
25,Male,Costa Rican,84919 Dapin Alley,Tampa,Florida,33610,713-867-2087
51,Male,Cuban,6 Monterey Place,Zephyrhills,Florida,33543,702-155-0427
55,Female,Japanese,245 Badeau Court,Roanoke,Virginia,24040,415-129-8883
48,Female,Native Hawaiian and Other Pacific Islander (NHPI),69298 Gale Terrace,Fort Wayne,Indiana,46857,571-546-4823
74,Female,Filipino,95 Sachs Way,South Bend,Indiana,46634,713-751-9272
53,Female,Cambodian,5 Forest Lane,Manassas,Virginia,22111,516-637-4901
27,Female,Sioux,015 Comanche Way,Gastonia,North Carolina,28055,626-351-3449
36,Male,Iroquois,3 Leroy Avenue,Baton Rouge,Louisiana,70805,512-190-7361
38,Bigender,Crow,593 Calypso Street,Nashville,Tennessee,37205,202-277-0581
78,Polygender,Peruvian,37387 Bunting Place,Miami,Florida,33245,559-222-8962
53,Male,Taiwanese,9899 Westend Junction,Duluth,Georgia,30195,701-330-7732
29,Female,Fijian,22 Clyde Gallagher Plaza,Sacramento,California,94291,817-708-1525
98,Bigender,Cheyenne,64 Waxwing Avenue,Arlington,Virginia,22212,478-946-6508
21,Male,Navajo,13890 Sunbrook Parkway,Newark,New Jersey,07104,206-942-3768
94,Male,Chamorro,729 Lighthouse Bay Junction,Saint Paul,Minnesota,55114,401-349-8186
18,Male,Japanese,35919 Hansons Center,Washington,District of Columbia,20380,305-409-0659
23,Male,Filipino,40051 Pennsylvania Junction,Syracuse,New York,13205,972-971-1805
62,Female,Dominican (Dominican Republic),308 Nancy Place,Phoenix,Arizona,85035,408-507-3313
88,Female,Asian,65896 Emmet Road,Madison,Wisconsin,53705,907-601-0048
67,Female,Hmong,5966 Loftsgordon Plaza,Cincinnati,Ohio,45218,832-603-8563
31,Female,Eskimo,07194 Bowman Center,Grand Rapids,Michigan,49560,713-372-5884
48,Male,Pueblo,1 Spaight Way,Florence,South Carolina,29505,501-354-9654
44,Female,Ecuadorian,8 Elmside Avenue,Houston,Texas,77075,225-430-8147
71,Female,Native Hawaiian and Other Pacific Islander (NHPI),168 Lunder Plaza,Albuquerque,New Mexico,87115,213-939-1633
23,Male,Korean,72019 Springs Terrace,Washington,District of Columbia,20226,770-195-1627
29,Male,Japanese,65622 Hooker Point,Indianapolis,Indiana,46207,501-228-3123
76,Male,Guamanian,6699 Calypso Terrace,Nashville,Tennessee,37205,541-503-9330
41,Female,Yaqui,4191 Comanche Hill,Brooklyn,New York,11215,503-877-8573
41,Female,Cheyenne,82832 Tomscot Crossing,Muskegon,Michigan,49444,910-526-9806
98,Female,Chinese,61556 Haas Circle,Wilkes Barre,Pennsylvania,18768,432-876-0067
38,Male,South American,01 Dayton Park,Chicago,Illinois,60652,414-432-1189
30,Male,Seminole,32 Packers Lane,Fullerton,California,92640,817-514-3506
34,Male,Puerto Rican,8271 Autumn Leaf Point,Kalamazoo,Michigan,49048,912-413-9112
40,Male,Colombian,52 Raven Pass,Fresno,California,93709,719-674-4009
34,Female,Costa Rican,214 Mendota Court,Valdosta,Georgia,31605,314-648-2313
34,Male,Nicaraguan,096 Stoughton Avenue,Birmingham,Alabama,35215,727-273-0311
66,Female,Colville,9472 Elmside Pass,Erie,Pennsylvania,16522,309-129-4750
46,Female,Thai,8 Kensington Terrace,New York City,New York,10292,240-799-5693
55,Agender,Asian Indian,92831 Troy Point,Chicago,Illinois,60697,501-118-0559
59,Male,Fijian,1 Colorado Point,Norcross,Georgia,30092,701-558-0260
51,Female,Guamanian,58 Arrowood Circle,Seattle,Washington,98109,916-589-1857
30,Female,Korean,4 Bartillon Drive,Omaha,Nebraska,68110,205-615-1708
33,Female,Chamorro,3 Miller Park,North Hollywood,California,91616,781-867-7370
18,Female,Alaska Native,722 Russell Way,Dayton,Ohio,45432,410-112-1816
71,Male,Ecuadorian,532 Moose Crossing,Little Rock,Arkansas,72222,203-635-2662
57,Male,Creek,5461 Norway Maple Trail,Fort Worth,Texas,76147,520-106-0580
100,Female,Pueblo,55431 Rieder Place,Des Moines,Iowa,50981,813-359-2995
60,Male,Kiowa,6980 Waywood Drive,Portsmouth,Virginia,23705,626-967-4729
41,Female,Uruguayan,8 Sheridan Terrace,Detroit,Michigan,48242,863-762-4539
76,Genderfluid,Indonesian,3056 Acker Park,Colorado Springs,Colorado,80945,608-530-1620
32,Female,Pima,5 Northwestern Park,Trenton,New Jersey,08619,850-270-0547
65,Male,Black or African American,661 Luster Avenue,Garden Grove,California,92645,716-682-9177
73,Male,Iroquois,445 Farmco Way,Charlotte,North Carolina,28299,814-394-1974
35,Female,American Indian,701 Fulton Road,Oklahoma City,Oklahoma,73157,703-184-0502
58,Female,Comanche,209 Ilene Point,Saint Louis,Missouri,63167,701-285-6474
67,Female,Nicaraguan,4161 Cambridge Alley,Dayton,Ohio,45440,352-934-9593
22,Female,Seminole,5534 Delaware Crossing,Savannah,Georgia,31410,814-169-4551
50,Male,Chippewa,716 Westridge Trail,Corpus Christi,Texas,78465,661-166-9930
84,Female,Eskimo,51 International Center,Arlington,Virginia,22217,209-903-5598
32,Female,Paiute,0069 Claremont Terrace,Midland,Michigan,48670,404-420-7196
87,Female,Cambodian,492 Monument Avenue,Salt Lake City,Utah,84152,423-425-4657
74,Female,Pakistani,76857 Browning Way,Bakersfield,California,93305,706-511-1376
54,Non-binary,Yaqui,82808 Meadow Ridge Avenue,Phoenix,Arizona,85020,407-732-1030
75,Female,Navajo,7099 Blue Bill Park Avenue,North Port,Florida,34290,305-538-9270
93,Female,Taiwanese,2 Karstens Junction,Orlando,Florida,32830,843-441-1612
52,Female,Shoshone,06 Ridgeway Park,San Mateo,California,94405,312-827-8806
62,Male,Native Hawaiian,8 Commercial Plaza,North Hollywood,California,91616,937-236-0770
27,Male,Pakistani,0 Fulton Court,Wichita,Kansas,67230,818-594-3882
75,Bigender,Sioux,7955 Briar Crest Center,Colorado Springs,Colorado,80940,281-394-1090
64,Male,Native Hawaiian and Other Pacific Islander (NHPI),5 Monica Point,Philadelphia,Pennsylvania,19104,954-197-4567
94,Male,Asian Indian,9147 Almo Pass,Laredo,Texas,78044,234-213-1921
82,Male,Honduran,015 Carpenter Junction,Shawnee Mission,Kansas,66276,502-595-2406
87,Male,Menominee,46 Union Park,Albany,New York,12255,801-836-5413
31,Female,Guamanian,1604 Twin Pines Road,Santa Ana,California,92725,757-411-4988
55,Male,Shoshone,6015 Grayhawk Terrace,Philadelphia,Pennsylvania,19131,917-942-5889
89,Female,Argentinian,5 Scott Plaza,Hot Springs National Park,Arkansas,71914,229-831-2430
30,Male,Chickasaw,96398 Badeau Trail,Fresno,California,93762,864-357-2938
52,Male,Crow,13948 Sloan Street,Houston,Texas,77271,503-632-0869
41,Male,Menominee,193 Artisan Crossing,Hialeah,Florida,33013,863-642-2122
33,Male,Chilean,87 Sycamore Place,Greenville,South Carolina,29605,352-368-0303
58,Female,Fijian,2059 Talisman Center,Corona,California,92878,443-533-7536
34,Male,Paiute,68 Oak Valley Street,Metairie,Louisiana,70005,517-121-2945
87,Agender,Paiute,6 Eggendart Road,San Francisco,California,94105,360-207-9607
58,Female,Central American,2 Dixon Trail,Washington,District of Columbia,20088,410-865-6124
65,Male,Vietnamese,94 Myrtle Hill,Cincinnati,Ohio,45213,352-465-8238
81,Male,Black or African American,311 Magdeline Lane,Ogden,Utah,84403,719-687-2160
24,Male,Central American,9 Blue Bill Park Court,Clearwater,Florida,34629,817-476-1105
77,Female,Bangladeshi,1540 Red Cloud Lane,Cleveland,Ohio,44177,850-347-8698
90,Male,Nicaraguan,59 Comanche Plaza,Portland,Oregon,97255,626-733-8797
19,Bigender,Comanche,31 Mosinee Alley,Albuquerque,New Mexico,87110,972-287-2570
92,Female,Nicaraguan,167 Nobel Place,Saint Louis,Missouri,63104,661-432-0861
33,Female,Kiowa,6236 Fordem Alley,Madison,Wisconsin,53705,586-253-2578
38,Genderfluid,Micronesian,8 Shoshone Point,Atlanta,Georgia,30311,704-310-5127
68,Male,Chamorro,209 Debra Junction,Pensacola,Florida,32505,917-361-8529
52,Male,Native Hawaiian,348 Haas Way,El Paso,Texas,79911,309-125-3935
95,Female,Menominee,7599 Holmberg Way,San Jose,California,95108,305-157-5262
48,Female,Thai,04 Raven Crossing,Jamaica,New York,11431,504-212-3203
72,Female,Iroquois,271 8th Crossing,Buffalo,New York,14210,401-193-7260
26,Male,Yaqui,69490 Myrtle Point,Melbourne,Florida,32919,971-834-7074
66,Female,Osage,41 Sutteridge Plaza,Houston,Texas,77045,702-198-6688
79,Male,Peruvian,7085 Dottie Drive,Seattle,Washington,98104,253-395-6728
37,Male,Delaware,770 Hudson Parkway,Richmond,California,94807,810-890-6056
84,Female,Bangladeshi,53153 Novick Crossing,Phoenix,Arizona,85072,954-463-8717
57,Male,Colombian,2 Kingsford Parkway,Huntington,West Virginia,25709,904-576-8393
42,Female,Ecuadorian,15973 Rigney Park,Riverside,California,92505,225-120-6867
89,Agender,Yakama,26 Twin Pines Court,Fresno,California,93709,757-999-5237
77,Male,Guamanian,33 Browning Parkway,Schenectady,New York,12305,858-354-6654
64,Male,Kiowa,93309 Washington Drive,Greensboro,North Carolina,27425,713-786-2336
73,Female,Sioux,0781 Brentwood Terrace,Brooklyn,New York,11220,213-285-3283
77,Male,American Indian,77 Sherman Circle,Providence,Rhode Island,02912,512-453-0927
33,Male,Alaskan Athabascan,47526 Mcbride Avenue,New Orleans,Louisiana,70174,602-933-2509
47,Male,Blackfeet,03525 Golden Leaf Parkway,Fayetteville,North Carolina,28305,402-596-5811
92,Male,Ecuadorian,0 Nobel Road,Norfolk,Virginia,23504,316-810-9214
32,Female,Sri Lankan,317 International Junction,Montgomery,Alabama,36114,757-130-7777
25,Male,Argentinian,6812 Cody Circle,Frankfort,Kentucky,40618,408-957-9649
74,Male,Laotian,20423 Tennyson Plaza,Baton Rouge,Louisiana,70805,704-118-1776
18,Male,Alaskan Athabascan,5 Derek Avenue,Mount Vernon,New York,10557,520-528-6447
79,Male,Sri Lankan,7 Westport Center,Baltimore,Maryland,21282,304-582-5297
86,Female,Alaska Native,20 Northridge Trail,Santa Cruz,California,95064,202-302-0652
40,Male,Micronesian,8199 Charing Cross Place,Bakersfield,California,93381,202-541-9854
82,Male,Alaska Native,2916 Tennyson Alley,Brooksville,Florida,34605,719-103-8322
37,Non-binary,Alaskan Athabascan,17 Dayton Court,Harrisburg,Pennsylvania,17121,678-840-4425
97,Female,Creek,9 Division Court,Louisville,Kentucky,40215,315-335-1560
22,Male,Vietnamese,85 5th Terrace,Shawnee Mission,Kansas,66215,318-460-6558
92,Male,Ute,5 Shoshone Drive,Bismarck,North Dakota,58505,609-951-8354
55,Male,Creek,94 Comanche Pass,Nashville,Tennessee,37215,305-346-9641
68,Male,Paraguayan,6 Merchant Terrace,Saint Louis,Missouri,63150,325-695-0800
37,Female,Guatemalan,97 Gateway Terrace,Springfield,Illinois,62756,713-740-7862
42,Male,Indonesian,90 Basil Avenue,Los Angeles,California,90189,209-732-1564
41,Female,Sioux,959 Reindahl Center,Levittown,Pennsylvania,19058,804-148-1453
70,Female,Menominee,0 Sachtjen Lane,Washington,District of Columbia,20220,850-905-3563
51,Female,Panamanian,58 Green Ridge Street,Tuscaloosa,Alabama,35487,918-889-0281
43,Female,Blackfeet,99074 Clyde Gallagher Road,Oklahoma City,Oklahoma,73104,913-263-8181
72,Male,Delaware,933 Esker Parkway,Winston Salem,North Carolina,27110,504-616-2916
90,Male,Pima,4 Spaight Center,Birmingham,Alabama,35225,914-810-9571
76,Female,Melanesian,5 Pleasure Lane,Lansing,Michigan,48912,864-930-6608
70,Female,Houma,10 Oneill Terrace,Gainesville,Georgia,30506,305-788-8601
48,Male,White,727 Sunbrook Court,Sacramento,California,95828,952-444-1825
40,Female,Tlingit-Haida,3390 Sauthoff Parkway,Detroit,Michigan,48232,617-771-4199
51,Male,Tongan,2186 Red Cloud Court,Louisville,Kentucky,40205,505-353-1930
43,Male,Fijian,497 Annamark Street,New Orleans,Louisiana,70129,310-509-0599
87,Female,Tongan,512 Bartillon Place,Santa Cruz,California,95064,727-265-3294
57,Male,Seminole,5238 Montana Avenue,Honolulu,Hawaii,96825,203-952-6973
40,Female,Tongan,334 Bultman Avenue,Amarillo,Texas,79176,801-284-5747
60,Female,Guamanian,121 Rigney Terrace,Huntington,West Virginia,25775,915-930-9601
78,Male,Cree,3768 Artisan Terrace,Ventura,California,93005,425-384-3106
20,Male,Paiute,5037 Delladonna Road,West Hartford,Connecticut,06127,614-184-6402
74,Female,Korean,904 Jenna Point,Philadelphia,Pennsylvania,19136,917-285-1782
53,Female,American Indian,8 Ridge Oak Avenue,Fort Worth,Texas,76192,573-985-7347
55,Female,Apache,6 Riverside Plaza,Washington,District of Columbia,20520,414-220-1202
56,Male,South American,7 Drewry Way,Roanoke,Virginia,24009,646-165-8940
72,Male,Chilean,0767 Eastlawn Road,Durham,North Carolina,27717,616-486-2396
40,Male,Venezuelan,7 Kingsford Junction,Miami,Florida,33180,570-689-2910
92,Female,Hmong,84 Kropf Park,Salem,Oregon,97306,510-564-5938
79,Male,Polynesian,6567 Logan Drive,Sacramento,California,94297,512-142-3660
86,Male,Iroquois,7132 Graceland Drive,Naples,Florida,33961,318-652-9243
98,Female,Yakama,13 La Follette Avenue,Brooklyn,New York,11236,502-437-9482
80,Female,Shoshone,44 Buhler Circle,Los Angeles,California,90040,361-607-4658
72,Female,Seminole,4 Scofield Place,Ridgely,Maryland,21684,701-291-2437
85,Male,Malaysian,6 Jenna Alley,Buffalo,New York,14233,920-989-6625
99,Female,Uruguayan,07 Daystar Drive,Mobile,Alabama,36605,706-796-5591
38,Female,Honduran,0168 Darwin Road,Scranton,Pennsylvania,18505,831-258-9965
77,Male,Delaware,42 Paget Crossing,Trenton,New Jersey,08619,801-602-9938
59,Female,Asian Indian,70 Burrows Lane,Columbus,Georgia,31998,404-910-5205
86,Male,Tongan,3 Arapahoe Alley,Glendale,Arizona,85305,360-782-9864
52,Male,Potawatomi,40962 Upham Street,Richmond,Virginia,23237,954-452-9718
47,Male,Comanche,28860 Carpenter Road,Pueblo,Colorado,81015,484-651-9112
53,Male,Indonesian,286 Holmberg Trail,Cleveland,Ohio,44191,706-696-2762
28,Female,Puerto Rican,1981 Fieldstone Point,Anchorage,Alaska,99512,316-971-4151
37,Male,Argentinian,147 Atwood Junction,Phoenix,Arizona,85099,315-329-3670
20,Female,Creek,40804 Nancy Parkway,Tampa,Florida,33625,785-259-2852
75,Female,Chamorro,156 Pankratz Lane,Sterling,Virginia,20167,213-240-6201
83,Female,Salvadoran,62 Continental Road,New York City,New York,10120,505-442-5557
19,Male,Shoshone,288 Evergreen Plaza,Columbus,Georgia,31998,213-472-6882
82,Female,Aleut,505 Green Center,Kansas City,Missouri,64160,205-966-0655
99,Agender,Comanche,60 Valley Edge Way,Beaumont,Texas,77705,813-152-5085
80,Male,Ottawa,3407 Colorado Way,Lehigh Acres,Florida,33972,423-965-6557
72,Male,Ute,4644 Kipling Park,San Antonio,Texas,78296,571-701-4929
34,Female,Yaqui,588 Gina Trail,Riverside,California,92513,951-231-9953
60,Female,Tohono O'Odham,26496 Hayes Point,Gulfport,Mississippi,39505,954-282-0063
34,Male,Cheyenne,115 Straubel Park,Roanoke,Virginia,24048,817-514-2233
19,Male,Cree,4 Helena Avenue,Chicago,Illinois,60691,443-290-4158
35,Female,Venezuelan,0025 Westridge Parkway,Decatur,Georgia,30089,901-225-5868
72,Male,Polynesian,2 Stone Corner Plaza,Washington,District of Columbia,20099,832-813-0475
77,Male,Pueblo,07602 Bayside Street,Austin,Texas,78769,801-709-2265
61,Female,Sri Lankan,7991 Waubesa Park,Norfolk,Virginia,23504,202-247-4705
91,Male,Korean,1 La Follette Pass,Irvine,California,92612,571-810-0851
89,Female,Malaysian,56226 Calypso Pass,Honolulu,Hawaii,96820,757-277-5946
54,Female,Native Hawaiian and Other Pacific Islander (NHPI),37670 Ridgeway Crossing,Atlanta,Georgia,30323,562-124-9303
66,Female,Cambodian,26 Fordem Plaza,El Paso,Texas,79945,225-949-8112
71,Non-binary,Latin American Indian,4 Northridge Pass,Cedar Rapids,Iowa,52405,512-780-1357
85,Male,Yaqui,41226 Eagle Crest Center,Boston,Massachusetts,02208,916-978-1599
58,Male,Yuman,82 Village Green Avenue,Panama City,Florida,32405,617-618-7808
24,Female,Iroquois,48 Ryan Crossing,Oakland,California,94611,904-173-8974
40,Male,Samoan,137 Swallow Crossing,Dallas,Texas,75287,361-518-4866
56,Male,Pima,42071 Grover Avenue,Birmingham,Alabama,35295,801-714-7786
63,Female,Chippewa,4 Dennis Point,Louisville,Kentucky,40280,352-455-8683
94,Male,Choctaw,77 Summit Court,Clearwater,Florida,34615,281-740-4078
30,Agender,Delaware,9943 Westerfield Way,Baton Rouge,Louisiana,70805,706-952-6987
92,Female,Asian Indian,5 Pleasure Plaza,Lexington,Kentucky,40581,518-914-5205
64,Bigender,Menominee,13680 Sage Center,Everett,Washington,98206,505-231-3352
70,Male,Pakistani,30 Lyons Park,New Haven,Connecticut,06533,212-673-2899
71,Male,Iroquois,95 Utah Lane,Hollywood,Florida,33023,704-589-7128
65,Male,Colombian,0 Kensington Road,Madison,Wisconsin,53726,806-758-9182
77,Female,Pima,97545 Algoma Way,San Antonio,Texas,78225,512-134-6771
52,Non-binary,Vietnamese,522 Heffernan Road,Irving,Texas,75037,309-610-4240
46,Female,Laotian,2 Eastwood Plaza,Spring,Texas,77388,775-446-3144
80,Male,Delaware,7513 Dixon Court,Baton Rouge,Louisiana,70883,202-877-8395
90,Female,Tlingit-Haida,933 Kingsford Point,Brooklyn,New York,11215,415-569-7053
95,Non-binary,Bangladeshi,6677 Lukken Trail,Green Bay,Wisconsin,54305,404-165-0403
79,Female,Cambodian,461 Chinook Alley,Salt Lake City,Utah,84145,801-975-5345
57,Female,Yakama,16391 Washington Lane,Austin,Texas,78710,405-652-8766
23,Male,Navajo,79013 Nelson Crossing,Evansville,Indiana,47719,202-778-4205
85,Female,Choctaw,252 Cody Place,San Diego,California,92165,515-314-2913
66,Male,Filipino,6392 Ramsey Pass,Albany,New York,12232,918-119-5856
90,Male,Salvadoran,546 4th Avenue,Cincinnati,Ohio,45218,850-431-6286
90,Female,Vietnamese,3548 Sachs Junction,Topeka,Kansas,66629,719-526-7552
34,Male,Sri Lankan,31244 Sutherland Plaza,Providence,Rhode Island,02905,316-647-1033
64,Female,Asian,27938 Springs Circle,Erie,Pennsylvania,16522,619-236-4045
76,Female,Bangladeshi,2085 Dixon Avenue,Columbus,Ohio,43210,216-536-8168
41,Female,Creek,61 Westerfield Way,Washington,District of Columbia,20244,865-779-7174
37,Female,Choctaw,117 Valley Edge Road,Johnson City,Tennessee,37605,423-548-8609
64,Female,Native Hawaiian and Other Pacific Islander (NHPI),044 Brentwood Trail,New Castle,Pennsylvania,16107,512-886-0372
94,Female,American Indian and Alaska Native (AIAN),34 Lotheville Junction,Corpus Christi,Texas,78415,407-435-0478
53,Male,Puget Sound Salish,3 Colorado Parkway,Philadelphia,Pennsylvania,19146,805-937-9956
36,Male,Guatemalan,79 Kim Street,Jacksonville,Florida,32236,785-429-3560
52,Male,Alaskan Athabascan,2462 Warbler Hill,Wichita,Kansas,67220,501-906-3330
57,Female,Potawatomi,158 Crest Line Trail,Naples,Florida,34114,415-902-9496
92,Female,Salvadoran,9 Springview Hill,Saint Paul,Minnesota,55103,510-985-5043
71,Female,Choctaw,98 Butterfield Crossing,Washington,District of Columbia,20525,786-129-6880
48,Female,Osage,9 Farmco Way,Lincoln,Nebraska,68524,937-330-2635
85,Female,Paiute,73225 Sherman Pass,Houston,Texas,77040,216-306-5266
37,Female,Chippewa,9 Union Court,Pensacola,Florida,32511,770-879-3441
24,Polygender,Peruvian,330 Nova Place,Memphis,Tennessee,38136,901-567-5746
85,Female,Delaware,7 Ilene Lane,Wichita,Kansas,67215,425-523-5402
99,Female,Costa Rican,8571 Mccormick Circle,Austin,Texas,78744,205-316-5257
59,Male,Potawatomi,416 Butternut Hill,Wichita,Kansas,67210,817-559-1190
34,Genderqueer,Spaniard,2138 3rd Road,Johnson City,Tennessee,37605,571-555-7388
33,Female,Costa Rican,6867 Towne Junction,Dayton,Ohio,45470,202-722-7419
83,Male,Comanche,522 Monument Court,Hialeah,Florida,33018,612-287-5002
98,Male,Cherokee,47 Sutteridge Hill,Hagerstown,Maryland,21747,406-997-5254
42,Male,Pakistani,23166 Luster Trail,Simi Valley,California,93094,865-985-3548
40,Female,Creek,5 Warner Parkway,Vancouver,Washington,98682,941-598-9534
54,Male,Micronesian,1952 Hoard Parkway,Topeka,Kansas,66606,619-720-5281
64,Male,Crow,1 Talmadge Drive,Huntsville,Alabama,35810,559-789-6754
22,Male,Crow,93 Carioca Road,Columbus,Ohio,43210,281-524-7580
90,Female,Samoan,18427 High Crossing Court,Hamilton,Ohio,45020,719-574-3808
23,Female,Uruguayan,3 Blaine Circle,Jacksonville,Florida,32220,423-426-2374
57,Female,Chippewa,812 Bonner Avenue,Minneapolis,Minnesota,55446,256-130-8671
64,Male,Paiute,1 Kennedy Junction,Rochester,New York,14619,303-411-5087
19,Female,Argentinian,8 Holmberg Lane,Phoenix,Arizona,85062,717-415-4134
48,Male,Native Hawaiian,480 Chinook Pass,Honolulu,Hawaii,96810,917-537-9404
40,Female,Yaqui,15112 Acker Terrace,New York City,New York,10115,206-483-6463
29,Male,Shoshone,42222 Ramsey Lane,Ogden,Utah,84409,919-839-8113
41,Male,Chamorro,288 6th Parkway,Birmingham,Alabama,35263,805-249-4934
58,Male,Samoan,12092 Londonderry Alley,Metairie,Louisiana,70033,901-710-2890
19,Bigender,Native Hawaiian,41 Green Ridge Point,Richmond,Virginia,23208,812-890-7587
41,Female,Korean,678 1st Court,Houston,Texas,77260,801-605-9479
91,Female,Paiute,9 Alpine Junction,New York City,New York,10039,770-845-5951
97,Male,American Indian,8674 Kensington Circle,Tulsa,Oklahoma,74108,661-334-0595
20,Male,Choctaw,96918 Logan Terrace,Pomona,California,91797,619-570-7265
89,Female,Native Hawaiian and Other Pacific Islander (NHPI),60833 Delladonna Park,Gaithersburg,Maryland,20883,212-909-0444
41,Female,Aleut,4 Pleasure Trail,Los Angeles,California,90071,812-588-2541
96,Male,Osage,5223 North Center,Largo,Florida,34643,318-432-5660
82,Agender,Tlingit-Haida,9 Erie Way,El Paso,Texas,79999,571-450-5650
87,Female,Nicaraguan,379 Kipling Place,Hicksville,New York,11854,816-916-6401
78,Male,Iroquois,52746 Steensland Junction,Lincoln,Nebraska,68505,513-449-1334
44,Male,Vietnamese,68964 Merchant Street,New York City,New York,10060,602-565-9786
77,Female,Chickasaw,8018 Grim Alley,Memphis,Tennessee,38119,941-291-5890
70,Female,Apache,9 Roxbury Trail,Akron,Ohio,44321,816-801-6319
34,Male,Micronesian,978 Golf Place,Seattle,Washington,98121,415-183-6094
18,Male,Melanesian,3 Truax Road,Austin,Texas,78778,202-852-6626
96,Female,Creek,92113 Elka Crossing,Naples,Florida,34108,615-962-5892
75,Male,Bolivian,9 Surrey Alley,Bradenton,Florida,34282,956-265-4721
57,Polygender,Salvadoran,01 Independence Place,Albany,Georgia,31704,408-990-6787
84,Bigender,Micronesian,1323 Homewood Junction,Grand Junction,Colorado,81505,859-574-8717
74,Female,Fijian,9 Rockefeller Plaza,Joliet,Illinois,60435,202-891-7633
47,Non-binary,Asian Indian,4 Farragut Alley,White Plains,New York,10633,858-838-6187
43,Male,Cheyenne,79 Troy Road,Irving,Texas,75062,513-719-9233
79,Agender,Asian,6860 Maple Road,Topeka,Kansas,66606,619-891-3819
39,Male,Chinese,92931 Kenwood Terrace,Ocala,Florida,34479,480-187-7577
69,Genderqueer,Chickasaw,19 Knutson Drive,Bonita Springs,Florida,34135,360-342-7566
63,Female,Laotian,79 Northfield Way,Philadelphia,Pennsylvania,19178,281-434-9496
19,Female,Venezuelan,3371 Forest Run Pass,Oklahoma City,Oklahoma,73173,214-414-4728
39,Male,Pakistani,35 Harbort Road,Beaverton,Oregon,97075,412-461-2954
73,Male,Uruguayan,6413 Ryan Terrace,New Orleans,Louisiana,70124,215-305-3679
31,Female,Apache,43627 Farragut Parkway,Chula Vista,California,91913,405-371-8304
90,Male,Lumbee,4196 Vera Trail,Fort Smith,Arkansas,72905,415-301-4816
100,Male,Cheyenne,9 Fallview Way,Largo,Florida,33777,407-837-6260
94,Male,South American,481 Dorton Alley,Johnstown,Pennsylvania,15906,408-977-0786
30,Female,Samoan,58 Becker Court,Denver,Colorado,80255,803-284-4330
30,Female,Cambodian,58 Superior Trail,Charlotte,North Carolina,28256,586-522-0930
30,Female,Yaqui,8042 Fair Oaks Terrace,Houston,Texas,77065,512-399-7793
62,Male,Cree,0726 Brentwood Way,Boston,Massachusetts,02216,309-673-7130
45,Male,Micronesian,0717 Portage Hill,Clearwater,Florida,34629,602-534-8167
27,Female,Ute,940 Homewood Court,Portland,Oregon,97232,540-578-7748
80,Male,Peruvian,54977 Walton Street,Portland,Oregon,97286,314-983-6030
27,Male,Cheyenne,379 Petterle Terrace,Memphis,Tennessee,38168,831-310-8717
73,Male,Korean,3754 Birchwood Street,Sacramento,California,94286,412-187-6198
63,Female,Salvadoran,82293 Butterfield Alley,Houston,Texas,77266,972-902-5452
63,Female,Chinese,72963 Sunfield Point,Toledo,Ohio,43666,256-444-6008
43,Male,Guatemalan,57744 Oxford Parkway,Miami,Florida,33169,205-511-8472
56,Male,American Indian and Alaska Native (AIAN),0133 Knutson Terrace,Tucson,Arizona,85732,228-416-4859
75,Male,Colombian,4252 Shoshone Park,Charlotte,North Carolina,28278,314-226-3042
49,Male,Asian,46016 Del Sol Alley,Las Vegas,Nevada,89125,410-570-9326
25,Female,Choctaw,7529 Scott Circle,Houston,Texas,77050,309-394-1524
83,Female,Nicaraguan,3 Meadow Ridge Way,Atlanta,Georgia,30311,571-968-0592
64,Male,Alaska Native,0470 Beilfuss Circle,Tallahassee,Florida,32309,303-928-0508
48,Female,Ute,0 Swallow Trail,Santa Barbara,California,93150,504-185-6188
30,Female,Japanese,8 Sundown Pass,Huntington,West Virginia,25726,510-882-7524
22,Female,Pueblo,7245 Larry Road,Boise,Idaho,83716,971-692-0707
24,Male,Asian,858 Oneill Trail,Bakersfield,California,93399,571-362-7287
78,Female,Ecuadorian,518 Little Fleur Street,Fort Lauderdale,Florida,33315,574-970-6148
76,Male,Salvadoran,6 Rockefeller Court,Brooklyn,New York,11210,719-897-0910
27,Male,Houma,2704 Hudson Junction,New York City,New York,10275,804-400-0287
70,Male,Black or African American,7 Dennis Place,Lancaster,California,93584,502-485-0120
75,Male,Shoshone,707 Westport Lane,Fresno,California,93750,352-535-6265
79,Male,Polynesian,429 Center Center,Reston,Virginia,22096,515-928-9453
82,Male,Colombian,570 Merrick Road,Phoenix,Arizona,85067,816-765-5857
40,Male,Seminole,10136 Memorial Pass,San Diego,California,92129,260-121-1586
48,Female,American Indian and Alaska Native (AIAN),24 Clarendon Avenue,Port Washington,New York,11054,951-365-6021
57,Male,Micronesian,96 Sunfield Place,Colorado Springs,Colorado,80930,512-964-4935
90,Male,Menominee,540 Grover Pass,Athens,Georgia,30610,602-118-0550
88,Female,Cambodian,09263 Loomis Pass,Saint Paul,Minnesota,55172,816-814-3874
45,Female,Puerto Rican,4512 Gina Trail,Albany,New York,12262,417-480-1647
100,Male,Sri Lankan,90723 Dwight Point,Sparks,Nevada,89436,727-723-3372
34,Female,Melanesian,8264 Farwell Street,Fort Myers,Florida,33913,217-597-7740
58,Male,Seminole,477 East Circle,Minneapolis,Minnesota,55412,571-780-2616
86,Male,Ottawa,7 Mallard Road,New York City,New York,10260,626-931-8282
24,Female,Vietnamese,86 Forest Hill,Bridgeport,Connecticut,06606,405-754-6004
47,Male,Hmong,252 Killdeer Trail,Phoenix,Arizona,85035,951-891-5421
47,Male,Taiwanese,71191 Golf Course Alley,Washington,District of Columbia,20557,805-894-6525
80,Genderfluid,Spaniard,3698 Milwaukee Trail,Austin,Texas,78769,352-969-4782
35,Female,Tohono O'Odham,4505 Nancy Park,Oklahoma City,Oklahoma,73190,415-451-2472
75,Male,Thai,01 Fremont Trail,Athens,Georgia,30605,404-465-8786
99,Female,Hmong,15860 Mitchell Way,Austin,Texas,78778,850-834-2621
90,Male,Indonesian,8269 Logan Drive,New Orleans,Louisiana,70124,408-929-7945
87,Male,Potawatomi,9483 Pawling Trail,Charleston,West Virginia,25389,404-912-2780
58,Female,Ottawa,4 Algoma Hill,Anaheim,California,92805,971-718-1403
64,Female,Apache,45 Waubesa Center,San Francisco,California,94116,702-189-2789
48,Female,White,217 Pawling Circle,Sacramento,California,95838,513-384-2426
92,Female,Chinese,364 Derek Junction,Philadelphia,Pennsylvania,19136,806-276-7754
78,Male,Cherokee,18315 Forster Park,Louisville,Kentucky,40298,920-922-0000
38,Male,Asian,206 Hanover Pass,Toledo,Ohio,43635,682-549-1999
36,Female,Iroquois,8 Schmedeman Trail,Phoenix,Arizona,85035,727-488-7787
23,Male,Ottawa,987 Alpine Drive,Oakland,California,94605,425-545-7390
28,Female,Chilean,2 Northfield Drive,Arlington,Texas,76011,330-513-9607
66,Male,Malaysian,319 Blue Bill Park Point,New York City,New York,10060,209-735-4608
99,Male,Aleut,32 Susan Park,Wilkes Barre,Pennsylvania,18706,225-799-2395
67,Male,Crow,28 Killdeer Terrace,Oklahoma City,Oklahoma,73190,989-610-5391
55,Female,Costa Rican,04319 Thierer Crossing,Baton Rouge,Louisiana,70820,760-873-5328
23,Genderqueer,Yuman,20 Elka Road,Detroit,Michigan,48275,585-626-0061
18,Female,Sri Lankan,4 Butterfield Junction,San Diego,California,92196,601-670-8034
97,Non-binary,Navajo,19903 Superior Lane,Chesapeake,Virginia,23324,785-800-9390
63,Male,Apache,0758 Messerschmidt Parkway,New York City,New York,10249,419-867-3842
38,Male,Aleut,9 Claremont Court,Vienna,Virginia,22184,201-502-8262
87,Female,Alaska Native,7298 Barby Pass,Austin,Texas,78769,702-933-6353
98,Female,Crow,93 Packers Lane,New York City,New York,10105,402-103-6580
93,Female,Colville,430 Glendale Plaza,Fresno,California,93786,717-656-8712
82,Male,Colombian,1923 Kensington Pass,Charleston,South Carolina,29411,917-804-7234
34,Female,Choctaw,76261 Thackeray Court,Des Moines,Iowa,50369,505-255-7941
48,Male,Chinese,625 Morrow Pass,San Antonio,Texas,78278,651-730-2057
68,Female,Yakama,23173 Summerview Drive,Louisville,Kentucky,40225,727-748-8832
62,Female,Comanche,3 Hansons Junction,Las Vegas,Nevada,89110,434-420-8954
34,Female,Cuban,3 Marcy Alley,Atlanta,Georgia,30392,915-885-2246
67,Female,Ottawa,7679 Twin Pines Court,Pasadena,California,91103,502-792-2547
57,Female,American Indian and Alaska Native (AIAN),13 Holy Cross Point,Milwaukee,Wisconsin,53277,319-966-1168
47,Female,Latin American Indian,50 Armistice Park,Tulsa,Oklahoma,74149,602-344-2772
70,Female,Malaysian,3 Oak Park,Boston,Massachusetts,02283,971-940-4943
69,Male,American Indian and Alaska Native (AIAN),63440 Bartelt Road,Orlando,Florida,32808,316-872-8606
33,Non-binary,Navajo,65972 Dottie Lane,Gainesville,Florida,32610,816-852-7209
57,Female,Chickasaw,7751 Vera Road,Indianapolis,Indiana,46207,405-473-2793
41,Bigender,Korean,37655 Namekagon Court,Detroit,Michigan,48258,937-431-8521
48,Male,Ute,76079 Redwing Alley,Columbia,Missouri,65211,512-986-8001
97,Bigender,Asian Indian,24888 Vermont Way,New York City,New York,10004,513-558-9505
38,Female,Osage,4 Basil Avenue,San Jose,California,95160,805-842-2399
83,Female,Aleut,2 Monterey Pass,Daytona Beach,Florida,32123,210-222-2023
29,Female,Paraguayan,9 Truax Crossing,Memphis,Tennessee,38168,215-784-5641
46,Male,Melanesian,59 Bayside Park,Dallas,Texas,75226,405-919-4537
62,Female,Iroquois,13258 Onsgard Pass,New York City,New York,10099,773-291-4320
48,Female,Bolivian,46247 Calypso Parkway,Phoenix,Arizona,85099,720-392-3945
66,Male,Chamorro,84592 Ridgeview Way,Garland,Texas,75044,201-356-0567
82,Male,Navajo,48 Artisan Park,Washington,District of Columbia,20073,317-473-1785
33,Male,Nicaraguan,93466 Brentwood Court,Champaign,Illinois,61825,409-933-4282
77,Female,Mexican,10 Gerald Avenue,Philadelphia,Pennsylvania,19093,612-293-4400
81,Male,Costa Rican,64963 Morning Hill,Knoxville,Tennessee,37931,912-817-4303
86,Female,Samoan,05563 Dorton Crossing,Oakland,California,94660,217-743-4636
99,Male,Micronesian,11 Ridgeview Trail,El Paso,Texas,88558,434-311-1989
60,Female,Apache,6360 Anniversary Road,Van Nuys,California,91411,225-154-8523
19,Female,Yaqui,66 Rusk Junction,Salt Lake City,Utah,84170,304-614-3936
82,Male,Dominican (Dominican Republic),51 Petterle Parkway,Boston,Massachusetts,02283,509-818-8276
50,Male,Colville,06528 Harbort Point,Odessa,Texas,79769,225-364-0207
25,Genderfluid,Iroquois,07 La Follette Court,Austin,Texas,78710,405-614-3200
60,Female,Argentinian,24595 Eastwood Way,Washington,District of Columbia,20268,310-469-0879
27,Female,Polynesian,19858 Roth Way,Detroit,Michigan,48206,228-630-8790
82,Female,Lumbee,07296 Golf Center,Jackson,Mississippi,39216,760-454-1584
48,Male,Comanche,453 Claremont Alley,Springfield,Massachusetts,01114,312-711-5084
30,Polygender,Alaska Native,11184 Sycamore Drive,Dayton,Ohio,45426,253-288-2773
80,Male,Crow,37 Northport Lane,Little Rock,Arkansas,72204,973-876-3206
52,Male,Colville,40 Hoard Crossing,Baton Rouge,Louisiana,70805,706-947-2577
39,Male,Cherokee,85 Harbort Point,Merrifield,Virginia,22119,615-655-9200
86,Female,American Indian and Alaska Native (AIAN),7591 Kensington Alley,El Paso,Texas,79984,703-883-6214
81,Male,Japanese,5 Burrows Crossing,Bradenton,Florida,34282,915-652-6999
42,Male,Chickasaw,61020 Merchant Way,New York City,New York,10105,212-203-4361
37,Genderqueer,Delaware,80 Westport Terrace,Dayton,Ohio,45426,502-486-5949
26,Female,American Indian and Alaska Native (AIAN),4182 Sunfield Hill,Peoria,Illinois,61629,520-165-4188
25,Male,Japanese,9 Nova Junction,Richmond,Virginia,23203,212-477-3026
89,Female,Creek,15348 Lien Court,Omaha,Nebraska,68197,603-639-5059
98,Female,Fijian,89 Sycamore Terrace,Springfield,Illinois,62723,202-481-7480
82,Male,Seminole,56345 Golf Circle,Waterbury,Connecticut,06721,513-357-0643
40,Male,Cheyenne,1403 Hansons Trail,Milwaukee,Wisconsin,53205,281-133-8995
53,Male,Shoshone,7589 Huxley Parkway,Jacksonville,Florida,32204,702-781-2312
51,Male,Menominee,20 Melby Road,San Luis Obispo,California,93407,412-521-4251
72,Female,Nicaraguan,36 Porter Avenue,San Francisco,California,94126,970-940-4600
78,Female,Honduran,5 Hermina Road,Pasadena,California,91131,510-797-8729
36,Male,Native Hawaiian,213 Pawling Alley,San Antonio,Texas,78265,585-861-9523
27,Male,Argentinian,01477 Butterfield Hill,San Francisco,California,94137,818-853-1903
86,Female,Menominee,9 Novick Pass,New York City,New York,10155,985-934-9267
38,Male,Tlingit-Haida,7 Meadow Vale Plaza,Abilene,Texas,79605,770-220-7985
54,Female,Spaniard,7132 Pierstorff Terrace,Norman,Oklahoma,73071,901-874-1056
29,Male,Chippewa,90793 Sauthoff Crossing,Miami,Florida,33129,305-720-5542
33,Male,Latin American Indian,2 Summerview Road,Pueblo,Colorado,81005,408-612-4207
24,Female,Guatemalan,19071 Dovetail Plaza,Detroit,Michigan,48206,304-132-9098
49,Male,Delaware,59938 Bluejay Center,San Jose,California,95118,415-250-4821
85,Bigender,Colville,56996 Crowley Pass,Lansing,Michigan,48912,843-680-0017
24,Male,Laotian,785 Ramsey Terrace,Saint Petersburg,Florida,33737,801-263-1017
70,Female,Ecuadorian,42 Mallory Trail,Erie,Pennsylvania,16534,304-338-5478
27,Female,Yakama,248 Independence Crossing,New Orleans,Louisiana,70183,785-457-8150
97,Male,Polynesian,155 Anzinger Trail,Louisville,Kentucky,40210,405-502-9688
79,Male,Sri Lankan,62249 Manley Avenue,Oklahoma City,Oklahoma,73124,504-353-2870
37,Female,Choctaw,72 Reindahl Avenue,Independence,Missouri,64054,212-841-9922
82,Male,Apache,5269 Crowley Junction,Milwaukee,Wisconsin,53210,714-270-8567
73,Female,Lumbee,542 Westport Court,Canton,Ohio,44720,215-865-0942
85,Female,Samoan,5 Mandrake Hill,Lubbock,Texas,79415,901-859-4425
78,Male,Paiute,5814 Helena Point,El Paso,Texas,79999,941-102-8175
36,Female,Alaska Native,7 Esker Point,Reno,Nevada,89595,213-391-6348
68,Female,Cambodian,0760 Vermont Circle,Milwaukee,Wisconsin,53215,253-457-5531
77,Male,Eskimo,2629 Roth Street,Seattle,Washington,98121,303-226-7432
76,Male,Alaskan Athabascan,0829 Farwell Center,Daytona Beach,Florida,32123,626-965-8085
53,Female,Latin American Indian,54935 Tomscot Crossing,San Bernardino,California,92415,317-140-3867
49,Male,Samoan,710 Old Shore Lane,Raleigh,North Carolina,27610,540-367-9852
35,Agender,Creek,59 Northridge Park,Birmingham,Alabama,35205,619-109-3442
33,Female,Creek,7376 Mosinee Crossing,Crawfordsville,Indiana,47937,202-420-2129
58,Male,Pueblo,88 Jana Street,Minneapolis,Minnesota,55402,559-351-6295
30,Male,Guamanian,5 Maple Center,Phoenix,Arizona,85077,571-247-6755
25,Male,Ecuadorian,589 Starling Terrace,Dallas,Texas,75372,785-515-3470
34,Female,Guatemalan,356 Hauk Way,Huntington,West Virginia,25716,314-621-5248
30,Female,South American,34 Farwell Circle,Charleston,West Virginia,25305,765-800-4246
58,Male,Guamanian,03 Crowley Road,San Francisco,California,94110,805-116-4783
83,Male,Micronesian,80523 Norway Maple Lane,London,Kentucky,40745,225-143-0407
59,Female,Kiowa,896 Fulton Alley,Sunnyvale,California,94089,503-417-2516
92,Male,Native Hawaiian,767 Glacier Hill Avenue,Miami,Florida,33142,808-606-9944
68,Male,Indonesian,4 Sachs Pass,Salt Lake City,Utah,84189,937-645-5344
25,Male,Aleut,730 Lerdahl Point,Vancouver,Washington,98664,573-795-5947
55,Female,Sri Lankan,5260 Dovetail Point,Riverside,California,92513,260-484-8926
33,Female,Guamanian,2581 Mallory Parkway,Washington,District of Columbia,20231,205-205-6846
29,Female,Honduran,4 Heffernan Way,Gulfport,Mississippi,39505,405-547-7925
35,Female,Uruguayan,65 Dovetail Trail,Baton Rouge,Louisiana,70883,570-652-7563
30,Female,Lumbee,25 Knutson Pass,Reading,Pennsylvania,19605,212-931-4324
38,Female,Alaskan Athabascan,5489 Crowley Trail,Washington,District of Columbia,20436,716-424-3207
97,Female,Eskimo,05 Hoard Park,San Francisco,California,94142,405-649-1989
21,Female,Eskimo,28 Artisan Way,New Orleans,Louisiana,70124,612-684-2602
54,Male,Asian Indian,767 Morning Road,Wichita,Kansas,67210,919-985-4555
41,Male,Delaware,9 Parkside Drive,Utica,New York,13505,718-730-9315
42,Male,Uruguayan,0 Kipling Pass,Oklahoma City,Oklahoma,73119,269-582-9333
96,Male,Filipino,38 Hermina Drive,Richmond,California,94807,915-382-7172
34,Female,Creek,276 Hagan Alley,Oakland,California,94611,754-126-5637
19,Female,Navajo,7606 Summer Ridge Street,Stockton,California,95210,305-284-1058
95,Male,Osage,45 Red Cloud Hill,Atlanta,Georgia,31165,614-699-4237
45,Male,Chippewa,18422 Cardinal Lane,Evansville,Indiana,47747,248-552-9816
94,Female,South American,7 Waubesa Parkway,Frederick,Maryland,21705,915-444-0873
34,Female,Asian Indian,236 Boyd Road,Mobile,Alabama,36670,205-702-0148
24,Male,Lumbee,0020 Johnson Hill,Savannah,Georgia,31410,505-528-0057
21,Female,Puget Sound Salish,7118 Stang Hill,Richmond,Virginia,23285,501-212-8523
43,Female,Houma,4 Basil Way,Oklahoma City,Oklahoma,73147,646-854-0169
71,Female,Delaware,6 Fairfield Drive,Spartanburg,South Carolina,29305,773-291-4968
57,Male,Delaware,968 Bunker Hill Terrace,Huntington,West Virginia,25709,678-956-2825
69,Female,Chamorro,47724 Northport Court,Lancaster,California,93584,402-277-4128
64,Male,Puerto Rican,633 Mcguire Place,San Diego,California,92110,917-285-4344
84,Female,Asian,94 Dottie Crossing,Toledo,Ohio,43610,775-947-9088
31,Bigender,Micronesian,9971 Susan Lane,Lakewood,Washington,98498,323-675-9686
32,Female,Guamanian,9098 Barnett Alley,Saint Louis,Missouri,63131,479-621-4504
60,Female,Native Hawaiian,3 Bluestem Lane,Waltham,Massachusetts,02453,419-567-2126
59,Male,Blackfeet,39 Butternut Drive,Omaha,Nebraska,68124,336-135-9178
61,Female,Thai,79 6th Terrace,Spring Hill,Florida,34611,203-620-9625
72,Male,Cuban,35 Corry Alley,Brooklyn,New York,11205,516-448-1998
87,Female,Panamanian,06 Calypso Drive,Baltimore,Maryland,21211,808-862-0678
43,Male,Vietnamese,95 Main Trail,Los Angeles,California,90030,504-313-7870
66,Male,Salvadoran,38 Anniversary Way,Saint Joseph,Missouri,64504,352-221-4385
46,Male,Lumbee,657 Dahle Center,Canton,Ohio,44720,301-586-1843
78,Male,Navajo,594 Logan Center,Cheyenne,Wyoming,82007,512-618-5646
36,Male,Blackfeet,8817 Meadow Ridge Point,Pompano Beach,Florida,33064,484-250-2333
50,Male,Polynesian,83797 Darwin Place,Charlotte,North Carolina,28256,571-105-7649
84,Male,Hmong,5 Barby Parkway,Houston,Texas,77055,419-503-1742
85,Male,American Indian and Alaska Native (AIAN),1 Manufacturers Junction,New York City,New York,10155,609-784-6149
38,Male,Chickasaw,0 Drewry Crossing,Lansing,Michigan,48912,559-910-0253
29,Male,Chippewa,23875 Manufacturers Road,Los Angeles,California,90101,716-567-7950
79,Female,Chamorro,7781 Linden Lane,Philadelphia,Pennsylvania,19191,832-916-7522
76,Female,Salvadoran,1414 Surrey Trail,Mesa,Arizona,85210,515-609-3775
35,Male,Yaqui,1 Miller Alley,Boca Raton,Florida,33487,334-419-4441
18,Female,Puerto Rican,680 Northridge Point,Great Neck,New York,11024,518-663-5307
20,Female,Paraguayan,3 Superior Street,Omaha,Nebraska,68124,713-672-4211
75,Male,Pakistani,12951 Lake View Junction,Fairfield,Connecticut,06825,937-973-1463
42,Female,Colville,4 Esker Parkway,Galveston,Texas,77554,504-467-5253
60,Female,Cree,4963 Warbler Drive,Washington,District of Columbia,20337,202-241-5265
44,Male,Creek,778 Farmco Court,Pompano Beach,Florida,33075,402-877-3560
62,Female,Sioux,4644 Sage Circle,Fort Worth,Texas,76105,602-303-1560
99,Genderqueer,Blackfeet,16 Eliot Road,Dayton,Ohio,45490,719-225-2816
61,Male,Sri Lankan,79335 Atwood Terrace,Naples,Florida,34102,406-768-9475
63,Female,Native Hawaiian,13 Moland Court,Portland,Oregon,97229,320-778-7592
77,Female,Micronesian,02 Kings Avenue,Norfolk,Virginia,23520,785-757-5404
43,Genderqueer,Chinese,1889 Canary Point,Salt Lake City,Utah,84110,405-752-6555
29,Female,Paiute,4 Graedel Circle,Houston,Texas,77055,646-711-9886
99,Female,Malaysian,3638 Vermont Lane,Los Angeles,California,90030,402-903-9823
38,Female,Colombian,09736 Donald Court,Round Rock,Texas,78682,202-348-0009
42,Female,Melanesian,92006 Mendota Lane,Johnson City,Tennessee,37605,304-619-3266
65,Female,Navajo,7599 Bobwhite Park,Modesto,California,95354,503-933-1421
21,Male,Colville,11489 Schiller Point,Philadelphia,Pennsylvania,19184,215-175-6919
71,Male,Korean,1 Spaight Court,Van Nuys,California,91411,414-733-9945
80,Female,Paiute,40 Tony Drive,Spokane,Washington,99260,360-731-8424
21,Female,Japanese,7267 Kings Avenue,Orlando,Florida,32808,210-909-9357
60,Female,American Indian,7 Donald Place,Las Vegas,Nevada,89110,213-338-3565
93,Male,Tohono O'Odham,1604 Golf Course Avenue,Long Beach,California,90831,754-394-2620
68,Agender,Samoan,9 Rutledge Pass,Gatesville,Texas,76598,864-565-9629
55,Female,Iroquois,972 Dixon Place,Houston,Texas,77245,212-475-4613
19,Female,Native Hawaiian,4 Forest Plaza,Jacksonville,Florida,32209,561-956-3815
22,Female,Seminole,5713 Hagan Pass,New Orleans,Louisiana,70174,772-659-6887
86,Female,Blackfeet,467 Mayfield Park,Kansas City,Missouri,64190,215-593-5964
78,Female,Honduran,7 Nova Crossing,Jamaica,New York,11499,602-241-4287
55,Female,Cheyenne,0547 Aberg Road,Bakersfield,California,93399,513-922-6205
49,Male,Melanesian,5 Schiller Way,Springfield,Illinois,62756,318-573-4316
100,Male,Cherokee,3 Evergreen Lane,Washington,District of Columbia,20525,804-478-4921
87,Female,Bangladeshi,3496 Pierstorff Center,Roanoke,Virginia,24004,330-403-9260
94,Female,Thai,4442 Beilfuss Way,Youngstown,Ohio,44505,214-853-5818
69,Genderfluid,Thai,13 Oakridge Pass,Cleveland,Ohio,44130,216-772-7752
42,Female,American Indian,3 Warrior Street,Syracuse,New York,13217,936-756-0456
74,Bigender,Houma,72 Delaware Street,Bridgeport,Connecticut,06606,816-887-8949
86,Agender,Apache,64853 Sycamore Place,Shreveport,Louisiana,71105,315-242-4532
68,Female,Crow,648 Truax Road,Omaha,Nebraska,68144,954-882-8785
59,Male,Vietnamese,152 Ridgeview Court,Houston,Texas,77223,281-308-1987
97,Male,Crow,2 Fairview Trail,Lakewood,Washington,98498,361-320-7170
32,Male,Guamanian,17215 Cherokee Lane,Huntsville,Texas,77343,215-908-9937
72,Female,Malaysian,0822 Bunting Crossing,Monroe,Louisiana,71213,623-258-8498
35,Female,Micronesian,144 Manufacturers Place,Garland,Texas,75044,515-777-5295
64,Male,Aleut,5439 Heath Hill,Albany,New York,12247,202-876-0462
40,Male,Mexican,66 Elgar Plaza,Boston,Massachusetts,02119,225-554-3325
34,Male,Ottawa,41 Melrose Junction,Houston,Texas,77095,818-192-2032
52,Female,Alaska Native,2 Stang Hill,Bridgeport,Connecticut,06673,515-295-5906
84,Female,Lumbee,162 Browning Circle,Aurora,Illinois,60505,415-858-4199
43,Female,Colville,78445 Independence Trail,Phoenix,Arizona,85035,806-218-7281
19,Male,Comanche,7967 Morningstar Alley,Pasadena,California,91125,432-343-1596
52,Male,Mexican,880 Eagan Road,Austin,Texas,78789,919-769-3725
87,Female,Navajo,21091 Lakewood Court,Oklahoma City,Oklahoma,73179,229-610-1975
45,Female,Crow,7 Hudson Avenue,Denver,Colorado,80209,512-252-3107
43,Female,Native Hawaiian and Other Pacific Islander (NHPI),173 Quincy Street,Northridge,California,91328,540-818-1056
29,Male,Bolivian,79 Everett Point,Saint Cloud,Minnesota,56372,402-723-5867
83,Male,Micronesian,0494 Marcy Circle,Alexandria,Virginia,22309,405-728-4470
70,Female,Alaskan Athabascan,6 Evergreen Circle,Pensacola,Florida,32575,812-551-0679
77,Male,Tlingit-Haida,3083 Northwestern Circle,Saint Paul,Minnesota,55115,303-365-9709
35,Male,Navajo,20 East Plaza,Atlanta,Georgia,30328,602-848-3203
71,Male,Vietnamese,57242 Farwell Avenue,Las Vegas,Nevada,89145,307-548-2769
56,Female,Spaniard,0 Norway Maple Center,Des Moines,Iowa,50330,763-242-5660
63,Female,Native Hawaiian,1 Luster Drive,Fort Worth,Texas,76147,331-202-7731
76,Male,Shoshone,66141 Beilfuss Circle,Oklahoma City,Oklahoma,73129,267-117-4384
75,Male,Melanesian,28547 Welch Lane,Wichita,Kansas,67205,215-536-8144
98,Female,Uruguayan,3 Sunbrook Junction,Hamilton,Ohio,45020,386-789-7189
20,Female,Menominee,77 Onsgard Park,Torrance,California,90510,317-742-9643
71,Male,Cheyenne,8963 7th Hill,Washington,District of Columbia,20057,716-118-7886
33,Agender,Pakistani,576 Scofield Junction,Atlanta,Georgia,30328,917-268-2608
56,Male,Seminole,73 Thierer Street,Pensacola,Florida,32511,304-266-6715
98,Agender,Cherokee,2 Northwestern Center,Madison,Wisconsin,53710,915-142-4887
47,Female,Tohono O'Odham,36 Kings Road,Macon,Georgia,31205,808-960-1172
78,Male,Lumbee,33 Jay Trail,Jefferson City,Missouri,65105,717-726-1696
83,Female,Guamanian,0509 Dahle Place,Duluth,Minnesota,55805,814-673-3437
78,Male,Tohono O'Odham,3 Continental Hill,Salt Lake City,Utah,84145,718-250-3556
57,Male,Yaqui,66750 Colorado Court,Baton Rouge,Louisiana,70815,718-260-7898
26,Male,Puget Sound Salish,3 Randy Junction,Knoxville,Tennessee,37939,209-453-1165
95,Male,Shoshone,69399 Fieldstone Road,San Antonio,Texas,78215,703-167-3305
74,Male,Polynesian,0 Logan Street,North Little Rock,Arkansas,72199,518-674-2150
37,Female,Native Hawaiian and Other Pacific Islander (NHPI),66 Texas Point,Tacoma,Washington,98424,512-591-1989
52,Female,Sioux,50 Merrick Plaza,Kansas City,Missouri,64199,515-576-6835
35,Genderfluid,Chippewa,2727 Mallory Avenue,Orange,California,92668,860-154-3667
82,Male,Menominee,9 4th Place,Tulsa,Oklahoma,74108,916-832-9155
96,Male,Ute,92 Lotheville Point,Clearwater,Florida,33763,310-255-1167
51,Female,Tohono O'Odham,85873 Kipling Lane,Long Beach,California,90810,414-123-0714
25,Female,Samoan,36659 Sherman Alley,Atlanta,Georgia,30316,785-456-1034
21,Genderqueer,Native Hawaiian,553 Barby Avenue,San Diego,California,92110,586-286-5172
52,Male,Eskimo,1 Hoard Hill,San Diego,California,92191,281-500-6124
63,Female,Cambodian,90760 Shelley Crossing,Dayton,Ohio,45403,612-149-9068
63,Male,Guamanian,94 Kropf Plaza,Seattle,Washington,98127,713-128-0600
39,Female,Sri Lankan,84365 Ronald Regan Circle,Wilmington,North Carolina,28405,210-252-6091
81,Male,Crow,6 Kinsman Way,Reading,Pennsylvania,19605,469-575-1237
61,Female,Polynesian,0 Union Alley,Bonita Springs,Florida,34135,918-738-5275
94,Male,Blackfeet,4776 Nobel Drive,Stamford,Connecticut,06922,208-315-1729
37,Genderqueer,Dominican (Dominican Republic),906 Thierer Court,Austin,Texas,78759,781-425-4206
52,Female,Colville,17998 Doe Crossing Parkway,Washington,District of Columbia,20397,205-164-2644
90,Bigender,Alaskan Athabascan,9 2nd Lane,Columbia,South Carolina,29203,213-682-3894
46,Female,Malaysian,75850 Fordem Terrace,Jacksonville,Florida,32255,501-868-3781
52,Male,Tlingit-Haida,4 Ryan Center,Charleston,South Carolina,29424,571-880-5554
74,Male,Cambodian,583 Lunder Plaza,Sioux Falls,South Dakota,57188,281-787-7207
63,Male,Yaqui,0 Nobel Junction,Bakersfield,California,93386,661-531-7023
63,Genderqueer,Sri Lankan,432 Dryden Alley,Minneapolis,Minnesota,55417,203-207-3878
58,Female,Yaqui,26886 Warner Pass,Cincinnati,Ohio,45203,313-214-7307
25,Male,Osage,6236 Arizona Circle,Tuscaloosa,Alabama,35487,231-888-4172
62,Male,Lumbee,32973 Corben Court,Irvine,California,92612,754-719-2947
41,Female,Kiowa,8136 Red Cloud Hill,Danbury,Connecticut,06816,412-551-3234
58,Male,Filipino,75 Pearson Trail,Washington,District of Columbia,20022,303-111-9251
30,Female,Comanche,154 Barby Court,New York City,New York,10280,913-849-9791
70,Male,Puget Sound Salish,47 Hoepker Junction,Seattle,Washington,98175,615-776-8067
90,Male,Black or African American,1642 Sutteridge Pass,Fort Pierce,Florida,34981,804-825-8958
84,Male,Chinese,442 Hoard Avenue,San Francisco,California,94126,785-271-7851
22,Male,Asian Indian,3 Lakewood Gardens Avenue,Des Moines,Iowa,50335,314-304-0057
29,Female,Choctaw,93325 Redwing Parkway,Spring Hill,Florida,34611,202-446-9406
91,Female,Hmong,4 Pine View Center,Charleston,West Virginia,25305,518-582-7241
95,Genderqueer,Bolivian,491 Jay Alley,Springfield,Missouri,65805,404-565-1513
98,Male,American Indian,7 Butterfield Way,Chicago,Illinois,60646,770-971-1557
76,Female,Cheyenne,42 Continental Circle,San Francisco,California,94121,989-442-4392
46,Male,Thai,47759 Fuller Point,Baltimore,Maryland,21229,815-766-3581
30,Female,Honduran,2 Loeprich Point,Brea,California,92822,540-902-2596
23,Female,Panamanian,7 Maple Wood Street,Memphis,Tennessee,38109,203-998-3487
36,Male,Shoshone,96416 Dakota Place,Columbus,Ohio,43240,313-437-4434
22,Female,Taiwanese,4801 Maywood Drive,Boca Raton,Florida,33487,985-437-0262
63,Male,Thai,84151 Sundown Point,Miami,Florida,33169,804-483-6326
51,Female,Crow,5 Coleman Trail,New Orleans,Louisiana,70187,303-277-8419
82,Female,Eskimo,42912 Summit Crossing,Atlanta,Georgia,30301,907-923-3504
73,Female,Yaqui,10 Sauthoff Street,Salt Lake City,Utah,84135,814-748-7047
100,Male,Tongan,56945 Forster Center,Ocala,Florida,34479,916-623-9856
59,Genderqueer,Hmong,45 Acker Park,Naples,Florida,33961,775-641-0636
41,Male,Japanese,5298 Sunfield Junction,Billings,Montana,59105,214-633-7117
37,Male,Thai,66548 Burrows Crossing,Houston,Texas,77060,419-599-9152
91,Male,Hmong,5194 Buell Alley,Sacramento,California,94273,203-200-8799
99,Female,Comanche,6750 Gale Parkway,Denver,Colorado,80223,734-735-7475
76,Male,Peruvian,2 Katie Plaza,Lynchburg,Virginia,24503,517-784-4015
19,Female,Ecuadorian,21140 Dovetail Plaza,Austin,Texas,78754,704-215-6359
19,Male,Blackfeet,888 Milwaukee Crossing,Austin,Texas,78726,360-760-4370
29,Female,Paraguayan,1 Farmco Junction,Detroit,Michigan,48242,313-251-2248
37,Female,Apache,28 Eagle Crest Court,Memphis,Tennessee,38150,913-719-2320
53,Male,Yuman,826 East Place,Corpus Christi,Texas,78470,719-315-7515
85,Female,Taiwanese,013 Bayside Lane,White Plains,New York,10606,661-157-7380
29,Female,Laotian,4 Farwell Hill,Tallahassee,Florida,32309,904-681-7373
56,Female,Colombian,53370 Monument Road,Los Angeles,California,90035,916-578-7922
73,Male,Ute,29026 Lakeland Crossing,Baltimore,Maryland,21265,918-243-8779
37,Male,Tohono O'Odham,6074 Loftsgordon Road,Salem,Oregon,97312,217-338-4696
72,Female,White,85 Scoville Crossing,Baltimore,Maryland,21203,469-633-0368
42,Male,Spaniard,0 Old Shore Street,Memphis,Tennessee,38143,203-651-9517
88,Male,Japanese,7403 Trailsway Way,Syracuse,New York,13205,602-796-3945
21,Male,Guamanian,8664 Dwight Hill,Fort Worth,Texas,76110,608-144-2018
50,Male,Peruvian,6179 Veith Trail,Wichita Falls,Texas,76310,817-563-9154
91,Female,Tlingit-Haida,769 Killdeer Trail,Modesto,California,95397,803-986-3013
97,Genderqueer,Eskimo,86507 Pierstorff Way,Toledo,Ohio,43610,515-203-9598
56,Female,Japanese,902 Melrose Trail,Washington,District of Columbia,20557,941-157-7256
82,Genderfluid,Iroquois,5136 Doe Crossing Junction,Spokane,Washington,99220,203-371-1876
24,Female,Vietnamese,5124 8th Parkway,Amarillo,Texas,79165,513-194-4235
36,Male,Vietnamese,34 Raven Pass,Savannah,Georgia,31410,803-968-7392
80,Female,Hmong,97 Sundown Avenue,Anchorage,Alaska,99507,951-222-0387
80,Male,Dominican (Dominican Republic),0 Carberry Parkway,Los Angeles,California,90040,202-417-3939
52,Female,Yaqui,09 Shelley Circle,Shawnee Mission,Kansas,66215,916-531-9214
49,Female,Alaskan Athabascan,4 Shasta Way,Arlington,Virginia,22212,713-189-6746
71,Male,Indonesian,83 Ridgeway Street,Chattanooga,Tennessee,37405,512-422-4798
49,Female,Yakama,478 Dovetail Terrace,Saint Louis,Missouri,63110,434-464-6960
36,Male,Salvadoran,466 Bluestem Park,Lakewood,Washington,98498,305-561-4683
68,Male,Colombian,729 Del Sol Circle,Albuquerque,New Mexico,87190,617-642-6417
96,Male,Peruvian,201 Sommers Alley,Topeka,Kansas,66611,315-547-7496
22,Female,Tongan,4 Anzinger Trail,Shawnee Mission,Kansas,66225,239-646-4305
72,Male,Navajo,9 Marcy Trail,Philadelphia,Pennsylvania,19141,216-244-5228
61,Non-binary,Houma,58 Kropf Avenue,Jamaica,New York,11431,419-320-8409
70,Male,Asian Indian,3 Sloan Park,Atlanta,Georgia,30306,330-991-7081
98,Male,Potawatomi,77086 Burning Wood Parkway,Houston,Texas,77228,561-470-3762
53,Male,Creek,8 Namekagon Circle,Albuquerque,New Mexico,87110,520-495-2209
85,Female,Cherokee,5495 Spenser Parkway,El Paso,Texas,79989,804-696-7748
43,Female,Hmong,181 Claremont Plaza,Washington,District of Columbia,56944,240-690-8508
42,Female,Dominican (Dominican Republic),4873 Union Crossing,Greensboro,North Carolina,27409,714-504-8524
46,Female,Paiute,212 Pankratz Junction,Des Moines,Iowa,50347,304-425-9546
61,Female,Paiute,1 Waxwing Street,Arlington,Texas,76096,239-171-6691
20,Male,Yaqui,85279 Fairview Street,Waco,Texas,76711,713-390-4724
22,Agender,Guatemalan,78 Summit Center,Cincinnati,Ohio,45243,213-964-3046
80,Male,Native Hawaiian,39 Londonderry Road,Boca Raton,Florida,33432,904-308-9160
100,Male,Ecuadorian,77 Talisman Trail,Phoenix,Arizona,85053,916-178-7055
55,Female,Alaskan Athabascan,2174 Forster Crossing,Indianapolis,Indiana,46226,763-806-7116
95,Female,Aleut,871 Westend Center,Newark,New Jersey,07104,217-121-9406
89,Male,Alaska Native,23 Evergreen Lane,Fort Lauderdale,Florida,33355,316-389-7358
100,Male,Osage,57456 Hoepker Way,Houston,Texas,77299,801-600-7384
18,Male,Houma,30 Jenna Trail,Pittsburgh,Pennsylvania,15286,818-626-3676
98,Female,Spaniard,7 Sycamore Parkway,Providence,Rhode Island,02905,661-953-6377
67,Female,Micronesian,64 Corben Terrace,Reading,Pennsylvania,19605,254-349-6639
35,Female,Chickasaw,48742 Moose Trail,Chicago,Illinois,60636,317-524-3159
98,Female,Apache,623 Messerschmidt Trail,Vancouver,Washington,98682,218-866-5292
44,Male,Spaniard,3635 Nancy Road,Cleveland,Ohio,44185,941-749-0792
23,Female,Costa Rican,287 Lyons Point,West Palm Beach,Florida,33416,917-825-6580
88,Genderqueer,Polynesian,841 Algoma Pass,Monticello,Minnesota,55585,305-179-9269
49,Male,Bangladeshi,6 Oakridge Road,Atlanta,Georgia,30323,559-282-1017
82,Male,Guamanian,20103 Pleasure Drive,Birmingham,Alabama,35285,336-323-3129
18,Genderqueer,Ecuadorian,2227 Swallow Point,Las Vegas,Nevada,89105,718-499-2650
73,Bigender,Venezuelan,14015 Nova Alley,Sacramento,California,94263,817-187-7485
98,Female,Creek,531 Green Ridge Crossing,Evansville,Indiana,47732,864-694-2225
96,Male,Blackfeet,68 Caliangt Place,Cleveland,Ohio,44197,801-593-3552
90,Female,Shoshone,62 Vera Street,Albany,Georgia,31704,952-353-1099
52,Female,Pakistani,6 Coleman Parkway,Roanoke,Virginia,24004,661-232-8034
48,Female,Yakama,7033 Sullivan Alley,Mc Keesport,Pennsylvania,15134,315-783-0894
55,Male,Central American,250 Atwood Circle,Washington,District of Columbia,20260,801-901-5802
44,Female,Sioux,8 Westport Junction,Oklahoma City,Oklahoma,73104,915-899-8883
39,Female,Pima,0935 Waubesa Street,Eugene,Oregon,97405,808-659-4312
74,Male,Japanese,103 Dayton Place,Albany,New York,12222,215-335-6833
37,Male,White,45 American Ash Place,Waco,Texas,76711,203-300-9682
55,Genderfluid,Colville,180 American Ash Avenue,Myrtle Beach,South Carolina,29579,918-905-9637
89,Male,Japanese,19 Old Shore Place,Tacoma,Washington,98405,909-640-8632
39,Male,Pueblo,914 Forest Place,Shawnee Mission,Kansas,66276,321-336-9303
79,Female,Black or African American,91 Debs Plaza,Memphis,Tennessee,38131,913-276-6225
77,Male,Mexican,36657 Pine View Drive,Washington,District of Columbia,20041,714-386-3883
72,Male,Alaska Native,70 Becker Crossing,Atlanta,Georgia,30343,515-227-9065
42,Female,Cherokee,76391 4th Parkway,Denver,Colorado,80270,254-676-7629
55,Male,Native Hawaiian,83 Dahle Center,Bakersfield,California,93386,201-593-7601
81,Female,Chilean,58 Porter Hill,Sacramento,California,95838,850-832-7746
51,Male,Thai,69043 Declaration Terrace,Atlanta,Georgia,30301,513-717-1144
70,Polygender,Sioux,42 Manitowish Plaza,Salt Lake City,Utah,84115,267-986-8632
70,Agender,Asian Indian,80 Kings Center,Lakeland,Florida,33811,505-561-2108
36,Female,Cheyenne,4 Pleasure Center,Santa Barbara,California,93111,623-254-6718
93,Female,Tlingit-Haida,11235 Forest Run Place,San Antonio,Texas,78205,770-373-0365
78,Female,Uruguayan,17182 Linden Drive,Sacramento,California,94257,936-930-4970
47,Male,Panamanian,24803 Fairfield Lane,Scranton,Pennsylvania,18514,608-913-1753
100,Male,Yuman,9918 Hansons Plaza,Honolulu,Hawaii,96835,727-776-2888
56,Female,Tlingit-Haida,6 Bashford Road,Miami,Florida,33185,818-961-2112
31,Male,Micronesian,49 Pine View Drive,Amarillo,Texas,79165,704-994-0809
27,Male,South American,27 Hovde Crossing,Louisville,Kentucky,40293,805-672-7757
77,Male,Yaqui,73233 Fulton Drive,Gainesville,Florida,32605,305-897-1401
52,Polygender,Laotian,785 Di Loreto Park,El Paso,Texas,88563,813-167-5620
36,Male,Pueblo,65766 Lukken Parkway,Houston,Texas,77065,910-590-6490
48,Female,Costa Rican,80458 Lawn Trail,Kansas City,Missouri,64153,239-532-8668
81,Genderfluid,Micronesian,26818 Kingsford Road,Charleston,West Virginia,25362,407-505-5277
92,Female,Melanesian,978 Debra Trail,Albuquerque,New Mexico,87180,602-419-1652
77,Male,Puget Sound Salish,21366 Prentice Place,Fairfield,Connecticut,06825,225-278-5262
72,Female,Choctaw,46752 Mitchell Pass,Kansas City,Kansas,66112,651-610-2618
67,Female,Native Hawaiian,158 Pond Avenue,Topeka,Kansas,66629,501-123-3195
71,Female,Costa Rican,651 Moose Street,Helena,Montana,59623,413-556-8864
92,Female,Argentinian,93659 La Follette Pass,Pittsburgh,Pennsylvania,15261,843-849-2647
37,Male,Asian Indian,97 Stoughton Avenue,Billings,Montana,59105,256-668-7975
32,Male,Pakistani,37 Daystar Place,Gainesville,Georgia,30506,253-599-3004
87,Genderqueer,Ute,25 Burning Wood Junction,Modesto,California,95397,405-269-6552
94,Male,Alaska Native,47627 South Place,Arlington,Virginia,22234,212-472-3515
81,Male,Puget Sound Salish,6169 4th Drive,Orlando,Florida,32859,559-619-3017
85,Male,Chinese,11423 Shopko Road,Waltham,Massachusetts,02453,702-532-2564
82,Male,Blackfeet,556 Dorton Avenue,Minneapolis,Minnesota,55446,352-934-6423
92,Non-binary,Spaniard,14170 Bellgrove Street,Tallahassee,Florida,32309,816-244-4892
65,Female,Ute,1834 Dorton Circle,Albany,New York,12210,570-700-9523
35,Male,Houma,55411 Wayridge Street,Colorado Springs,Colorado,80940,425-683-9829
83,Female,Houma,2740 Sundown Road,Sparks,Nevada,89436,716-230-6704
51,Male,Iroquois,63613 Arapahoe Crossing,Springfield,Illinois,62705,505-986-9238
99,Female,Ecuadorian,5581 Buhler Trail,Green Bay,Wisconsin,54305,646-283-6687
80,Genderfluid,Cambodian,664 Summerview Way,Harrisburg,Pennsylvania,17121,202-577-5896
28,Male,Salvadoran,5 Londonderry Parkway,Grand Junction,Colorado,81505,803-798-0057
39,Female,Apache,01624 Little Fleur Way,Augusta,Georgia,30911,202-616-3351
33,Male,American Indian,209 Homewood Park,Fayetteville,North Carolina,28314,215-329-9205
48,Male,Yaqui,5375 Eastlawn Circle,Arlington,Virginia,22217,805-798-2650
40,Female,Costa Rican,37800 Dennis Park,Round Rock,Texas,78682,909-349-0774
36,Female,Bolivian,63235 Crowley Terrace,Austin,Texas,78754,401-463-5773
55,Male,Black or African American,235 Sachtjen Place,Lafayette,Indiana,47905,814-248-4852
78,Female,Comanche,7 Esker Alley,Washington,District of Columbia,56944,678-385-7811
