employee_id,job_title,salary,hire_date,hours_worked_per_week,overtime_hours_per_week,gender,education_level,years_of_experience,phone_number
1,Sales Associate,55517.94,4/25/2011,27.09,5.95,Female,Bachelor's Degree,2.14,281-500-6124
2,Geologist III,92948.69,10/20/2018,29.99,5.8,Female,Bachelor's Degree,32.96,313-251-2248
3,GIS Technical Architect,80489.58,1/24/2023,55.06,19.28,Female,High School Diploma,18.31,520-432-1738
4,Senior Financial Analyst,71869.39,3/28/2011,48.18,6.43,Male,Master's Degree,19.76,612-287-5002
5,Design Engineer,34085.31,10/11/2003,30.13,18.55,Female,PhD,24.44,951-246-3952
6,Paralegal,113369.36,7/9/2019,54.29,7.88,Female,Master's Degree,25.35,915-465-9614
7,Web Designer I,98876.06,11/12/2013,40.27,3.44,Male,High School Diploma,35.79,309-129-4750
8,Assistant Manager,90599.94,6/5/2023,43.13,14.68,Male,Bachelor's Degree,36.43,814-169-4551
9,Junior Executive,41682.19,5/16/2008,24.46,5.2,Female,Bachelor's Degree,3.65,971-304-1675
10,Accountant III,21358.28,9/24/2020,38.13,11.61,Male,PhD,25.9,804-825-8958
11,Engineer IV,131356.68,11/14/2021,35.66,8.23,Bigender,Bachelor's Degree,0.85,303-365-9709
12,Community Outreach Specialist,108990.39,5/22/2001,59.17,5.23,Female,Bachelor's Degree,9.48,505-255-7941
13,Pharmacist,90488.71,2/23/2022,25.24,7.78,Polygender,PhD,6.24,903-230-6261
14,Computer Systems Analyst I,46997.28,8/4/2023,32.86,14.08,Male,Bachelor's Degree,2.09,202-241-5265
15,Nurse Practicioner,81427.15,8/13/2004,41.38,1.5,Male,PhD,37.91,864-975-0169
16,Environmental Tech,114545.33,12/9/2020,41.67,13.3,Male,PhD,8.32,201-502-8262
17,Help Desk Operator,141276.6,1/25/2020,35.23,7.86,Male,High School Diploma,28.52,406-411-9617
18,Accounting Assistant III,140220.27,11/2/2001,59.55,6.8,Male,PhD,14.2,254-349-6639
19,Professor,68358.53,12/19/2002,55.02,5.51,Female,Bachelor's Degree,19.26,727-776-2888
20,Nuclear Power Engineer,46331.08,12/22/2020,53.26,12.78,Female,PhD,9.91,843-441-1612
21,Web Designer IV,101044.06,2/21/2015,30.02,9.1,Female,Bachelor's Degree,2.81,716-424-3207
22,Assistant Manager,111258.9,1/9/2008,45.2,16.17,Female,PhD,26.62,864-930-6608
23,Software Consultant,141435.81,4/19/2016,47.83,8.14,Female,PhD,34.47,951-869-5039
24,Automation Specialist II,88286.42,11/2/2016,23.33,0.4,Male,High School Diploma,26.57,202-577-5896
25,Data Coordinator,133389.75,12/27/2011,45.58,16.51,Female,Bachelor's Degree,10.57,702-593-4946
26,Payment Adjustment Coordinator,123372.62,10/30/2018,52.89,6,Female,PhD,35.83,813-167-5620
27,Senior Financial Analyst,92031.82,1/12/2020,25.27,6.74,Male,High School Diploma,37.48,515-314-2913
28,Automation Specialist III,99366.11,8/12/2004,59.05,13.96,Male,High School Diploma,18.31,417-480-1647
29,Software Consultant,134776.53,7/8/2021,53.56,5.13,Male,PhD,19.23,701-291-2437
30,Speech Pathologist,94410.2,2/17/2017,47.56,12.69,Female,Master's Degree,23.55,916-832-9155
31,Administrative Assistant II,140352.01,6/19/2011,34.89,12.89,Female,High School Diploma,18.33,817-559-1190
32,Electrical Engineer,39794.84,5/24/2013,44.02,9.99,Female,High School Diploma,24.72,520-165-4188
33,Programmer I,133354.45,4/5/2019,48.1,9.17,Male,PhD,3.02,571-362-7287
34,Speech Pathologist,32477.01,7/25/2009,47.23,9.56,Female,High School Diploma,27.61,954-463-8717
35,GIS Technical Architect,62108.34,7/25/2000,58.83,17.55,Female,Master's Degree,16.87,810-890-6056
36,Speech Pathologist,58280.19,5/27/2013,22.5,7.55,Male,Master's Degree,39.91,754-126-5637
37,Health Coach IV,118531.24,11/19/2019,53.28,0.2,Genderfluid,PhD,29.51,910-176-5537
38,Dental Hygienist,60789.73,5/16/2012,24.76,9.98,Female,Master's Degree,29.61,785-271-7851
39,Registered Nurse,116053.95,6/10/2006,36.49,18.28,Male,Bachelor's Degree,30.58,816-765-5857
40,Analog Circuit Design manager,132931.83,8/23/2008,48.25,3.97,Female,PhD,10.34,619-891-3819
41,Safety Technician I,127648.98,10/24/2008,28.15,9.31,Male,Master's Degree,25.19,315-335-1560
42,Office Assistant II,135267.93,5/31/2017,23.85,10.65,Male,PhD,25.86,310-255-1167
43,Analyst Programmer,118076.98,5/2/2023,25.17,8.86,Female,Bachelor's Degree,9.87,916-531-9214
44,Senior Financial Analyst,30060.26,11/5/2016,55.9,4.17,Male,High School Diploma,12.94,813-152-5085
45,Automation Specialist III,142079.74,6/15/2010,33.47,15.5,Male,Master's Degree,13.61,410-865-6124
46,Web Designer III,119058.23,8/21/2021,40.85,1.06,Female,PhD,26.95,972-287-2570
47,Technical Writer,47158.91,6/7/2022,39.65,17.59,Female,PhD,38.11,513-423-2232
48,Recruiter,127137.59,2/1/2018,55.3,9.11,Male,PhD,30.62,918-378-3135
49,Junior Executive,131256.4,7/14/2011,48.84,18.59,Genderfluid,PhD,38.24,718-730-9315
50,Operator,25323.17,9/17/2018,58.23,19.87,Male,PhD,8.46,309-747-6189
51,Junior Executive,124050.25,4/2/2009,29.65,15.81,Female,High School Diploma,20.9,202-420-2129
52,Account Executive,41851.73,2/20/2009,27.33,0.92,Female,Bachelor's Degree,27.17,617-175-9445
53,Data Coordinator,75846.65,3/16/2024,48.97,19.15,Male,High School Diploma,36.42,816-887-8949
54,Clinical Specialist,103474.72,7/16/2002,22.17,7.7,Non-binary,Bachelor's Degree,35.01,520-528-6447
55,Social Worker,44555.36,7/29/2019,35.81,1.24,Non-binary,Master's Degree,15.32,623-254-6718
56,Health Coach I,74204.58,5/7/2009,30.6,13.15,Female,Master's Degree,38.69,917-285-1782
57,Marketing Manager,113401.89,8/8/2014,55.49,2.02,Female,PhD,32.96,317-524-3159
58,Professor,127299.31,7/18/2013,20.19,1.54,Male,Master's Degree,10.07,201-593-7601
59,Actuary,80192.15,1/2/2005,22.34,3.54,Female,High School Diploma,35.34,512-422-4798
60,Systems Administrator II,119355.69,8/18/2004,49.77,3.41,Female,Master's Degree,15.96,702-781-2312
61,Legal Assistant,77614.86,6/16/2003,42.55,13.86,Female,Master's Degree,20.54,941-598-9534
62,VP Product Management,114305.65,2/21/2010,56.1,7.69,Female,PhD,4.81,626-931-8282
63,Junior Executive,30380.44,2/12/2015,21.09,8.62,Female,PhD,12.96,816-916-6401
64,Marketing Manager,55803.05,2/19/2009,22.27,10.25,Male,Bachelor's Degree,28.67,571-546-4823
65,Database Administrator II,149143.21,11/16/2013,38.84,14.29,Female,High School Diploma,7.13,425-523-5402
66,Information Systems Manager,66578.59,8/14/2012,33.66,9.07,Female,High School Diploma,2.12,409-933-4282
67,Analog Circuit Design manager,140132.42,11/23/2000,55.83,2.57,Female,Master's Degree,11.81,918-243-8779
68,Automation Specialist I,40943.81,5/28/2012,35.43,18.28,Male,Bachelor's Degree,0.14,432-876-0067
69,Computer Systems Analyst II,141071.88,10/20/2023,53.8,14.86,Male,Bachelor's Degree,19.19,501-118-0559
70,Associate Professor,124466.31,5/10/2005,27.91,2.34,Male,PhD,2.66,713-390-4724
71,Research Nurse,27309.45,4/11/2020,55.35,11.21,Male,Bachelor's Degree,12.87,701-285-6474
72,Account Coordinator,28098.7,12/15/2011,48.95,4.26,Non-binary,High School Diploma,15.4,626-614-5327
73,Biostatistician IV,78413.25,7/14/2000,44.75,13.82,Bigender,Master's Degree,26.88,701-558-0260
74,GIS Technical Architect,133728.23,7/18/2002,34.45,5.79,Male,Master's Degree,37.69,786-259-0900
75,Structural Analysis Engineer,44775.33,1/29/2003,34.46,19.55,Genderqueer,Bachelor's Degree,29.61,937-786-7697
76,Professor,68569.47,11/26/2006,54.84,6.92,Male,High School Diploma,19.75,804-478-4921
77,Safety Technician I,59579.32,11/13/2005,39.63,12.37,Female,Bachelor's Degree,26.73,309-610-4240
78,Senior Cost Accountant,25865.04,4/7/2007,50.4,17.15,Male,High School Diploma,4.83,717-656-8712
79,Professor,149338.29,12/2/2017,41.48,11.46,Male,Bachelor's Degree,7.43,772-659-6887
80,Chemical Engineer,90758.02,7/14/2012,27.18,15.3,Female,Master's Degree,15.65,801-593-3552
81,Health Coach II,74453.32,12/25/2009,42.18,18.84,Male,High School Diploma,3.5,602-534-8167
82,Developer I,97268.21,12/27/2018,38.62,17.25,Female,Bachelor's Degree,38.82,503-710-1445
83,Associate Professor,32942.45,2/26/2005,38.7,5.6,Non-binary,PhD,20.29,954-882-8785
84,Environmental Specialist,40442.2,6/25/2004,33.16,18.96,Genderqueer,PhD,4.98,405-649-1989
85,Design Engineer,30540.13,6/9/2003,55.25,14.93,Female,Master's Degree,5.54,915-858-3296
86,Developer IV,148497.64,6/9/2001,40.36,10.54,Male,Bachelor's Degree,28.87,727-265-3294
87,VP Marketing,120365.32,9/29/2016,49.82,11.81,Male,High School Diploma,6,818-594-3882
88,Marketing Manager,59792.16,7/9/2023,53.13,18.98,Genderqueer,Bachelor's Degree,4.75,214-853-5818
89,Assistant Media Planner,109603.99,5/12/2019,39.48,16.57,Female,Master's Degree,39.58,336-946-0610
90,Director of Sales,104545.72,9/21/2005,39.88,3.1,Female,Bachelor's Degree,38.23,917-285-4344
91,Assistant Media Planner,136272.07,11/4/2002,32.79,7,Male,PhD,13.66,240-539-0426
92,Research Nurse,133445.88,7/18/2009,50.31,8.63,Female,Master's Degree,26.86,318-460-6558
93,Internal Auditor,130423.17,8/3/2014,28.23,4.03,Female,Bachelor's Degree,7.99,803-798-0057
94,Quality Engineer,113452.88,5/27/2014,56.14,8.77,Male,High School Diploma,20.23,765-862-5575
95,Chief Design Engineer,32931.35,10/2/2010,22.05,10.74,Female,Bachelor's Degree,36.54,304-338-5478
96,Occupational Therapist,127744.6,1/21/2023,45.24,20,Male,PhD,24.19,513-384-2426
97,Biostatistician IV,26535.44,4/14/2016,35.77,1,Male,PhD,26.84,972-971-1805
98,Office Assistant II,49893.95,11/6/2003,22.77,17.59,Female,PhD,17.83,626-351-3449
99,Community Outreach Specialist,89995.85,4/6/2003,39.23,3.6,Female,Master's Degree,4.99,318-573-4316
100,Environmental Tech,78699.44,4/21/2003,47.26,7.17,Male,Master's Degree,38.05,520-495-2209
101,Senior Sales Associate,68085.73,6/7/2005,27.14,0.16,Male,High School Diploma,13.58,505-561-2108
102,Civil Engineer,29834.2,3/30/2001,25.43,8.95,Male,PhD,4.89,419-599-9152
103,Pharmacist,86993.11,1/11/2014,23.81,1.7,Male,Bachelor's Degree,33.25,860-115-0284
104,Cost Accountant,55179.6,5/27/2012,40.29,9.81,Female,PhD,12.19,803-284-4330
105,Mechanical Systems Engineer,84683.83,10/20/2013,27.47,8.91,Female,Master's Degree,6.29,585-626-0061
106,Web Developer I,87625.07,6/10/2009,40.16,9.36,Female,Bachelor's Degree,8.59,508-908-1880
107,Structural Engineer,119288.82,7/19/2011,52.98,17.25,Male,High School Diploma,25.84,540-665-9504
108,Associate Professor,113128.27,6/22/2021,48.72,16.9,Female,Bachelor's Degree,9.75,714-504-8524
109,VP Accounting,67182.93,4/22/2012,32.27,9.98,Female,Master's Degree,0.8,812-890-7587
110,Cost Accountant,64906.62,6/27/2001,22.73,8.99,Female,High School Diploma,14.13,770-373-0365
111,Senior Sales Associate,88184.91,5/1/2009,26.01,7.37,Female,Bachelor's Degree,21.47,812-664-0499
112,Automation Specialist I,90735.79,8/11/2005,59.23,1.73,Female,Bachelor's Degree,15.23,763-242-5660
113,Health Coach I,82960.33,7/22/2021,53.17,2.02,Female,Bachelor's Degree,10.06,352-969-4782
114,Human Resources Manager,71520.99,2/26/2013,43.62,3.47,Female,High School Diploma,32,917-599-8247
115,Pharmacist,21785.12,8/11/2019,31.15,14.48,Male,Bachelor's Degree,18.55,713-751-9272
116,Safety Technician I,35374.92,12/2/2006,27.62,4.78,Female,High School Diploma,37.63,209-732-1564
117,Occupational Therapist,64757.85,8/23/2003,46.37,14.5,Male,Master's Degree,28.47,915-302-9177
118,Community Outreach Specialist,145623.39,10/31/2004,36.16,1.89,Male,High School Diploma,33.19,210-588-8862
119,Research Assistant II,46333.92,10/18/2006,38.18,5.65,Female,Master's Degree,7.35,785-800-9390
120,Product Engineer,45978.42,7/20/2006,37.35,9.37,Female,PhD,0.85,917-804-7234
121,Accounting Assistant III,116470.13,1/17/2011,46.32,13.6,Female,High School Diploma,34.41,501-906-3330
122,Recruiter,111350.84,1/29/2016,45.25,2.4,Male,High School Diploma,21.1,256-444-6008
123,Health Coach I,142086.86,8/16/2000,24.08,6.41,Female,PhD,11.58,515-295-5906
124,Recruiter,82965.66,2/1/2013,34.88,8.08,Genderqueer,Master's Degree,17.91,716-753-9675
125,Social Worker,143188.37,1/17/2009,37.71,12.23,Male,Bachelor's Degree,29.09,314-983-6030
126,Computer Systems Analyst III,102442.76,8/25/2002,22.73,16.47,Male,High School Diploma,38.59,267-117-4384
127,Budget/Accounting Analyst III,51043.69,10/19/2016,20.16,0.31,Male,Bachelor's Degree,2.85,412-521-4251
128,Operator,86568.68,3/11/2018,47.01,7.18,Bigender,Bachelor's Degree,28.24,801-975-5345
129,Nurse,30170.36,9/6/2020,21.31,8.69,Female,Bachelor's Degree,11.22,225-143-0407
130,Paralegal,30196.81,12/4/2015,29.92,18.77,Male,High School Diploma,26.16,305-346-9641
131,Operator,42993.76,8/9/2016,39.78,11.5,Male,Bachelor's Degree,27.93,770-220-7985
132,VP Product Management,49272.46,4/11/2011,34.07,1.04,Female,PhD,33.43,954-197-4567
133,Senior Financial Analyst,76866.6,10/15/2023,57.93,6.95,Female,High School Diploma,14.2,850-412-2917
134,Physical Therapy Assistant,34148.87,6/21/2007,49.74,14.93,Male,Master's Degree,2.6,205-511-8472
135,Social Worker,103153.59,9/12/2007,32.39,11.56,Male,Master's Degree,31.47,716-230-6704
136,Accountant IV,56038.12,9/16/2002,50.25,1.83,Genderqueer,Master's Degree,17.79,419-320-8409
137,Recruiting Manager,80803.64,8/23/2013,56.27,0.73,Male,High School Diploma,37.97,918-255-0760
138,Senior Editor,95697.58,4/27/2012,50.43,10.51,Male,Bachelor's Degree,32.22,256-130-8671
139,Legal Assistant,89959.41,9/12/2018,46.38,11.35,Female,Bachelor's Degree,38.14,309-125-3935
140,Sales Representative,121312.52,5/17/2022,48.54,5.19,Female,Master's Degree,0,513-357-0643
141,Geological Engineer,69597.46,3/8/2022,26.13,0.06,Male,PhD,19.12,803-968-7392
142,VP Accounting,106912.33,10/20/2013,34.28,10.12,Male,High School Diploma,7.89,832-603-8563
143,Budget/Accounting Analyst III,66099.3,9/17/2023,28.55,3.2,Male,High School Diploma,37.04,703-883-6214
144,Health Coach III,110308.71,10/9/2003,48.12,15.37,Agender,High School Diploma,11.02,408-514-7515
145,Account Representative I,78216.92,6/4/2014,49.42,7.15,Bigender,PhD,38.89,501-212-8523
146,Librarian,137683.99,3/23/2010,57.08,2.46,Female,High School Diploma,25.42,515-227-9065
147,Analog Circuit Design manager,105543.11,1/19/2004,29.45,14.68,Non-binary,Master's Degree,28.68,561-429-5496
148,Staff Accountant II,71964.88,4/30/2002,58.72,16.39,Male,PhD,24.55,904-395-7724
149,Business Systems Development Analyst,138825.18,4/18/2021,37.37,15.72,Male,Bachelor's Degree,6.61,719-225-2816
150,Associate Professor,131252.65,11/11/2022,31.99,18.6,Female,Bachelor's Degree,25.27,407-435-0478
151,Design Engineer,98027.2,8/13/2022,49.12,13.11,Male,PhD,37.91,412-461-2954
152,Administrative Assistant IV,88243.13,11/12/2000,38.91,19.96,Female,Master's Degree,34.43,508-905-0565
153,Computer Systems Analyst I,70970.85,3/19/2018,58.77,9.56,Female,PhD,38.52,404-912-2780
154,Dental Hygienist,146009.58,3/23/2014,46.63,16.43,Male,Bachelor's Degree,39.41,303-928-0508
155,Web Developer I,118944.98,2/12/2024,21.08,2.87,Male,PhD,1.59,716-682-9177
156,Chief Design Engineer,29790.3,6/14/2010,52.59,2.25,Male,Bachelor's Degree,16.54,303-226-7432
157,Nuclear Power Engineer,90474.3,7/7/2013,21.73,2.04,Male,PhD,14.82,410-570-1127
158,Human Resources Manager,143849.09,10/7/2020,27.32,17.68,Female,PhD,23.89,513-558-9505
159,Office Assistant II,20238.8,3/15/2002,25.24,8.07,Female,High School Diploma,0.46,515-641-4291
160,Sales Representative,88397.49,7/5/2003,50.46,7.41,Agender,PhD,22.12,310-469-0879
161,GIS Technical Architect,28384.31,3/21/2020,29.91,18.72,Male,Master's Degree,34.41,201-356-0567
162,Registered Nurse,138824.56,2/3/2008,31.52,3.29,Female,PhD,19.76,510-321-8043
163,Software Test Engineer III,108065.18,9/10/2021,36.51,3.55,Female,Master's Degree,7.37,859-214-9392
164,Financial Analyst,138241.78,4/2/2005,55.12,3.18,Male,PhD,3.37,267-986-8632
165,VP Quality Control,140766.38,6/13/2022,48.32,14.61,Male,High School Diploma,15.65,817-187-7485
166,Research Assistant III,128964.27,2/29/2008,50.7,1.83,Female,High School Diploma,15.56,202-852-6626
167,Librarian,115071.73,8/9/2010,50.91,2.97,Female,Master's Degree,19.5,208-315-1729
168,Recruiting Manager,86389.42,11/2/2023,49.33,13.53,Female,PhD,5.44,517-784-4015
169,VP Quality Control,36757.98,6/17/2021,26.11,0.03,Male,High School Diploma,31.81,773-291-4320
170,Registered Nurse,100838.55,3/18/2006,56.02,12.69,Male,PhD,31.95,804-696-7748
171,Programmer II,55325.11,5/27/2013,33.47,17.48,Female,PhD,32.43,559-789-6754
172,Safety Technician I,102862.57,1/1/2019,47.52,6.26,Female,Master's Degree,1.66,951-891-5421
173,Analog Circuit Design manager,72860.58,9/13/2013,40.02,11.93,Male,PhD,34.85,303-483-2020
174,Biostatistician II,52458.62,10/20/2019,32.35,1.09,Male,Master's Degree,13.24,217-121-9406
175,Marketing Assistant,123159.75,10/23/2004,22.98,14.66,Female,Master's Degree,20.88,904-681-7373
176,Safety Technician IV,83621.18,3/22/2007,23.67,8.78,Male,Master's Degree,36.63,989-610-5391
177,VP Product Management,93483.56,6/23/2013,33.73,19.77,Female,PhD,10.34,562-843-0807
178,Tax Accountant,107549.64,5/11/2006,44.32,7.98,Male,Master's Degree,27.63,805-937-9956
179,Help Desk Operator,141741.82,8/29/2003,59.36,1.27,Female,Bachelor's Degree,22.2,702-198-6688
180,Human Resources Manager,26149.52,5/20/2010,44.27,14.24,Female,Master's Degree,16.41,816-852-7209
181,Product Engineer,135588.28,9/27/2003,47.86,0.13,Male,PhD,14.46,203-620-9625
182,Administrative Officer,22078.46,5/14/2008,39.98,7.65,Male,Master's Degree,23.08,515-609-3775
183,Structural Analysis Engineer,102041.86,11/24/2006,57.85,13.73,Male,High School Diploma,4.68,864-565-9629
184,Internal Auditor,125218.43,2/22/2019,24.55,0.56,Male,Master's Degree,23.11,303-111-9251
185,Registered Nurse,92519.87,6/30/2017,26.1,5.43,Male,Bachelor's Degree,10.3,425-683-9829
186,Professor,96406.28,11/23/2011,35.22,10.24,Male,High School Diploma,12.28,202-417-3939
187,Programmer I,53940.19,3/18/2020,30.78,5.99,Male,High School Diploma,13.85,502-437-9482
188,Accounting Assistant IV,32703.17,1/8/2000,58.68,18.43,Male,Bachelor's Degree,36.48,785-757-5404
189,Programmer IV,22242.64,1/28/2009,40.41,1.32,Male,PhD,0.77,317-125-6834
190,VP Marketing,59657.24,10/27/2019,32.29,17.08,Female,PhD,14.69,626-404-8303
191,Analyst Programmer,143813.55,10/17/2016,56.02,18.13,Female,PhD,19.3,971-834-7074
192,Safety Technician I,77827.17,12/19/2013,49.89,12.51,Female,Master's Degree,0.01,504-467-5253
193,Safety Technician III,106770.73,11/6/2016,59.95,19.24,Male,Master's Degree,34.03,309-394-1524
194,Dental Hygienist,125846.33,4/7/2007,52.57,0.6,Male,Bachelor's Degree,3.84,571-880-5554
195,Research Nurse,123730.29,7/3/2021,26.36,6.99,Male,Master's Degree,33.23,408-990-6787
196,Environmental Specialist,41925.72,4/12/2008,24.4,19.65,Female,Bachelor's Degree,9.97,218-264-2229
197,Teacher,40083.65,11/15/2009,58.83,1.23,Female,Bachelor's Degree,5.22,775-446-3144
198,Mechanical Systems Engineer,123609.65,12/11/2007,28.14,8.12,Female,Bachelor's Degree,39.25,918-905-9637
199,Analog Circuit Design manager,146696.31,4/27/2022,43.58,0.66,Genderqueer,Master's Degree,12.92,760-454-1584
200,Project Manager,125638.64,3/5/2019,21.3,17.73,Female,PhD,4.31,267-425-9926
201,Engineer I,109684.67,8/5/2009,29.07,3.85,Female,Master's Degree,13.54,312-800-7688
202,Office Assistant IV,117513.01,4/18/2019,36.93,13.46,Male,Master's Degree,38.03,703-167-3305
203,Food Chemist,51895.84,2/20/2009,58.39,19.08,Female,Bachelor's Degree,17.5,209-333-1328
204,Marketing Assistant,124807.63,8/26/2004,49.22,4.59,Male,Master's Degree,12.34,312-827-8806
205,Web Developer II,40752.01,6/14/2015,34.23,3.31,Female,Master's Degree,9.69,919-839-8113
206,Physical Therapy Assistant,94990.14,10/29/2006,51.18,1.96,Female,Master's Degree,4.68,415-569-7053
207,VP Quality Control,126040.06,1/10/2023,24.47,2.42,Polygender,PhD,26.13,334-419-4441
208,Media Manager II,41154.43,5/12/2022,30.11,9.15,Non-binary,High School Diploma,16.22,913-276-6225
209,Design Engineer,28671.57,9/28/2002,35.48,3.29,Non-binary,PhD,29.16,440-826-0687
210,Chemical Engineer,22683.98,6/18/2002,59.13,10.86,Female,High School Diploma,21.64,505-986-9238
211,Quality Engineer,52195.33,12/24/2001,52.75,19.05,Male,High School Diploma,33.17,850-834-2621
212,Professor,41048.22,9/26/2023,44.49,2.42,Female,Master's Degree,14.49,260-484-8926
213,Junior Executive,102326.79,4/13/2019,38.16,9.12,Bigender,Master's Degree,33.08,808-366-7937
214,Community Outreach Specialist,117578.97,5/10/2000,47.38,10.75,Female,Master's Degree,14.44,408-507-3313
215,Community Outreach Specialist,89157.44,1/21/2023,48.24,15.93,Female,Master's Degree,35.07,302-393-1879
216,Financial Analyst,123291.39,4/22/2011,53.78,8.75,Male,PhD,25.66,818-192-2032
217,Civil Engineer,124710.68,1/7/2015,31.78,9.68,Female,PhD,6.17,330-513-9607
218,Software Engineer II,141759.2,2/23/2018,43.3,19.11,Male,PhD,24.03,818-853-1903
219,Computer Systems Analyst III,145665.38,5/9/2011,40.22,17.17,Female,PhD,21.71,713-740-7862
220,Clinical Specialist,20576.37,11/18/2007,47.73,19.62,Male,Master's Degree,28.11,480-187-7577
221,Staff Scientist,122195.03,11/14/2015,43.4,12.36,Female,High School Diploma,18.94,434-420-8954
222,Food Chemist,22473,2/24/2018,38.44,12.53,Female,High School Diploma,31.66,469-633-0368
223,Senior Quality Engineer,62804.29,10/11/2015,45.17,13.19,Female,Master's Degree,22.57,908-305-6889
224,Office Assistant I,91032.46,9/17/2017,25.89,14.04,Female,Bachelor's Degree,37.46,915-382-7172
225,Project Manager,97835.13,3/2/2024,25.8,15.5,Male,Master's Degree,19.34,734-735-7475
226,Financial Advisor,77116.98,6/1/2017,25.62,9.21,Male,High School Diploma,25.61,407-837-6260
227,Media Manager I,61518.66,9/29/2002,38.54,10.49,Male,High School Diploma,16.65,702-807-6121
228,Associate Professor,118671.56,8/20/2021,38.34,13,Female,Bachelor's Degree,15.72,719-897-0910
229,VP Product Management,149487.11,1/27/2022,38.45,6.4,Female,High School Diploma,39.71,202-541-9854
230,Health Coach IV,128303.84,9/7/2000,49.22,9.58,Male,Bachelor's Degree,0,661-337-6941
231,VP Marketing,71830.67,9/27/2015,38.92,13.18,Male,High School Diploma,39.92,339-948-5337
232,Software Engineer III,119247.92,5/16/2022,36.8,16.89,Agender,Master's Degree,39.1,586-253-2578
233,Automation Specialist I,24985.57,5/24/2018,38.98,5.97,Female,PhD,15.81,213-240-6201
234,Sales Representative,130590.21,2/14/2022,48.19,13.31,Female,PhD,25.04,203-651-9517
235,Senior Financial Analyst,57656.32,5/13/2007,59.81,19.22,Female,Master's Degree,27.37,917-112-3648
236,Office Assistant III,73133.77,11/30/2012,59.58,8.1,Male,Bachelor's Degree,36.82,316-389-7358
237,Executive Secretary,46856.6,10/10/2007,26.76,12.74,Male,Master's Degree,16.6,469-885-7099
238,Senior Sales Associate,120036.64,3/26/2015,28.15,4.97,Bigender,Bachelor's Degree,10.33,414-220-1202
239,Paralegal,138908.33,2/20/2019,22.88,13.36,Male,Bachelor's Degree,4.86,603-639-5059
240,Occupational Therapist,100091.36,1/30/2017,39.89,8.12,Female,Bachelor's Degree,30.81,215-329-9205
241,Pharmacist,101470.06,12/28/2011,38.62,2.58,Female,PhD,15.55,619-236-4045
242,Junior Executive,145529.72,2/6/2020,51.91,3.9,Male,High School Diploma,10.05,646-854-0169
243,Staff Accountant II,95984.27,6/7/2015,31.44,9.04,Male,Bachelor's Degree,4.2,305-715-6514
244,Assistant Manager,59409.39,4/14/2013,34.2,15.83,Female,PhD,37.25,813-930-3628
245,Geological Engineer,130829.08,1/4/2016,33.9,18.49,Female,PhD,3.07,813-659-1415
246,VP Sales,72757.41,4/7/2001,35.53,6.36,Female,Bachelor's Degree,28.39,540-367-9852
247,Information Security Officer,120119.17,12/20/2023,20.2,17.91,Male,Bachelor's Degree,24.16,260-121-1586
248,Help Desk Operator,136716.96,10/15/2006,41.7,10.09,Female,Bachelor's Degree,4.02,574-970-6148
249,Nurse Practicioner,93309.33,6/27/2008,51.4,3.02,Polygender,PhD,38.75,434-311-1989
250,Administrative Officer,35717.79,6/25/2004,32.59,8.86,Male,High School Diploma,34.19,704-118-1776
251,VP Sales,100033.05,2/27/2007,25.26,9.3,Female,Master's Degree,6.37,225-949-8112
252,Compensation Analyst,85553.97,1/19/2002,45.46,7.82,Male,Bachelor's Degree,19.55,615-189-6197
253,Senior Editor,140625.26,12/20/2006,50.45,9.68,Male,High School Diploma,5.58,786-129-6880
254,Programmer I,135923.59,10/22/2023,44.23,0.29,Male,High School Diploma,23.02,404-465-8786
255,Librarian,137949.38,6/1/2008,26.11,11.11,Female,High School Diploma,1.79,916-715-2015
256,Biostatistician IV,82887.77,3/3/2024,35.89,3.54,Female,High School Diploma,11.55,571-247-6755
257,Software Test Engineer I,102884.7,7/15/2015,40.01,19.28,Female,Bachelor's Degree,9.49,973-876-3206
258,Office Assistant I,138499.39,1/11/2001,44.32,2.9,Male,High School Diploma,4.1,612-293-4400
259,Quality Engineer,27695.7,3/11/2017,45.14,2.36,Male,Bachelor's Degree,14.03,202-634-8040
260,Environmental Tech,87846.92,8/21/2005,49.05,7.12,Female,Master's Degree,36.16,315-783-0894
261,Account Executive,121729.87,6/4/2000,26.07,2.52,Female,High School Diploma,39.56,623-707-9468
262,Operator,40987.56,6/12/2020,23.54,13.57,Female,Master's Degree,28.13,608-144-2018
263,Web Developer I,83818.46,3/7/2011,21.23,11.64,Female,Bachelor's Degree,16.09,513-449-1334
264,Software Test Engineer IV,100114.23,2/19/2016,27.22,18.43,Male,Master's Degree,14.76,616-486-2396
265,Assistant Manager,137132.17,4/20/2014,37.35,9.49,Male,High School Diploma,32.22,843-539-5073
266,Clinical Specialist,23912.66,8/7/2021,29.36,15.58,Female,Master's Degree,24.72,281-740-4078
267,Staff Accountant IV,127908.46,11/12/2000,45.51,17.85,Male,Bachelor's Degree,39.61,505-528-0057
268,Analyst Programmer,38873.06,4/22/2018,46.47,18.96,Female,Bachelor's Degree,6.86,202-778-6576
269,Graphic Designer,85841.74,5/16/2012,47.26,0.01,Female,High School Diploma,15.86,317-742-9643
270,Nurse Practicioner,109263.36,7/1/2007,47.92,14.39,Non-binary,PhD,23.88,615-776-8067
271,Business Systems Development Analyst,102002.16,7/6/2018,41.76,5.49,Male,PhD,29.44,646-968-0819
272,Nurse,43671.74,9/16/2022,23.11,19.75,Male,Master's Degree,7.05,231-888-4172
273,Mechanical Systems Engineer,93491.57,4/21/2004,42.28,8.23,Female,Bachelor's Degree,36.28,570-689-2910
274,Senior Developer,56761.76,3/7/2004,27.63,1.17,Female,PhD,29.15,773-383-1626
275,Help Desk Technician,23887.29,3/11/2020,26.53,2.96,Male,Master's Degree,29.32,559-619-3017
276,Safety Technician III,89054.79,2/25/2001,21.11,7.36,Female,Master's Degree,20.37,269-582-9333
277,Professor,31292.3,1/18/2004,49.42,8.5,Female,High School Diploma,7.83,559-282-1017
278,Environmental Specialist,86857.39,8/27/2022,33.26,6.36,Male,Bachelor's Degree,4.23,229-610-1975
279,Budget/Accounting Analyst I,99867.29,11/23/2022,27.13,12.94,Female,Master's Degree,35.24,205-709-6376
280,Assistant Professor,32116.52,11/19/2019,47.6,12.42,Female,High School Diploma,7.75,814-394-1974
281,Design Engineer,118000.16,7/17/2021,32.74,16.14,Male,Master's Degree,16.78,212-841-9922
282,Analog Circuit Design manager,128597.85,9/13/2011,29.64,18.08,Male,Bachelor's Degree,8.2,312-392-2415
283,Programmer Analyst IV,113787.38,7/7/2016,29.34,7.76,Male,PhD,23.69,770-925-8918
284,Analog Circuit Design manager,141044.54,2/27/2017,36.29,1.73,Male,PhD,32.8,360-342-7566
285,Assistant Professor,44284.83,4/15/2022,30.5,2.8,Polygender,High School Diploma,38.21,402-103-6580
286,Mechanical Systems Engineer,144326.48,8/7/2007,29.29,18.77,Female,PhD,10.11,213-391-6348
287,Computer Systems Analyst IV,55414.26,6/25/2001,59.62,19.33,Male,High School Diploma,2.03,937-431-8521
288,Information Systems Manager,45311.81,3/10/2005,53.98,10.47,Female,High School Diploma,39.31,501-123-3195
289,Financial Advisor,145416.68,12/22/2012,49.44,5.46,Female,Bachelor's Degree,18.44,817-563-9154
290,Senior Financial Analyst,76967.33,2/4/2014,48.5,9.45,Female,PhD,13.73,515-128-6863
291,Internal Auditor,109045.29,2/26/2016,38.45,3.03,Male,Bachelor's Degree,2.64,757-411-4988
292,Engineer I,146719.01,2/25/2015,34.53,9.56,Genderfluid,Master's Degree,38.18,248-552-9816
293,Marketing Assistant,74427.57,11/22/2012,48.03,5.62,Male,PhD,21.08,719-574-3808
294,Teacher,95076.77,5/4/2014,42.13,6.96,Female,PhD,11.65,609-951-8354
295,Operator,20955.81,3/30/2004,40.5,13.6,Male,Bachelor's Degree,18.34,714-270-8567
296,Teacher,101712.83,5/2/2002,38.48,2.82,Polygender,High School Diploma,36.91,704-215-6359
297,Business Systems Development Analyst,76002.85,1/12/2019,25.91,4.88,Female,Bachelor's Degree,1.91,405-919-4537
298,Accounting Assistant I,80902.48,12/5/2000,42.67,7.52,Male,High School Diploma,0.42,314-226-3042
299,Pharmacist,119236.45,5/20/2011,33.93,8.26,Male,Master's Degree,31.68,937-452-6274
300,Community Outreach Specialist,142319.39,8/22/2020,28.6,6.53,Female,Master's Degree,18.24,912-343-9187
301,Actuary,100932.04,10/19/2023,35.08,6.46,Male,PhD,15.54,361-607-4658
302,Staff Scientist,84695.92,11/6/2005,47.27,7.11,Male,High School Diploma,28.95,571-450-5650
303,Human Resources Manager,72018.72,12/10/2009,43.97,13.28,Male,PhD,20.48,989-442-4392
304,Help Desk Technician,72462.02,1/6/2011,31.45,3.54,Female,High School Diploma,28.92,801-901-5802
305,Nurse,139827.87,9/20/2015,57.39,4.74,Female,Bachelor's Degree,18.2,661-232-8034
306,General Manager,94349.48,4/2/2011,49.2,15.16,Female,Master's Degree,1.2,602-848-3203
307,Nurse,111235.92,12/12/2017,20.4,4.2,Female,Bachelor's Degree,21.48,941-508-6889
308,VP Sales,123056.71,6/10/2017,44.32,11.13,Male,Master's Degree,21.23,407-505-5277
309,Payment Adjustment Coordinator,115617.29,3/25/2010,50.78,6.03,Male,Bachelor's Degree,15.65,805-116-4783
310,Research Nurse,20612.69,12/5/2008,32.07,14.28,Female,PhD,13,213-682-3894
311,VP Product Management,53335.14,10/11/2011,45.43,10.45,Male,PhD,5.45,316-810-9214
312,Business Systems Development Analyst,143771.67,12/9/2010,48.41,11.54,Male,PhD,22.03,719-103-8322
313,Legal Assistant,117235.05,10/26/2000,48.8,7.01,Agender,High School Diploma,23.23,215-908-9937
314,Programmer Analyst IV,83768.93,10/11/2015,36.35,0.52,Female,High School Diploma,3.3,956-265-4721
315,Programmer II,109941.2,5/29/2020,37.28,14.86,Polygender,PhD,31.78,913-143-9941
316,Project Manager,76133.89,1/30/2012,51.15,2,Male,Master's Degree,19.58,518-184-9523
317,Account Coordinator,40694.34,3/18/2012,48.79,8.59,Male,Master's Degree,3.15,714-876-6249
318,Software Engineer II,91654.55,6/11/2023,54.86,6.22,Male,PhD,4.7,215-245-3753
319,Design Engineer,44846.11,3/24/2006,32.2,6.45,Female,High School Diploma,23.83,501-228-3123
320,Professor,59740.16,11/21/2003,23.19,9.86,Female,High School Diploma,3.46,559-222-8962
321,Social Worker,86088.48,8/27/2004,56.43,3.84,Male,Bachelor's Degree,29.88,713-189-6746
322,Help Desk Technician,25292.33,12/7/2012,35.65,2.65,Female,Master's Degree,8.27,786-281-2995
323,Graphic Designer,32259.54,2/18/2016,59.86,1.56,Female,Master's Degree,13.82,864-694-2225
324,Desktop Support Technician,20197.92,6/17/2023,25.01,8.96,Female,High School Diploma,39.16,951-774-4632
325,Registered Nurse,132175.89,4/17/2005,28.91,7.69,Male,Master's Degree,12.2,504-616-2916
326,Automation Specialist II,108421.53,1/20/2005,38.08,0.07,Male,Bachelor's Degree,34.57,310-456-1003
327,Project Manager,45655.65,1/4/2022,22.36,14.73,Male,High School Diploma,24.25,202-247-4705
328,Quality Engineer,110530.52,3/8/2016,55.97,18.82,Female,PhD,22.71,513-717-1144
329,Accountant I,148091.57,7/8/2003,37.69,19.7,Male,Master's Degree,12.36,801-263-1017
330,Accountant II,65555.34,7/22/2008,49.15,14.96,Female,Bachelor's Degree,5.19,727-723-3372
331,Sales Associate,44533.82,5/27/2006,50.61,2.57,Male,Master's Degree,37.22,216-772-7752
332,Sales Representative,147993.6,10/9/2012,58.71,15.92,Male,Bachelor's Degree,0.63,971-718-1403
333,Budget/Accounting Analyst I,118791.78,12/4/2003,34.39,15.88,Male,High School Diploma,18.31,505-231-3352
334,Executive Secretary,142406.7,8/12/2021,54.8,4.9,Male,Master's Degree,8.38,314-304-0057
335,Sales Associate,113349.92,8/28/2012,55.5,0.88,Female,PhD,14.92,608-820-4275
336,Quality Engineer,55602.97,1/22/2016,44.56,17.78,Male,Master's Degree,28.95,770-845-5951
337,Accounting Assistant II,80370.81,1/20/2008,28.95,9.56,Female,PhD,30.2,850-347-8698
338,Sales Associate,118449.46,11/13/2016,32.75,11.71,Male,High School Diploma,2.63,915-885-2246
339,Financial Analyst,39430.28,2/2/2004,43.07,15.43,Female,Bachelor's Degree,3.1,408-929-7945
340,Quality Control Specialist,88563.83,5/16/2020,54.03,8.23,Female,Bachelor's Degree,29.65,212-475-4613
341,Pharmacist,132962.3,1/29/2001,37.13,0.51,Female,Master's Degree,11.29,716-567-7950
342,Occupational Therapist,145852.69,6/16/2023,45.98,13.85,Male,Bachelor's Degree,33.37,321-336-9303
343,General Manager,121147.68,7/21/2012,47.07,17.64,Female,PhD,28.71,281-524-7580
344,Software Test Engineer IV,74631.85,12/14/2001,50.81,1.02,Female,PhD,28.79,425-384-3106
345,Professor,120544.2,11/25/2000,49.19,17.04,Male,High School Diploma,35.59,510-956-7504
346,Research Nurse,100835.69,11/1/2022,21.92,7.78,Female,PhD,31.68,602-933-2509
347,Account Executive,56314.25,10/5/2004,21.87,8.59,Male,Master's Degree,37.6,304-940-9137
348,Financial Advisor,68434.32,3/23/2016,40.99,2.47,Male,PhD,2.38,909-640-8632
349,Data Coordinator,32164.48,11/14/2020,57.52,16.83,Female,PhD,27.69,559-910-0253
350,Accounting Assistant IV,106744.2,9/25/2001,26.93,0.2,Female,PhD,6.8,518-914-5205
351,Librarian,114859.32,5/28/2009,52.09,0.82,Male,PhD,17.66,336-323-3129
352,Assistant Professor,28051.59,1/22/2017,40.67,6.48,Male,PhD,32.35,718-876-4107
353,Biostatistician I,141218.35,1/9/2002,43.47,3.62,Male,PhD,29.73,401-193-7260
354,Financial Advisor,127618.62,7/14/2020,35.28,1.75,Male,High School Diploma,7.19,504-353-2870
355,Physical Therapy Assistant,106565.73,4/26/2004,36.71,11.68,Genderfluid,PhD,14.42,910-590-6490
356,Sales Representative,143570.65,1/20/2016,41.37,19.62,Female,Master's Degree,39.08,757-277-5946
357,Nurse,141657.75,4/18/2000,45.74,5.11,Female,Bachelor's Degree,31.63,334-715-2445
358,Pharmacist,54560.31,7/21/2012,20.56,2.44,Male,Master's Degree,26.92,502-464-7672
359,Nurse,44041.67,1/6/2005,24.92,8.22,Female,Bachelor's Degree,12.11,225-278-5262
360,VP Marketing,118362.53,4/2/2008,33.74,10.1,Male,High School Diploma,10.77,914-810-9571
361,Director of Sales,31765.7,1/12/2024,55,11.36,Male,Master's Degree,6.84,410-570-9326
362,Desktop Support Technician,91006.72,12/17/2017,21.29,10.74,Male,Master's Degree,8.8,831-258-9965
363,Help Desk Operator,83009.89,8/12/2019,40.69,11.42,Male,High School Diploma,36.35,661-953-6377
364,Community Outreach Specialist,119602.48,4/19/2001,28.19,14.94,Male,PhD,11.79,352-221-4385
365,Senior Editor,37905.21,11/17/2005,48.6,4.17,Female,High School Diploma,35.36,717-415-4134
366,Media Manager III,24776.75,5/21/2019,49.69,0.84,Female,Bachelor's Degree,9.76,502-131-4859
367,Health Coach I,87730.85,12/4/2022,44.94,14.27,Female,Bachelor's Degree,22.11,913-980-2509
368,Administrative Assistant III,89256.49,5/25/2023,33.62,19.6,Male,Master's Degree,17.76,701-330-7732
369,Information Systems Manager,55869.52,6/4/2015,52.06,14.23,Male,Bachelor's Degree,39.18,615-655-9200
370,Compensation Analyst,122521.78,11/6/2014,23.47,3.27,Genderfluid,Master's Degree,37.07,314-648-2313
371,Professor,54366.02,6/4/2020,46.55,13.04,Male,PhD,39.3,217-632-7792
372,Physical Therapy Assistant,131089.41,7/13/2014,26.46,4.35,Male,Master's Degree,3.22,213-939-1633
373,Assistant Manager,112991.24,3/12/2004,23.22,3.07,Agender,Master's Degree,24.72,267-663-7720
374,Software Consultant,95314.52,11/23/2021,56.72,16.29,Male,High School Diploma,21.62,202-922-2860
375,Accountant IV,113144.47,6/26/2004,56.48,1.76,Male,Master's Degree,33.49,205-615-1708
376,VP Accounting,48873.92,9/25/2018,40.1,14.33,Female,Bachelor's Degree,30.74,405-473-2793
377,Administrative Officer,144046.23,8/17/2007,54.73,10.5,Non-binary,High School Diploma,24.25,336-492-7819
378,Media Manager II,25058.91,12/26/2012,59.96,11.84,Male,PhD,29.63,205-966-0655
379,Nurse,39564.07,1/26/2004,39.99,4.34,Genderfluid,PhD,16.51,517-570-2074
380,Administrative Officer,100052.93,1/5/2024,46.24,2.62,Male,Master's Degree,26.48,770-195-1627
381,Assistant Manager,125109.38,2/22/2007,28.27,6.93,Female,High School Diploma,4.33,916-589-1857
382,Research Assistant III,122194.59,3/9/2001,49.01,11.29,Female,High School Diploma,26.35,313-224-0148
383,Technical Writer,122985.1,7/28/2000,57.56,7.79,Non-binary,Bachelor's Degree,7.64,502-576-7976
384,Research Associate,92677.23,10/13/2008,52.39,5.44,Male,High School Diploma,24.72,504-185-6188
385,Research Assistant IV,81245.69,3/10/2015,53.95,12.21,Female,Bachelor's Degree,39.85,831-310-8717
386,Food Chemist,31496.17,11/13/2015,56.52,4.81,Male,Bachelor's Degree,23.49,808-960-1172
387,Payment Adjustment Coordinator,98278.91,12/14/2016,23.79,7.03,Female,Bachelor's Degree,32.71,806-276-7754
388,Research Associate,135367.72,10/2/2018,43.28,13.66,Non-binary,Bachelor's Degree,35.56,304-946-2255
389,Executive Secretary,27668.46,9/6/2002,54.77,12.98,Female,PhD,11.79,805-249-4934
390,Technical Writer,143292.93,8/7/2020,25.34,4.97,Male,Master's Degree,9.97,860-154-3667
391,Actuary,81963.98,6/30/2002,55.41,8.11,Female,High School Diploma,8.62,215-110-6421
392,Project Manager,113984.06,7/8/2020,57.83,0.93,Male,High School Diploma,5.8,682-549-1999
393,Biostatistician IV,126700.41,2/4/2009,31.72,13.49,Male,Bachelor's Degree,37.13,202-876-0462
394,Mechanical Systems Engineer,77508.95,7/3/2009,46.88,1.72,Female,Bachelor's Degree,15.77,540-818-1056
395,Financial Advisor,59101.43,2/9/2021,55.71,1.11,Male,Master's Degree,12.75,919-769-3725
396,Payment Adjustment Coordinator,135508.63,1/20/2008,28.53,2.54,Male,Master's Degree,6.59,305-897-1401
397,Media Manager III,131604.15,2/15/2024,39.81,19.49,Male,PhD,6.66,503-417-2516
398,Systems Administrator I,46317.7,2/24/2009,54.06,4.49,Female,High School Diploma,7.27,916-502-1898
399,Legal Assistant,125846.74,2/6/2023,58.34,7.01,Female,PhD,16.08,305-788-8601
400,Senior Sales Associate,114467.62,1/25/2013,46.87,12.49,Male,High School Diploma,10.67,718-250-3556
401,Desktop Support Technician,23687.41,3/28/2013,21.51,8.44,Male,PhD,23.77,213-472-6882
402,Programmer Analyst I,101699.85,12/5/2005,46.35,11.67,Female,Master's Degree,20.29,410-865-6510
403,Senior Cost Accountant,94715.61,2/29/2000,42.17,7.87,Female,Master's Degree,25.14,716-118-7886
404,Occupational Therapist,67848.1,3/15/2012,57.45,0.37,Female,High School Diploma,35.23,251-222-7494
405,Assistant Manager,132083.97,12/25/2002,44,15.11,Male,PhD,38.9,570-700-9523
406,Community Outreach Specialist,94015.99,12/21/2009,29.08,10.32,Female,High School Diploma,34.28,609-784-6149
407,Business Systems Development Analyst,25350.16,1/3/2005,27.26,0.68,Male,Bachelor's Degree,13.22,706-796-5591
408,Product Engineer,106397.83,7/5/2006,29.35,11.52,Female,High School Diploma,28.28,602-565-9786
409,Account Coordinator,21171.23,4/18/2014,34.7,15.38,Female,Bachelor's Degree,1.92,804-148-1453
410,Computer Systems Analyst I,147646.49,12/6/2017,52.03,1.63,Agender,Master's Degree,11.08,719-687-2160
411,Assistant Manager,96631.29,3/13/2005,35.02,14.18,Female,Bachelor's Degree,23.97,216-306-5266
412,Programmer Analyst II,63285,7/16/2019,20.84,9.88,Male,Master's Degree,25.63,907-601-0048
413,Mechanical Systems Engineer,63504.43,4/10/2002,48.4,4.32,Female,Master's Degree,1.86,602-208-0822
414,Senior Sales Associate,33999.15,4/5/2006,51.58,2.83,Female,Bachelor's Degree,19.49,813-359-2995
415,Operator,143718.26,12/15/2004,46.8,4.04,Genderqueer,PhD,1.01,571-701-4929
416,VP Quality Control,110825.07,4/26/2011,31.98,19.88,Female,Bachelor's Degree,24.94,212-931-4324
417,Sales Representative,25333.93,3/17/2016,27.4,12.26,Female,High School Diploma,32.55,706-696-2762
418,Structural Analysis Engineer,53376.61,10/26/2016,22.68,8.08,Genderfluid,Bachelor's Degree,7.73,816-814-3874
419,Speech Pathologist,24174.29,6/21/2006,24.24,14.5,Female,High School Diploma,14.09,936-930-4970
420,General Manager,53480.16,10/31/2010,38.08,13.11,Male,Master's Degree,19.75,863-642-2122
421,Research Associate,70909.28,2/3/2010,40.5,0.54,Female,Bachelor's Degree,20.66,210-252-6091
422,Web Developer IV,111900.87,2/1/2017,42.92,1.2,Female,Master's Degree,5.02,951-222-0387
423,VP Marketing,122520.49,4/7/2017,47.97,3.16,Male,PhD,10.47,228-416-4859
424,Senior Sales Associate,123842.02,10/14/2015,26.42,4.29,Female,Master's Degree,39.31,540-578-7748
425,General Manager,43295.4,6/12/2014,44.88,15.92,Female,High School Diploma,25.01,312-711-5084
426,Internal Auditor,92750.54,7/24/2015,44.59,3.75,Male,Bachelor's Degree,10.17,678-840-4425
427,Web Developer III,99257.35,9/10/2000,49.97,11.79,Male,High School Diploma,34.57,202-903-8923
428,Structural Analysis Engineer,55073.51,3/23/2009,43.76,12.27,Female,High School Diploma,28.87,512-190-7361
429,Accountant IV,93287,5/20/2007,32.01,16.47,Female,Master's Degree,31.22,757-130-7777
430,Office Assistant IV,40206.1,12/17/2019,45.55,6.35,Male,PhD,19.37,949-275-3714
431,Teacher,127755.77,9/3/2011,21.97,18.51,Female,Bachelor's Degree,21.29,808-606-9944
432,Software Test Engineer I,135119.01,3/18/2000,46.15,13.57,Polygender,PhD,3.23,770-764-7689
433,Executive Secretary,69060.17,7/26/2000,35.77,7.47,Female,High School Diploma,32.01,915-899-8883
434,Research Assistant I,135466.61,2/17/2019,31.67,11.27,Male,PhD,7.47,319-966-1168
435,Help Desk Technician,41062.87,1/23/2005,40.76,4.76,Male,PhD,30.87,617-618-7808
436,VP Product Management,142928.47,4/10/2007,20.94,13.28,Female,Bachelor's Degree,16.66,850-488-4306
437,Recruiter,111095.75,3/1/2018,24.51,13.77,Male,Bachelor's Degree,17.49,510-948-7229
438,Account Coordinator,116728.06,10/16/2000,48.42,13.19,Female,Master's Degree,12.22,469-575-1237
439,Media Manager II,103835.42,2/27/2019,46.79,16.33,Male,Master's Degree,14.91,205-702-0148
440,Occupational Therapist,94809.6,4/26/2022,45.51,0.5,Female,Bachelor's Degree,31.26,502-595-2406
441,Community Outreach Specialist,107416.24,4/11/2006,27.63,4.95,Male,PhD,10.48,727-273-0311
442,VP Quality Control,75990.63,8/16/2010,28.27,15.82,Male,Master's Degree,32.32,225-799-2395
443,Senior Quality Engineer,90901.92,8/4/2017,48.34,8.64,Female,Master's Degree,25.53,859-574-8717
444,Financial Advisor,142590.3,9/8/2000,46.55,9.4,Female,High School Diploma,22.18,425-545-7390
445,Staff Accountant IV,35567.58,6/21/2021,49.69,13.67,Male,High School Diploma,13.45,203-635-2662
446,Budget/Accounting Analyst II,92856.31,5/4/2013,36.45,5.81,Female,High School Diploma,8.19,305-157-5262
447,Legal Assistant,72137.85,2/7/2012,49,5.27,Male,High School Diploma,35.62,608-530-1620
448,Programmer Analyst IV,25698.95,12/8/2005,40.68,18.52,Male,High School Diploma,38.42,210-633-0130
449,Desktop Support Technician,63479.15,8/25/2012,48.22,5.14,Male,PhD,17.94,214-255-4000
450,Human Resources Assistant III,105990.08,4/4/2012,22.57,11.82,Female,Bachelor's Degree,21.63,281-787-7207
451,Human Resources Assistant I,44864.31,1/6/2020,42.31,18.05,Male,Bachelor's Degree,4.5,225-554-3325
452,GIS Technical Architect,80623.6,2/16/2014,34.51,8.46,Male,Master's Degree,2.38,718-260-7898
453,Media Manager IV,84770.66,3/1/2009,30.33,7.06,Female,Bachelor's Degree,18.33,920-989-6625
454,Analyst Programmer,139174.65,1/25/2014,39.31,9.68,Male,Master's Degree,27.34,801-284-5747
455,Administrative Assistant III,30271.84,2/1/2016,20.99,14.63,Agender,High School Diploma,0.85,512-571-4532
456,Quality Engineer,82045.05,12/4/2017,27.52,11.53,Female,Master's Degree,13.19,812-511-1600
457,Senior Editor,111831.35,1/18/2005,49.18,2.34,Male,PhD,34.62,619-109-3442
458,Administrative Assistant II,115946.36,6/2/2006,33.07,13.25,Male,PhD,9.18,518-908-1693
459,Programmer Analyst I,149912.82,7/15/2021,51.93,14.98,Male,Master's Degree,22.71,513-719-9233
460,General Manager,124282.28,5/20/2000,31.19,19.41,Genderqueer,Bachelor's Degree,15.47,785-457-8150
461,Sales Associate,117887.27,3/5/2005,55.02,11,Bigender,Master's Degree,24.69,401-349-8186
462,Account Representative I,21283.76,10/10/2020,37.04,15.84,Female,Master's Degree,14.62,814-748-7047
463,Cost Accountant,147801.96,4/5/2001,20.43,10.24,Male,Bachelor's Degree,26.38,614-699-4237
464,VP Marketing,57868.87,11/6/2005,47.17,0.34,Female,Bachelor's Degree,9.9,202-891-7633
465,Human Resources Assistant I,61991.53,12/5/2019,40.75,13.91,Male,PhD,0.67,423-426-2374
466,VP Product Management,95090.39,11/2/2017,42.36,8.38,Female,Master's Degree,27.95,724-962-6325
467,Senior Sales Associate,133689.64,10/20/2011,47.95,3.37,Male,Bachelor's Degree,20.3,361-320-7170
468,VP Accounting,143500.97,12/6/2002,24.84,9.81,Female,High School Diploma,13.81,215-175-6919
469,Environmental Tech,125366.5,2/2/2012,44.39,1.95,Male,Bachelor's Degree,38.69,904-173-8974
470,Sales Associate,133440.46,5/16/2004,27.37,13.31,Female,High School Diploma,25.85,316-872-8606
471,Research Associate,33680.66,4/20/2022,39.41,8.55,Female,High School Diploma,2.13,239-532-8668
472,Web Developer I,39506.49,7/17/2001,29.07,1.08,Female,PhD,34.37,612-149-9068
473,Accounting Assistant III,22178.9,5/25/2018,23.03,8.35,Genderfluid,Bachelor's Degree,17.73,202-771-6949
474,Technical Writer,119984.91,4/9/2011,21.3,1.93,Genderfluid,Bachelor's Degree,18.21,402-723-5867
475,GIS Technical Architect,97020.7,1/10/2003,45.05,3.15,Male,High School Diploma,19.68,281-434-9496
476,Financial Analyst,103441.35,11/14/2017,22.26,19.57,Female,Master's Degree,23.64,850-460-7719
477,Programmer Analyst III,72542.99,7/1/2023,50.61,8.21,Female,High School Diploma,13.84,901-995-6187
478,Internal Auditor,48401.48,5/2/2013,48.14,12.21,Male,PhD,25.41,316-581-8390
479,Programmer II,97445.47,5/7/2012,39.43,15.65,Female,Master's Degree,0.12,512-142-3660
480,Graphic Designer,30531.63,7/20/2015,54.64,7.28,Female,Master's Degree,20.81,316-647-1033
481,Design Engineer,148880.45,4/12/2014,40.85,18.98,Male,PhD,8.32,423-965-6557
482,Senior Cost Accountant,135230.39,10/5/2020,36.8,0.08,Female,Bachelor's Degree,20.02,937-236-0770
483,Nurse Practicioner,123980.4,7/6/2016,50.49,0.1,Male,Bachelor's Degree,16.11,786-370-8668
484,Actuary,46009.87,7/26/2005,26,17.99,Female,Bachelor's Degree,1,240-375-5794
485,Office Assistant II,37717.14,2/4/2004,44.33,13.06,Female,PhD,6.15,805-672-7757
486,Geologist IV,95271.31,2/1/2019,42.38,6.18,Non-binary,Master's Degree,0.81,360-207-9607
487,Technical Writer,28021.16,6/15/2009,38.84,14.35,Female,Master's Degree,2.03,785-515-3470
488,Physical Therapy Assistant,91366.61,9/30/2004,23.81,1.13,Male,PhD,21.39,256-668-7975
489,Clinical Specialist,111982.43,10/13/2022,51.75,6.72,Agender,High School Diploma,3.85,614-205-3348
490,Librarian,85796.09,9/3/2005,50.61,11.47,Female,Bachelor's Degree,12.66,937-645-5344
491,Occupational Therapist,103777.54,10/1/2023,39.51,8.03,Male,Master's Degree,18.61,904-170-8323
492,Product Engineer,135667.36,4/15/2004,26.76,19.65,Male,Bachelor's Degree,18.79,952-353-1099
493,Occupational Therapist,112597.9,2/22/2007,39.82,19.02,Female,Master's Degree,26.64,585-861-9523
494,Technical Writer,136824.44,10/13/2011,48.4,11.81,Female,High School Diploma,27.42,602-118-0550
495,Physical Therapy Assistant,74778.07,3/23/2004,54.2,11.8,Male,Bachelor's Degree,24.24,808-862-0678
496,Actuary,120816.92,5/8/2013,32.88,2.41,Female,Master's Degree,7.06,212-673-2899
497,Assistant Manager,68558.48,6/12/2008,50.92,5.12,Male,PhD,21.66,801-726-3037
498,Nuclear Power Engineer,62316.92,10/30/2011,43.03,9.54,Male,Master's Degree,34.26,205-205-6846
499,Sales Associate,126699.98,7/6/2020,22.56,2.97,Female,Bachelor's Degree,39.62,504-212-3203
500,Marketing Manager,102601.41,4/17/2008,36.57,2.95,Bigender,Master's Degree,27.01,804-400-0287
501,Recruiter,129848.68,6/13/2023,30.98,4.47,Male,Bachelor's Degree,8.19,713-867-2087
502,Engineer II,135772.23,4/7/2007,50.42,10.4,Female,Master's Degree,3.91,646-283-6687
503,Chemical Engineer,149895.95,4/15/2009,52.87,18.8,Genderfluid,PhD,29.98,918-889-0281
504,VP Sales,90006.42,7/22/2010,48.2,10.45,Male,High School Diploma,35.73,909-259-9126
505,Civil Engineer,106144.49,11/17/2000,38,15.37,Male,Master's Degree,12.78,240-690-8508
506,Recruiting Manager,87366.17,7/2/2022,21.33,13.86,Male,Bachelor's Degree,0.19,626-406-2643
507,Account Executive,23209.25,10/9/2003,42.3,18.86,Male,High School Diploma,29.55,727-748-8832
508,Web Designer II,138096.07,7/11/2012,44.7,3.88,Female,Master's Degree,28.72,915-652-6999
509,Mechanical Systems Engineer,96712.14,4/8/2007,33.49,19.42,Male,Bachelor's Degree,17.28,516-448-1998
510,Director of Sales,50545.21,6/11/2012,37.59,1.59,Male,Master's Degree,5.7,402-596-5811
511,Financial Advisor,50754.38,4/25/2018,58.37,10.33,Female,Master's Degree,38.16,646-909-5672
512,Business Systems Development Analyst,57018.42,4/30/2008,38.21,4.41,Female,High School Diploma,30.32,615-962-5892
513,Social Worker,126741.81,4/1/2023,32.44,2.2,Male,High School Diploma,1.76,330-954-1650
514,Paralegal,133810.68,7/14/2017,35.5,13.57,Female,Master's Degree,4.81,253-599-3004
515,Junior Executive,46817.78,3/23/2001,44.66,0.28,Male,High School Diploma,3.48,512-986-8001
516,VP Marketing,119681.5,9/27/2004,27.16,3.1,Female,Master's Degree,21.12,941-292-2371
517,Administrative Assistant IV,34206.51,2/1/2024,35.76,9.77,Female,High School Diploma,18.26,941-749-0792
518,Librarian,71975.8,12/11/2007,26.83,14.64,Male,PhD,33.85,229-731-6402
519,General Manager,130852.92,4/22/2003,34.03,2.15,Male,High School Diploma,9.25,970-830-0169
520,Environmental Specialist,47985.43,3/26/2023,21.61,11.95,Male,PhD,32.63,815-766-3581
521,Help Desk Operator,101437.23,9/8/2017,39.65,15.42,Male,PhD,9.61,914-991-4292
522,Director of Sales,148170.01,9/11/2013,49.24,15.62,Male,PhD,24.28,817-476-1105
523,Quality Control Specialist,128208.68,7/18/2022,47.49,15.95,Male,Bachelor's Degree,27.06,785-429-3560
524,GIS Technical Architect,123631.89,7/22/2006,24.96,8.3,Male,Master's Degree,0.74,352-455-8683
525,Dental Hygienist,38643.15,1/20/2001,42.83,8.26,Female,Bachelor's Degree,24.52,941-291-5890
526,Budget/Accounting Analyst II,85426.11,4/13/2018,45.42,14.96,Male,Bachelor's Degree,20.84,215-305-3679
527,Legal Assistant,38872.3,1/24/2006,44.87,10.18,Female,PhD,17.57,405-614-3200
528,Environmental Tech,93273.36,12/7/2008,43.66,18.39,Male,Bachelor's Degree,9.92,503-877-8573
529,Junior Executive,36874.25,12/28/2016,39.08,10.64,Female,Master's Degree,15.85,985-934-9267
530,Staff Accountant IV,71318.03,5/11/2007,26.42,3.44,Male,Master's Degree,8.37,619-989-7983
531,Structural Engineer,110255.6,2/10/2004,25.19,17.27,Male,PhD,19.57,479-621-4504
532,Civil Engineer,62809.14,10/31/2020,21.5,8.65,Male,PhD,38.42,727-620-0860
533,Tax Accountant,70778.41,10/23/2015,46.64,4.76,Male,Bachelor's Degree,27,814-673-3437
534,Assistant Media Planner,63683.56,3/1/2019,54.82,10.41,Female,High School Diploma,30.91,720-392-3945
535,Quality Engineer,133429.19,1/28/2009,28.03,14.42,Male,Bachelor's Degree,27.43,704-310-5127
536,Technical Writer,53194.04,5/31/2015,28.91,9.77,Non-binary,Bachelor's Degree,22.48,713-184-7722
537,Tax Accountant,105337,2/21/2006,56.41,8.59,Male,PhD,31.85,617-771-4199
538,Engineer II,129569.13,1/11/2005,58.65,15.72,Genderfluid,Bachelor's Degree,18.14,727-362-1889
539,Community Outreach Specialist,53587.24,10/1/2012,42.98,19.25,Female,High School Diploma,0.37,503-933-1421
540,Senior Financial Analyst,74979.15,2/21/2018,53.57,4.79,Female,Master's Degree,13.46,503-632-0869
541,Structural Analysis Engineer,27885.58,3/16/2015,51.32,12.83,Female,Bachelor's Degree,27.71,901-567-5746
542,Payment Adjustment Coordinator,45467.28,10/25/2005,56.09,16.32,Female,Bachelor's Degree,5.83,916-178-7055
543,Senior Financial Analyst,95017.72,4/3/2022,41.88,2.63,Female,PhD,29.14,713-372-5884
544,Compensation Analyst,64047.89,6/19/2016,20.28,18.16,Male,Master's Degree,35.55,419-615-9584
545,Executive Secretary,69663.09,5/18/2000,31.41,9.93,Male,High School Diploma,7.12,305-561-4683
546,Occupational Therapist,109291.12,2/15/2019,30.42,7.63,Female,Master's Degree,4.33,520-106-0580
547,VP Quality Control,25752.76,3/22/2010,48.82,5.69,Male,High School Diploma,39.41,704-589-7128
548,Human Resources Manager,136952.31,8/9/2015,53.39,17.83,Female,High School Diploma,19.06,702-824-8241
549,Community Outreach Specialist,25003.58,1/12/2017,52.74,18,Female,High School Diploma,23.2,281-308-1987
550,Quality Control Specialist,137502.09,12/11/2006,53.69,8.02,Male,High School Diploma,3.82,678-956-2825
551,VP Product Management,71506.05,11/6/2013,29.23,13.01,Female,PhD,19.28,850-270-0547
552,Health Coach IV,131677.91,8/12/2005,22.4,13.38,Female,High School Diploma,26.2,805-894-6525
553,Senior Developer,25941.64,11/6/2023,47.2,18.5,Female,PhD,10.64,304-132-9098
554,Senior Cost Accountant,69823.15,5/18/2021,28.34,17.76,Female,High School Diploma,39.47,208-664-9002
555,Editor,91615.11,6/2/2019,45.12,16.87,Male,PhD,15.33,661-157-7380
556,Account Coordinator,49449.67,4/14/2000,32.56,12.84,Male,Bachelor's Degree,13.24,954-452-9718
557,Paralegal,98365.12,11/12/2004,21.75,13.07,Female,Master's Degree,3.18,718-499-2650
558,Senior Sales Associate,81753.78,11/4/2003,38.22,9.42,Male,Bachelor's Degree,23.68,212-472-3515
559,Automation Specialist IV,104271.41,8/28/2020,45.11,10.97,Agender,PhD,16.13,661-184-2133
560,Paralegal,94487.05,1/29/2001,49.54,19.44,Male,Bachelor's Degree,1.1,559-351-6295
561,Recruiter,60659.33,2/28/2013,32.39,12.12,Female,Master's Degree,20.57,571-780-2616
562,Budget/Accounting Analyst II,40582.48,3/17/2002,41,16.63,Female,Bachelor's Degree,12.44,602-344-2772
563,Graphic Designer,109403.2,6/1/2020,38.92,6.96,Agender,PhD,34.73,951-365-6021
564,Operator,120732.45,11/21/2018,28.62,16,Male,PhD,18.08,516-331-4988
565,Quality Control Specialist,100881.65,7/15/2022,54.6,17.86,Male,Bachelor's Degree,14.1,719-674-4009
566,Analog Circuit Design manager,57321.85,4/22/2008,46.49,17.38,Male,High School Diploma,16.35,706-511-1376
567,Web Developer I,83248.23,5/24/2001,45.95,18.58,Female,PhD,25.12,651-610-2618
568,Media Manager III,100414.86,11/3/2013,54.33,6.62,Agender,High School Diploma,18.41,518-801-7597
569,Registered Nurse,75542.75,1/15/2013,40.75,16.12,Female,Bachelor's Degree,9.91,775-641-0636
570,Geological Engineer,43250.97,10/3/2000,37.58,1.7,Female,High School Diploma,31.46,239-646-4305
571,GIS Technical Architect,76472.79,3/18/2007,47.27,14.93,Male,PhD,34.48,952-444-1825
572,Safety Technician III,41726.53,6/28/2011,40.67,10.55,Female,Master's Degree,21.32,212-839-1008
573,Software Test Engineer III,37077.07,2/25/2007,36.93,5.13,Female,Master's Degree,24.38,203-200-8799
574,Analyst Programmer,97402.35,12/10/2009,31.61,12.28,Male,PhD,14.51,602-303-1560
575,Research Nurse,142920.74,3/4/2001,41.81,7.42,Female,High School Diploma,10.69,202-679-4535
576,Research Assistant I,50817.66,4/29/2002,54.74,9.81,Female,PhD,12.42,512-591-1989
577,Account Coordinator,51223.15,11/29/2010,28.32,7.17,Female,Bachelor's Degree,8.16,405-502-9688
578,VP Quality Control,100349.41,8/30/2011,27.07,19.39,Male,Bachelor's Degree,38.87,706-947-2577
579,Geologist II,139151.78,6/16/2004,40.59,11.15,Non-binary,Bachelor's Degree,10.25,512-134-6771
580,Web Designer II,23741.11,12/8/2023,32.72,13.18,Male,Master's Degree,26.4,985-649-1857
581,Quality Control Specialist,37541.87,8/12/2005,37.05,17.03,Male,Bachelor's Degree,5.76,304-946-2573
582,Chief Design Engineer,115500.29,10/14/2006,24.37,3.4,Female,PhD,28.39,310-509-0599
583,Senior Cost Accountant,51906.91,3/24/2015,44.52,19.83,Male,High School Diploma,20.38,415-250-4821
584,Research Nurse,51854.83,2/21/2016,55.17,13.49,Male,Master's Degree,35.56,916-578-7922
585,Internal Auditor,124950.44,5/30/2006,58.4,7.79,Female,High School Diploma,15.24,215-536-8144
586,VP Product Management,40981.64,1/13/2016,57.84,19.99,Non-binary,Bachelor's Degree,37.5,502-486-5949
587,Software Test Engineer III,42361.72,2/8/2012,35.31,2.21,Non-binary,PhD,39.3,419-867-3842
588,Research Associate,134830.7,8/30/2010,44.79,16.14,Male,Bachelor's Degree,39,623-258-8498
589,Office Assistant III,76006.17,7/22/2006,55.41,1.11,Male,PhD,34.87,510-882-7524
590,Recruiter,59467.17,5/10/2003,28.27,16.73,Male,PhD,1.26,817-706-6125
591,VP Marketing,130975.01,8/2/2011,48.72,18.72,Male,High School Diploma,15.5,646-343-8568
592,Pharmacist,128433.77,1/24/2003,25.45,11.32,Female,High School Diploma,4.93,570-652-7563
593,Food Chemist,123261.13,10/2/2009,41.98,9.99,Female,PhD,2.13,405-371-8304
594,Financial Advisor,110786.3,10/12/2007,27.04,7.07,Male,Master's Degree,15.46,225-154-8523
595,Help Desk Operator,94250.85,7/1/2006,21.26,2.92,Male,PhD,10.7,313-437-4434
596,Web Developer I,30374.07,12/26/2021,42.01,10.52,Female,Bachelor's Degree,24.02,619-720-5281
597,Environmental Specialist,129102.56,7/10/2016,35.88,11.6,Male,High School Diploma,16.84,757-999-5237
598,Environmental Specialist,94208.08,3/13/2023,58.63,1.41,Male,High School Diploma,2.14,212-909-0444
599,Sales Associate,79464.42,5/31/2014,28.36,1.9,Female,High School Diploma,28.41,571-555-7388
600,Environmental Specialist,111011.04,2/6/2001,24.45,13.73,Female,PhD,29.75,512-964-4935
601,Librarian,123263.65,2/8/2014,57.7,17.02,Male,Master's Degree,37.63,917-361-8529
602,Assistant Manager,30232.86,11/18/2015,53.69,9.15,Male,PhD,2.19,559-622-2100
603,Paralegal,27742.2,4/15/2019,41.94,5.57,Male,PhD,0.73,843-680-0017
604,Dental Hygienist,44864.32,9/11/2001,45.1,7.37,Male,Master's Degree,33.3,515-203-9598
605,Internal Auditor,133786.99,10/10/2013,42.58,1.02,Female,High School Diploma,32.78,210-222-2023
606,Research Nurse,114965.48,9/6/2020,36.11,8.57,Female,Bachelor's Degree,19.6,502-792-2547
607,Electrical Engineer,96837.33,4/6/2011,42.54,15.15,Male,Master's Degree,13.81,702-189-2789
608,Graphic Designer,26367.92,1/23/2010,44.4,19.08,Male,High School Diploma,2.66,404-390-4327
609,Administrative Assistant II,29527.7,3/19/2015,31.15,15.91,Female,High School Diploma,13.53,323-824-0932
610,Quality Engineer,74456.12,10/31/2013,31.72,11.98,Female,PhD,4.26,414-123-0714
611,Data Coordinator,96866.9,8/31/2015,32.05,17.96,Male,High School Diploma,36.67,918-738-5275
612,Software Test Engineer IV,130227.78,5/11/2018,47.89,4.52,Female,High School Diploma,8.93,781-210-8950
613,Nuclear Power Engineer,50662.35,9/7/2016,53.46,16.07,Genderqueer,Bachelor's Degree,4.3,321-908-9175
614,Staff Scientist,140545.42,2/25/2000,23.68,4.6,Female,PhD,35.35,352-934-6423
615,Analog Circuit Design manager,61634.11,11/25/2002,45.71,10.13,Female,Bachelor's Degree,27.59,317-140-3867
616,Junior Executive,113896.74,7/28/2023,49.76,13.1,Male,Master's Degree,4.2,313-214-7307
617,Help Desk Operator,69634.79,11/7/2022,55.39,3.42,Female,Master's Degree,20.58,573-795-5947
618,Executive Secretary,53839.91,4/12/2021,28,0.73,Female,High School Diploma,16.18,347-379-8082
619,Human Resources Manager,21000.57,5/24/2022,30.92,8.37,Female,Master's Degree,37.74,408-977-0786
620,Speech Pathologist,24569.38,7/3/2018,41.66,4.04,Male,PhD,37.65,386-789-7189
621,Nurse Practicioner,21050.68,3/4/2009,29.09,17.64,Male,High School Diploma,24.91,901-716-1667
622,Professor,41519.8,8/17/2022,39.45,14.09,Female,Master's Degree,10.4,214-633-7117
623,Teacher,56534.39,10/6/2006,49.15,18.3,Female,Bachelor's Degree,2.45,646-711-9886
624,Compensation Analyst,64097.77,12/21/2005,30.15,8.2,Male,Master's Degree,9.83,602-796-3945
625,GIS Technical Architect,61776.25,9/6/2020,50.99,13.25,Female,Master's Degree,12.37,214-414-4728
626,Geological Engineer,58945.37,3/18/2006,49.49,16.03,Male,PhD,11.04,202-481-7480
627,Staff Scientist,44188.41,4/11/2020,58.88,4.79,Female,Master's Degree,34.01,217-338-4696
628,Editor,83053.39,7/25/2023,20.54,14.16,Female,Bachelor's Degree,21.81,215-865-0942
629,Electrical Engineer,146060.74,11/26/2005,54.3,9.01,Male,High School Diploma,36.84,865-779-7174
630,Financial Advisor,38168.91,1/8/2018,40.01,6.08,Male,PhD,17.15,510-564-5938
631,Dental Hygienist,62933.82,12/30/2017,44.57,10.99,Male,Bachelor's Degree,33.56,915-444-0873
632,VP Marketing,143609.13,10/7/2011,40.87,1.68,Male,Bachelor's Degree,33.57,626-965-8085
633,Database Administrator II,118571.46,7/28/2023,51.15,14.61,Male,High School Diploma,15.22,801-714-7786
634,Office Assistant IV,92219.21,8/30/2007,46.94,11.4,Male,Bachelor's Degree,16.04,617-642-6417
635,Operator,81619.63,3/7/2004,50.79,14.98,Female,Bachelor's Degree,36.1,432-343-1596
636,Business Systems Development Analyst,124507.74,4/9/2002,49.38,0.57,Male,Bachelor's Degree,14.99,512-222-7794
637,Professor,107237.19,9/29/2018,54.6,16.89,Male,High School Diploma,10.68,202-722-7419
638,Food Chemist,51116.01,7/22/2001,22.23,18.57,Male,PhD,10.73,586-522-0930
639,Office Assistant III,63367.03,1/31/2003,46.17,9.51,Male,Master's Degree,24.72,601-670-8034
640,Graphic Designer,59869.82,5/12/2010,52.71,1.59,Male,PhD,14.99,413-556-8864
641,Community Outreach Specialist,89620.77,7/10/2008,33.89,8.35,Male,Bachelor's Degree,38.76,937-330-2635
642,Structural Engineer,101514.7,7/24/2010,20.92,9.78,Female,Master's Degree,17.12,501-868-3781
643,Clinical Specialist,53344.5,1/19/2014,31.76,17.2,Male,PhD,1.56,225-430-8147
644,Help Desk Technician,145074.33,3/7/2007,31.78,15.87,Female,Master's Degree,6.85,571-968-0592
645,Research Nurse,139178.43,1/24/2024,41.63,10.56,Female,Bachelor's Degree,21.43,915-453-5874
646,VP Marketing,134608.5,4/5/2015,57.38,4.37,Male,PhD,26.82,941-157-7256
647,Research Assistant IV,93455.55,3/19/2016,43.87,0.29,Male,Bachelor's Degree,27.84,917-268-2608
648,Editor,51677.13,4/25/2004,47.32,6.01,Male,Master's Degree,28.8,937-973-1463
649,Product Engineer,69811.51,12/30/2011,39.77,4.99,Female,PhD,36.14,309-673-7130
650,Web Designer I,31434.43,2/12/2011,33.68,10.84,Male,Bachelor's Degree,11.57,804-483-6326
651,Senior Financial Analyst,23965.63,6/9/2011,43.16,14.53,Female,High School Diploma,18.78,402-877-3560
652,Data Coordinator,63844.23,6/13/2023,33.8,13.04,Male,PhD,10.06,217-792-1343
653,Civil Engineer,125917.69,8/16/2008,36.32,4.96,Female,PhD,31.88,203-964-5768
654,Media Manager II,39885.55,6/3/2009,42.22,15.65,Female,Master's Degree,33.82,414-121-6825
655,Speech Pathologist,105415.09,11/30/2000,51.32,16.09,Male,Bachelor's Degree,24.59,904-308-9160
656,Senior Developer,105539.34,6/18/2006,41.82,16.75,Male,Bachelor's Degree,22.54,805-842-2399
657,Senior Developer,103627.41,8/5/2015,20.13,6.91,Female,Bachelor's Degree,3.55,415-858-4199
658,Systems Administrator III,22070.58,1/22/2016,37.07,4.4,Female,High School Diploma,15.26,626-733-8797
659,Budget/Accounting Analyst III,106785.49,1/12/2011,57.9,0.75,Female,Master's Degree,30.94,210-608-5509
660,Programmer II,46955.5,10/23/2018,24.36,10.35,Male,Master's Degree,21.09,415-301-4816
661,Analog Circuit Design manager,108347.23,9/29/2015,42.38,1.55,Bigender,PhD,2.13,917-942-5889
662,Occupational Therapist,52524.92,2/24/2021,21.35,3.5,Male,Bachelor's Degree,10.63,325-695-0800
663,Senior Financial Analyst,136670.74,8/18/2005,50.72,10.96,Female,Bachelor's Degree,13.62,405-269-6552
664,Media Manager I,43096.18,10/2/2001,20.33,10.58,Female,High School Diploma,11.67,305-258-5522
665,Developer I,81855,7/6/2013,44.28,9.43,Female,PhD,2.91,719-526-7552
666,Chemical Engineer,20356.55,8/10/2003,28.98,6.26,Male,PhD,38.25,586-286-5172
667,Staff Scientist,51246.08,12/15/2004,29.65,1.65,Male,Master's Degree,14.09,408-957-9649
668,Dental Hygienist,145990.07,9/7/2010,43.73,10.56,Male,PhD,16.76,517-271-9159
669,Information Security Officer,44329.64,10/24/2006,35.62,8.99,Female,Bachelor's Degree,3.79,727-720-8700
670,Assistant Manager,38516.21,11/13/2010,32.84,6.25,Female,Bachelor's Degree,36.13,814-248-4852
671,Legal Assistant,142158.15,1/25/2001,38.28,16.08,Male,Bachelor's Degree,39.37,504-423-0633
672,Assistant Manager,70414.55,1/11/2009,47.68,17.9,Male,Bachelor's Degree,10.32,502-541-4345
673,Statistician I,123622,4/3/2009,27.02,15.67,Genderfluid,High School Diploma,7.43,405-652-8766
674,Product Engineer,21451.1,8/12/2018,45.57,16.89,Male,Bachelor's Degree,0.94,816-801-6319
675,VP Sales,147138,10/24/2013,27.26,12.13,Male,High School Diploma,11.06,414-432-1189
676,Staff Scientist,28106.07,6/9/2018,51.65,3.32,Polygender,Master's Degree,17.98,234-213-1921
677,Occupational Therapist,117257.56,11/24/2006,20.05,1.86,Male,Bachelor's Degree,34.81,806-218-7281
678,Financial Analyst,93945,2/5/2002,35.31,19.9,Male,Bachelor's Degree,12.75,915-142-4887
679,Food Chemist,52991.37,12/18/2017,23.19,10.63,Male,Bachelor's Degree,25.97,775-752-0509
680,Human Resources Manager,128543.01,3/16/2023,40.02,1.68,Female,High School Diploma,39.63,414-733-9945
681,Assistant Professor,34527.92,10/24/2021,49.78,13.9,Male,PhD,21.22,360-782-9864
682,VP Marketing,71625.72,4/12/2011,44.1,1.21,Bigender,High School Diploma,34.56,386-509-7899
683,Civil Engineer,110866.16,2/23/2003,40.44,2.69,Male,PhD,21.27,909-349-0774
684,Staff Scientist,146572.33,4/11/2014,49.05,7.57,Female,Master's Degree,24.88,919-985-4555
685,Actuary,42693.72,3/8/2024,43.77,8.25,Female,PhD,36.05,205-316-5257
686,Editor,131911.21,4/28/2004,34.12,1.94,Female,PhD,36.05,765-800-4246
687,Budget/Accounting Analyst IV,119713.39,2/18/2008,36.39,12.34,Male,Bachelor's Degree,16.49,612-591-7161
688,Speech Pathologist,49661.65,2/3/2003,38.53,18.55,Female,High School Diploma,25.9,602-241-4287
689,Physical Therapy Assistant,45072.07,2/23/2012,47.38,12.93,Female,High School Diploma,39.35,214-709-8137
690,Staff Accountant II,40739.26,8/30/2018,47.33,19.37,Male,High School Diploma,4.79,304-619-3266
691,Programmer I,51857.04,11/10/2015,32.58,14.56,Female,PhD,8.91,304-582-5297
692,Accountant II,96149.74,12/7/2012,37.39,8.8,Male,Master's Degree,28.57,415-129-8883
693,Help Desk Technician,134115.04,7/13/2011,46.7,11.63,Male,Master's Degree,11.06,606-995-5099
694,Human Resources Assistant III,42845.63,8/16/2021,47.25,8.61,Male,PhD,3.93,408-612-4207
695,Marketing Assistant,22756.1,5/21/2004,50.94,11.62,Female,PhD,8.16,305-538-9270
696,Human Resources Manager,121902.04,8/3/2008,22.67,18.64,Male,Master's Degree,9.26,801-605-9479
697,Occupational Therapist,37654.85,12/15/2021,35.77,10.02,Female,Bachelor's Degree,31.95,360-760-4370
698,Senior Editor,62047.46,11/24/2012,26.14,11.17,Female,Master's Degree,23.44,951-231-9953
699,Clinical Specialist,115176.5,4/30/2009,58.12,14.44,Male,High School Diploma,15.35,202-446-9406
700,Environmental Tech,123742.08,9/1/2016,26.18,16.65,Genderqueer,Master's Degree,13.79,228-630-8790
701,Marketing Manager,137415.09,3/14/2003,32.95,2.3,Female,PhD,7.21,225-364-0207
702,Nurse Practicioner,118100.22,8/7/2000,33.94,16.79,Male,Master's Degree,14.81,484-651-9112
703,Community Outreach Specialist,117120.85,9/7/2018,55.73,13.07,Genderqueer,Bachelor's Degree,26.38,202-833-7182
704,Nurse Practicioner,47502.74,8/21/2006,52.29,10.16,Female,High School Diploma,12.54,415-451-2472
705,Assistant Media Planner,74028.39,5/1/2009,33.75,17.29,Male,High School Diploma,32.59,985-437-0262
706,Payment Adjustment Coordinator,129130.58,7/27/2015,52.75,9.14,Female,High School Diploma,14.85,316-971-4151
707,Safety Technician I,112340.64,4/7/2008,39.21,9.9,Male,Bachelor's Degree,1.49,315-329-3670
708,Quality Engineer,26414.35,5/31/2023,47.77,3.94,Female,PhD,26.93,405-728-4470
709,Project Manager,51148.91,10/12/2013,31.93,15.11,Female,PhD,23.8,510-797-8729
710,Accounting Assistant I,86561.22,6/25/2014,57.57,11.15,Female,Master's Degree,9.24,510-985-5043
711,Safety Technician IV,66774.05,6/7/2001,41.96,17.82,Male,PhD,22.15,209-903-5598
712,Account Coordinator,39812.52,10/23/2003,55.57,16.25,Male,Master's Degree,27.12,404-176-8532
713,Recruiter,64724.01,3/31/2007,40.83,10.06,Male,Bachelor's Degree,5.87,812-551-0679
714,VP Marketing,24315.22,4/9/2012,43.71,3.35,Male,Master's Degree,38.57,240-799-5693
715,Business Systems Development Analyst,121891.6,4/16/2003,37.98,13.38,Female,High School Diploma,14.66,251-314-8766
716,Office Assistant IV,146587.64,1/30/2011,25.31,19,Female,High School Diploma,37.61,912-413-9112
717,Quality Engineer,31420.61,2/14/2021,58.57,4.96,Female,Bachelor's Degree,21.89,804-903-8392
718,Physical Therapy Assistant,89676.74,6/5/2008,37.74,12.5,Non-binary,Bachelor's Degree,38.26,405-489-3205
719,Tax Accountant,146239.83,5/30/2004,35.93,7.8,Female,Bachelor's Degree,38.38,864-357-2938
720,Administrative Officer,22998.19,5/27/2005,56.3,15.06,Male,High School Diploma,10.32,304-266-6715
721,Staff Accountant III,40835.35,5/25/2013,26.79,2.59,Polygender,Bachelor's Degree,25.35,661-334-0595
722,Electrical Engineer,124435.27,6/6/2003,24.11,14.89,Male,Master's Degree,10.26,858-838-6187
723,GIS Technical Architect,57984.9,10/30/2012,20,0.97,Female,Bachelor's Degree,25.54,419-567-2126
724,Electrical Engineer,123524.03,4/4/2018,52.21,19.35,Female,Bachelor's Degree,37.66,253-288-2773
725,Human Resources Assistant III,86880.29,12/19/2006,32.4,9.34,Female,High School Diploma,38.88,636-680-8772
726,Associate Professor,66855.08,11/24/2014,50.39,14.27,Female,High School Diploma,23.65,781-425-4206
727,GIS Technical Architect,86356.09,3/1/2006,24.2,0.35,Female,Bachelor's Degree,7.53,402-277-4128
728,Research Nurse,36449.55,6/29/2004,49.33,19.39,Female,PhD,1.52,352-934-9593
729,Account Coordinator,144277.16,1/14/2021,47.09,7.36,Male,PhD,18.47,646-165-8940
730,Mechanical Systems Engineer,33786.88,4/16/2004,40.87,3.05,Female,Bachelor's Degree,7.75,443-290-4158
731,Senior Quality Engineer,124960.59,12/29/2006,50.38,13.58,Male,High School Diploma,1.3,213-964-3046
732,Marketing Manager,55782,9/23/2023,49.42,11.89,Male,PhD,6.04,816-817-0861
733,Design Engineer,93956.51,3/29/2015,57.13,13.06,Female,High School Diploma,11.93,330-991-7081
734,Administrative Officer,46851.13,10/2/2013,33.66,11.75,Female,High School Diploma,0.8,307-548-2769
735,Help Desk Operator,144058.77,7/17/2005,49.57,17.97,Male,Bachelor's Degree,1.73,954-282-0063
736,Senior Financial Analyst,27228.33,8/23/2000,24.16,9.15,Female,High School Diploma,18.96,704-994-0809
737,Web Developer II,53843.41,7/2/2022,28.85,13.85,Male,High School Diploma,35.05,832-813-0475
738,Director of Sales,28522.75,9/24/2006,32.83,7.85,Female,High School Diploma,30.59,917-825-6580
739,Junior Executive,34782.04,9/19/2002,23.08,12.11,Male,Master's Degree,31.17,517-121-2945
740,Marketing Assistant,103807.94,7/1/2004,26.59,10.58,Male,Bachelor's Degree,8.15,213-285-3283
741,Chief Design Engineer,45885.41,6/15/2001,54.01,16.6,Agender,Bachelor's Degree,14.26,215-335-6833
742,Senior Cost Accountant,133713.91,10/9/2013,23.45,1.28,Female,PhD,36.3,480-281-3003
743,Clinical Specialist,41879.98,7/19/2017,23.05,17.23,Female,Bachelor's Degree,14.51,305-179-9269
744,Project Manager,93819.78,7/27/2000,52.59,9.81,Female,Bachelor's Degree,24.87,516-637-4901
745,General Manager,141005.43,6/11/2011,28.63,4.96,Male,PhD,3.9,402-211-0992
746,Civil Engineer,61714.51,2/3/2024,48.7,3.78,Female,Bachelor's Degree,33.49,203-300-9682
747,Marketing Assistant,72238.6,10/1/2013,24.91,16.01,Polygender,PhD,15.11,281-557-6905
748,Administrative Assistant III,126169.06,7/8/2014,51.6,17.59,Male,Master's Degree,27.32,202-277-0581
749,Biostatistician I,95107.81,6/12/2009,26.77,14.95,Female,Master's Degree,35.45,754-394-2620
750,Engineer III,122501.58,7/26/2018,24.12,5.55,Male,PhD,11.4,817-708-1525
751,Sales Representative,65279.23,3/18/2001,33.75,4.07,Female,Bachelor's Degree,8.68,937-562-2510
752,Graphic Designer,141934.39,1/1/2001,25.66,10.74,Female,Master's Degree,1.36,239-171-6691
753,Administrative Assistant II,61839.21,9/17/2013,57.12,4.21,Female,High School Diploma,21.39,971-692-0707
754,Information Security Officer,95816.15,5/27/2004,44.09,13.73,Female,PhD,29.67,757-233-5092
755,Systems Administrator I,46728.63,2/10/2002,27.4,2.2,Female,High School Diploma,0.96,801-600-7384
756,Food Chemist,36044.32,3/17/2002,27.05,16.9,Male,Master's Degree,20.72,832-916-7522
757,Business Systems Development Analyst,49706.88,7/20/2009,53.28,6.22,Male,High School Diploma,0.39,213-338-3565
758,Statistician II,40260.75,2/1/2011,50.62,1.4,Female,PhD,25.72,512-399-7793
759,Staff Scientist,132492.23,4/24/2016,33.2,4.05,Male,Master's Degree,24.93,423-548-8609
760,Clinical Specialist,75591.86,12/23/2004,43.58,12.52,Female,High School Diploma,31.38,209-735-4608
761,Chemical Engineer,59554.19,10/17/2008,21.19,19.59,Female,Bachelor's Degree,16.16,215-593-5964
762,Software Test Engineer II,41039.39,7/28/2004,32.57,9.27,Female,High School Diploma,38.11,818-414-4141
763,Structural Analysis Engineer,139566.8,1/24/2020,41.5,17.72,Female,Bachelor's Degree,5.29,509-177-5631
764,Social Worker,143638.99,12/25/2023,48.06,1.79,Male,Bachelor's Degree,18.34,407-732-1030
765,Analyst Programmer,75139.48,8/6/2019,57.88,4.17,Female,High School Diploma,5.34,702-532-2564
766,General Manager,33867.93,5/20/2020,30.76,0.16,Female,PhD,0.82,562-124-9303
767,Operator,148741.56,6/17/2017,59.39,3.44,Female,Master's Degree,22.55,254-421-8911
768,Analog Circuit Design manager,144645.95,4/6/2009,38.42,4.37,Female,Master's Degree,36.54,713-672-4211
769,Programmer Analyst III,125112.55,8/7/2020,38.52,14.33,Male,PhD,8.05,904-576-8393
770,Junior Executive,138981.94,7/5/2004,41.49,14.32,Female,High School Diploma,18.12,504-313-7870
771,Programmer Analyst II,123875.76,2/23/2022,30.72,11.26,Female,Bachelor's Degree,9.08,816-754-9965
772,Information Systems Manager,51308.77,7/27/2010,31.71,0.53,Female,Bachelor's Degree,4.17,212-477-3026
773,Speech Pathologist,102500.61,7/22/2003,42.96,6.09,Female,Master's Degree,7.69,661-166-9930
774,Senior Sales Associate,65049.84,4/19/2007,37.5,3.45,Male,Master's Degree,19.96,217-597-7740
775,Senior Sales Associate,146700.01,7/8/2009,35.76,18.64,Female,PhD,7.05,202-778-4205
776,Administrative Officer,82221.78,10/27/2013,25.49,1.82,Male,Master's Degree,5.64,540-902-2596
777,Mechanical Systems Engineer,90784.53,1/10/2013,25.76,14.33,Genderfluid,Bachelor's Degree,26.87,330-403-9260
778,Automation Specialist IV,130574.87,7/12/2013,40.4,13.11,Female,PhD,11.56,440-129-1516
779,Actuary,37642.86,2/10/2003,49.8,8.03,Female,PhD,6.84,315-242-4532
780,Cost Accountant,91299.22,10/10/2012,36.03,11.93,Genderqueer,Master's Degree,9.68,203-998-3487
781,Tax Accountant,123390.14,11/20/2005,53.99,7.58,Male,High School Diploma,1.46,318-652-9243
782,Clinical Specialist,139446.48,7/19/2003,34.32,10.03,Agender,PhD,39.12,402-903-9823
783,Accounting Assistant II,123450.63,4/11/2010,47.46,11.84,Genderqueer,High School Diploma,24.67,713-428-7179
784,Software Engineer I,130241.04,7/19/2014,30.73,7.54,Male,Master's Degree,32.67,253-395-6728
785,Information Systems Manager,48590.74,4/20/2023,20.68,8.82,Female,Bachelor's Degree,35.21,936-756-0456
786,Chemical Engineer,29204.37,9/19/2018,58.6,18.68,Male,PhD,17.12,318-432-5660
787,General Manager,137643.86,11/28/2018,33.39,10.21,Female,Master's Degree,21.48,972-902-5452
788,Senior Developer,57067.9,6/11/2016,42.1,8.38,Male,High School Diploma,3.65,518-663-5307
789,Tax Accountant,112475.1,1/7/2021,22.6,8.06,Female,High School Diploma,37.11,617-484-5751
790,Research Associate,129103.53,1/2/2011,52.77,10.45,Male,Master's Degree,29.18,281-394-1090
791,Senior Cost Accountant,36884.08,6/9/2017,34.59,12,Male,PhD,35.09,203-287-7908
792,VP Product Management,30718.33,1/11/2024,42.85,7.04,Female,Bachelor's Degree,25.85,331-202-7731
793,Staff Accountant I,79078.26,10/24/2022,32.78,11.45,Male,PhD,12.36,602-419-1652
794,Health Coach IV,71079.98,4/17/2005,27.01,0.24,Female,PhD,20.34,626-967-4729
795,Compensation Analyst,24490.52,4/30/2020,40.29,18.75,Male,PhD,35.97,512-252-3107
796,Chemical Engineer,29804.74,11/6/2004,27.98,8.33,Male,Bachelor's Degree,7.15,405-754-6004
797,Dental Hygienist,74092.59,3/18/2003,58.46,4.65,Male,Master's Degree,14.11,719-246-0247
798,Marketing Assistant,58448.93,2/18/2006,37.25,13.65,Genderqueer,PhD,25.88,818-961-2112
799,Media Manager IV,129153.52,10/11/2012,31.25,4.48,Male,PhD,14.67,320-778-7592
800,Web Designer II,47069.87,12/18/2005,25.76,11.48,Female,High School Diploma,37.54,202-877-8395
801,Staff Scientist,109284.11,12/18/2006,47.47,13.61,Male,Bachelor's Degree,38.02,850-905-3563
802,Quality Engineer,63522.97,7/30/2007,33.27,8.18,Female,Bachelor's Degree,30.21,763-724-1084
803,Social Worker,33724.67,10/6/2008,33.34,7.34,Female,Bachelor's Degree,12,678-989-2763
804,Office Assistant II,129713.12,5/30/2021,32,19.69,Female,Bachelor's Degree,15.15,702-933-6353
805,Information Security Officer,107065.33,11/13/2002,27.44,4.12,Male,Master's Degree,11.7,515-576-6835
806,Analog Circuit Design manager,83799.94,7/20/2000,37.54,1.79,Female,PhD,39.28,817-514-3506
807,Web Designer II,87366.16,12/29/2014,21.7,8.45,Female,Bachelor's Degree,37.02,405-752-6555
808,Budget/Accounting Analyst IV,54851.85,12/11/2003,22.22,2.37,Female,Bachelor's Degree,36.08,316-289-4875
809,Paralegal,146163.53,6/14/2001,55.72,11.99,Female,High School Diploma,39.09,937-984-3383
810,Occupational Therapist,94241.18,1/29/2000,42.59,13.64,Genderfluid,Master's Degree,15.37,818-626-3676
811,Software Consultant,62213.23,7/25/2017,31.11,9.22,Female,Master's Degree,30.52,202-984-0705
812,Engineer II,93068.42,4/3/2001,31.72,2.29,Female,Bachelor's Degree,22.12,770-879-3441
813,Senior Editor,120583.73,10/6/2003,40.48,5.11,Male,Bachelor's Degree,25.82,850-832-7746
814,Senior Financial Analyst,57823.22,1/28/2009,45.54,8.31,Female,Master's Degree,39.32,608-913-1753
815,Paralegal,142095.25,11/10/2006,32.19,3.73,Male,Bachelor's Degree,0.82,478-946-6508
816,Speech Pathologist,43326.61,3/14/2016,41.24,13.68,Female,Bachelor's Degree,31.34,573-985-7347
817,Engineer I,55111.16,2/12/2006,47.68,9.58,Male,Master's Degree,38.53,218-866-5292
818,Senior Sales Associate,30950.87,1/24/2016,42.79,3.75,Female,High School Diploma,23.11,801-709-2265
819,Food Chemist,43197.72,7/20/2011,58.3,15.23,Male,PhD,21.27,225-120-6867
820,Senior Financial Analyst,37351.41,5/20/2020,40.42,6.73,Female,High School Diploma,30.47,865-985-3548
821,Occupational Therapist,33367.05,12/3/2004,50.82,8.31,Female,Master's Degree,18.47,210-909-9357
822,GIS Technical Architect,40037.26,10/15/2023,42.99,15.6,Male,PhD,15.48,501-354-9654
823,Research Associate,95365.81,12/30/2019,35.14,13.38,Male,Master's Degree,29.32,206-483-6463
824,Nuclear Power Engineer,76305.85,5/28/2015,44.66,19.28,Polygender,Bachelor's Degree,14.14,816-701-3624
825,Nurse Practicioner,71620.29,6/21/2001,32.81,19.2,Female,Bachelor's Degree,32.89,760-873-5328
826,Research Associate,84694.68,8/27/2023,23.05,1.71,Female,PhD,33.45,918-119-5856
827,Marketing Manager,122198.6,2/9/2008,28.2,16.11,Female,High School Diploma,16.83,727-488-7787
828,Teacher,86702.84,2/3/2012,34.44,4.1,Female,High School Diploma,15.17,323-675-9686
829,Research Nurse,76663.02,5/28/2014,39.57,10.98,Male,Bachelor's Degree,26.78,770-971-1557
830,Speech Pathologist,144730.63,1/11/2010,37.92,8.14,Male,Bachelor's Degree,30.51,858-354-6654
831,Community Outreach Specialist,106299.43,10/1/2002,35.24,0.83,Female,Bachelor's Degree,29.05,619-570-7265
832,Account Coordinator,81606.97,8/27/2015,58.8,3.68,Female,High School Diploma,26.1,937-554-8961
833,Physical Therapy Assistant,121563.69,11/23/2004,26.46,16.04,Female,Bachelor's Degree,20.53,206-649-0165
834,Electrical Engineer,103332.81,12/27/2014,44.96,9.42,Male,Bachelor's Degree,29.27,910-523-7854
835,Social Worker,68300.14,8/16/2004,42.68,6.28,Female,Bachelor's Degree,23.02,484-652-6651
836,Web Designer I,89930.92,6/12/2009,41.9,7.5,Female,High School Diploma,36.5,941-102-8175
837,Help Desk Operator,83672.63,9/18/2017,56,17.33,Female,High School Diploma,25.15,203-207-3878
838,Structural Analysis Engineer,48943.68,7/28/2011,42.76,12.56,Female,High School Diploma,23.82,512-453-0927
839,Cost Accountant,86228.85,3/10/2017,38.59,5,Male,High School Diploma,30.87,202-928-3033
840,Budget/Accounting Analyst II,128088.65,3/3/2000,22.67,16.78,Female,Bachelor's Degree,4.81,803-986-3013
841,Food Chemist,22435.11,3/3/2012,28.26,15.77,Female,Bachelor's Degree,33.09,904-337-7005
842,Civil Engineer,71977.49,3/15/2015,58.89,7.12,Male,Master's Degree,35.98,843-849-2647
843,Help Desk Technician,56001.02,11/24/2018,20.47,15.38,Male,High School Diploma,20.29,605-704-9472
844,Staff Accountant I,76064.49,2/22/2022,49.44,18.78,Genderfluid,PhD,21.21,661-531-7023
845,Senior Financial Analyst,23453.94,7/17/2019,26.75,1,Male,Bachelor's Degree,27.4,651-730-2057
846,Accountant IV,85209.74,1/31/2002,23.77,17.15,Bigender,Master's Degree,9.9,513-194-4235
847,Quality Control Specialist,93766.67,7/10/2019,20.63,8.19,Female,PhD,32.28,205-164-2644
848,Statistician II,110254.22,6/15/2007,25.67,14,Male,High School Diploma,16.17,510-409-5651
849,Nuclear Power Engineer,125823.87,9/6/2009,39.72,15.92,Female,PhD,7.79,203-952-6973
850,Financial Analyst,149068.15,3/14/2008,38.69,13.16,Female,PhD,38.26,202-348-0009
851,Budget/Accounting Analyst IV,30528.03,2/21/2021,29.22,11.74,Female,Master's Degree,1.81,917-537-9404
852,Dental Hygienist,87880.7,9/28/2014,24.55,3.67,Male,Master's Degree,24.08,206-942-3768
853,Internal Auditor,118466.83,4/25/2014,39.06,6.27,Male,High School Diploma,2.45,772-847-3267
854,Editor,133203.62,11/23/2016,28.11,15.76,Female,High School Diploma,33.67,415-183-6094
855,Electrical Engineer,101424.98,9/1/2014,47.12,14.99,Male,PhD,3.56,515-777-5295
856,Accounting Assistant IV,112269.23,7/28/2005,55.01,14.02,Female,Master's Degree,34.99,352-535-6265
857,Marketing Manager,78911.26,1/6/2003,45.36,3.6,Female,PhD,37.74,304-425-9546
858,Internal Auditor,112889.19,5/1/2003,49.58,3.41,Female,High School Diploma,27.6,417-508-2548
859,Software Consultant,23043.7,8/6/2007,35.29,18.46,Female,PhD,20.17,773-291-4968
860,Senior Editor,93516.09,2/25/2008,56.41,9.41,Male,Bachelor's Degree,7.23,415-902-9496
861,Compensation Analyst,114178.12,9/26/2007,21.58,0.67,Female,Bachelor's Degree,29.78,443-533-7536
862,Environmental Specialist,53324.66,2/19/2004,34.92,19.26,Female,Master's Degree,13.64,714-386-3883
863,Recruiter,139689.86,8/29/2009,47.91,6.67,Female,Master's Degree,2.36,901-710-2890
864,Tax Accountant,75529.08,2/4/2000,24.99,18.97,Male,Bachelor's Degree,32.54,614-184-6402
865,Tax Accountant,61936.18,8/18/2022,33.67,2.89,Female,High School Diploma,3.86,305-409-0659
866,Media Manager II,82372.26,6/18/2014,20.76,1.77,Non-binary,PhD,26.21,786-851-7956
867,Nurse,43039.72,7/16/2022,27.94,15.37,Male,Bachelor's Degree,39.76,504-934-5995
868,Web Developer II,81501.95,9/5/2002,29.97,18.97,Female,PhD,25.49,678-385-7811
869,Engineer IV,137350.36,8/31/2000,48.64,2.18,Non-binary,Bachelor's Degree,23.62,801-602-9938
870,Operator,97734.57,5/2/2012,32.58,11.96,Male,Master's Degree,33.99,352-368-0303
871,Programmer Analyst II,90574.91,6/3/2021,57.96,6.01,Female,Bachelor's Degree,37.47,305-284-1058
872,Structural Analysis Engineer,102803.47,12/1/2007,45.02,4.88,Female,Bachelor's Degree,33.03,406-768-9475
873,Environmental Tech,101290.66,7/25/2021,54.56,4.73,Female,High School Diploma,31.6,832-593-5844
874,Office Assistant I,95898.11,12/30/2001,59.24,14.19,Male,High School Diploma,5.22,916-978-1599
875,Dental Hygienist,78951.14,10/19/2023,56.2,11.09,Male,High School Diploma,7.19,303-277-8419
876,Food Chemist,138111.26,8/30/2021,24.47,2.29,Male,High School Diploma,17.53,434-464-6960
877,Safety Technician II,104520,6/13/2017,56.09,10.97,Female,High School Diploma,20.31,512-720-4314
878,Assistant Professor,144882.27,5/16/2018,45.87,10.8,Female,Master's Degree,9.87,512-886-0372
879,Software Engineer I,105625.95,2/29/2004,33.75,9.16,Male,High School Diploma,30.68,734-370-3196
880,Information Systems Manager,101277.38,3/23/2009,48,15.97,Male,High School Diploma,22.45,901-874-1056
881,Senior Editor,115148.19,1/18/2011,38.54,1.19,Female,High School Diploma,29.49,361-518-4866
882,Business Systems Development Analyst,65151.22,1/20/2006,22.16,19.09,Polygender,High School Diploma,26.62,845-300-0383
883,Financial Analyst,77613.38,7/6/2016,54.55,15.69,Female,PhD,15.01,850-431-6286
884,Data Coordinator,84271.51,11/27/2016,38.44,13.71,Male,Bachelor's Degree,14.75,323-392-9658
885,Associate Professor,64167.51,3/11/2004,30.33,12.85,Female,PhD,29.11,410-112-1816
886,Help Desk Operator,29180.34,9/1/2015,56.26,11.57,Male,High School Diploma,36.96,971-940-4943
887,Community Outreach Specialist,85247.38,1/14/2003,48.66,8.32,Female,High School Diploma,20.88,301-586-1843
888,Nuclear Power Engineer,75110.83,8/17/2015,46.89,19.41,Non-binary,Bachelor's Degree,7.99,901-225-5868
889,Senior Cost Accountant,96164.97,2/4/2004,41.76,11.88,Male,Bachelor's Degree,31.46,315-547-7496
890,Administrative Officer,129924.94,12/24/2018,51.75,0.49,Male,Bachelor's Degree,18.27,817-591-4928
891,Structural Engineer,135360,8/28/2020,53.52,0.66,Female,PhD,29.74,940-977-2270
892,Information Systems Manager,97830.43,3/12/2015,21.42,11.54,Male,Bachelor's Degree,9.93,209-444-5468
893,Internal Auditor,26323.28,7/2/2004,41.53,7.59,Female,Bachelor's Degree,23.06,419-503-1742
894,Senior Financial Analyst,62136.04,9/25/2018,24.09,1.09,Female,High School Diploma,22.62,202-490-3046
895,Quality Engineer,94460.15,1/4/2024,52.67,6.5,Female,Master's Degree,3.22,509-818-8276
896,Geological Engineer,51330.36,6/3/2000,45.7,1.89,Male,Master's Degree,20.25,806-618-5726
897,Chief Design Engineer,136133.06,6/26/2007,42.11,5.87,Female,High School Diploma,9.02,912-817-4303
898,Staff Scientist,123415,8/17/2013,44.72,0.57,Male,Bachelor's Degree,8.71,907-923-3504
899,Marketing Manager,35608.56,12/16/2011,23.21,15.16,Female,Master's Degree,23.44,760-847-6922
900,Civil Engineer,114005.23,9/1/2007,33.16,18.37,Female,High School Diploma,6.37,913-263-8181
901,Environmental Specialist,105304.92,10/1/2020,41.13,4.1,Female,Bachelor's Degree,9.52,571-810-0851
902,Financial Advisor,95993.66,9/1/2001,54.56,12.42,Female,PhD,36.6,423-425-4657
903,Analog Circuit Design manager,69405.23,10/2/2018,43.41,9.24,Male,High School Diploma,35.22,314-621-5248
904,Speech Pathologist,62850.62,3/8/2002,54.67,15.84,Male,PhD,30.74,253-956-1426
905,Accounting Assistant III,50222.29,8/11/2023,54.13,2.31,Male,High School Diploma,12.62,505-619-1694
906,Physical Therapy Assistant,102582.35,10/20/2011,28.82,15.54,Male,High School Diploma,13.22,785-456-1034
907,Junior Executive,84135.17,9/12/2005,20.39,17.62,Male,High School Diploma,0.26,913-849-9791
908,Civil Engineer,53598.62,10/20/2000,57.93,17.8,Male,Bachelor's Degree,17.36,215-784-5641
909,Help Desk Technician,104802.77,10/23/2004,59.51,17.13,Male,Master's Degree,3.94,212-203-4361
910,Nurse Practicioner,36648.1,2/18/2007,31.27,5.89,Polygender,High School Diploma,4.8,404-910-5205
911,Senior Quality Engineer,25806.6,1/17/2023,22.28,3.91,Female,Master's Degree,39.82,713-786-2336
912,Staff Scientist,47476.49,1/18/2018,46.52,8.86,Agender,PhD,5.9,505-442-5557
913,Software Test Engineer IV,67997.3,3/18/2012,24.28,13.55,Female,High School Diploma,28.08,915-930-9601
914,Chief Design Engineer,143708.39,7/12/2009,59.52,12.8,Genderfluid,High School Diploma,30.25,202-345-2372
915,Web Designer IV,127199.92,8/17/2016,45.71,16.42,Female,PhD,32.52,336-135-9178
916,Physical Therapy Assistant,89602.18,12/10/2016,49.64,2.4,Male,Bachelor's Degree,34.73,515-928-9453
917,Design Engineer,124685.45,8/20/2006,29.65,10,Female,Master's Degree,2.53,817-514-2233
918,Research Nurse,143600.41,3/13/2001,51.96,17.58,Male,Master's Degree,7.39,254-692-2822
919,General Manager,92029.35,10/21/2006,57.16,8.4,Female,Bachelor's Degree,28.07,513-922-6205
920,Senior Sales Associate,135347.99,1/13/2005,35.38,1.45,Male,Master's Degree,8.81,561-956-3815
921,Product Engineer,40057.31,8/7/2018,23.98,1.76,Male,High School Diploma,24.02,602-299-6105
922,Safety Technician IV,100855.73,12/11/2012,43.24,11.33,Polygender,High School Diploma,7.44,317-473-1785
923,Human Resources Manager,76595.23,9/21/2018,29.52,10.02,Female,High School Diploma,2.91,973-581-0020
924,Web Developer III,58001.82,6/16/2022,27.37,8.2,Male,High School Diploma,34.86,754-719-2947
925,Sales Associate,29946.68,1/12/2012,55.68,7.95,Female,Bachelor's Degree,17.63,713-128-0600
926,VP Product Management,145761.57,12/27/2003,56.89,17.31,Male,High School Diploma,11.86,412-187-6198
927,Nurse Practicioner,29053.87,6/25/2022,38.04,15.45,Female,PhD,2.66,401-463-5773
928,Professor,42937.84,4/2/2003,51.54,12.72,Male,PhD,5,484-250-2333
929,Analog Circuit Design manager,35530.31,4/7/2013,45.44,13.36,Female,High School Diploma,8.28,773-286-1438
930,Programmer Analyst II,47878.29,11/29/2019,20.87,1.44,Male,High School Diploma,27.42,360-731-8424
931,Financial Analyst,74786.02,3/22/2009,28.73,16.86,Female,High School Diploma,31.95,216-244-5228
932,Clinical Specialist,52983.57,12/15/2014,36.71,0.43,Female,Bachelor's Degree,35.14,561-470-3762
933,Environmental Tech,148454.49,10/14/2023,57.98,2.77,Female,Master's Degree,5.99,763-806-7116
934,Structural Engineer,67377.97,10/1/2001,27.48,2.32,Male,PhD,29.77,404-781-4226
935,Dental Hygienist,64054.55,10/7/2003,54.96,12.5,Male,PhD,35.75,205-465-1431
936,Quality Control Specialist,90429.43,9/14/2001,42.6,2.98,Male,High School Diploma,14.05,702-155-0427
937,Research Assistant IV,105057.74,8/13/2008,56.98,10.38,Male,Master's Degree,0.51,916-193-7664
938,Account Representative II,103336.74,7/7/2004,38.15,4.86,Female,Master's Degree,6.88,812-588-2541
939,Staff Scientist,67366.8,1/4/2002,38.2,10.75,Female,Bachelor's Degree,23.99,216-536-8168
940,Accounting Assistant III,65842.67,4/18/2003,22.83,18.01,Female,Master's Degree,10.23,229-831-2430
941,Occupational Therapist,38731,12/7/2004,36.61,19.68,Agender,Master's Degree,18.94,540-772-2903
942,Editor,66323.08,10/7/2002,48.92,14.2,Female,High School Diploma,27.67,412-551-3234
943,Clinical Specialist,112511.72,5/9/2002,21.66,14.29,Female,Master's Degree,35.13,202-616-3351
944,Teacher,24222.87,11/15/2004,41.96,12.15,Female,PhD,16,405-547-7925
945,Automation Specialist I,22327.05,4/9/2019,21.64,12.34,Female,High School Diploma,33.59,541-503-9330
946,VP Sales,88136.47,1/20/2009,34.85,2.12,Polygender,High School Diploma,31.29,518-674-2150
947,VP Quality Control,23666.74,2/26/2021,41.59,9.28,Female,PhD,34.67,254-676-7629
948,Paralegal,111548.46,8/27/2023,57.12,19.14,Female,High School Diploma,12.23,843-573-1196
949,Senior Quality Engineer,30171.95,12/9/2011,42.86,19.98,Female,Master's Degree,23.81,253-457-5531
950,Physical Therapy Assistant,48800.84,4/22/2001,28.82,17.22,Female,Bachelor's Degree,13.87,913-647-7340
951,Senior Developer,51399.48,11/23/2005,28.4,3.24,Male,Master's Degree,39.12,901-859-4425
952,Product Engineer,121897.01,9/26/2021,35.67,5.31,Male,High School Diploma,3.29,703-184-0502
953,Assistant Professor,94004.4,2/23/2010,48.41,6.88,Female,PhD,19.7,404-565-1513
954,Project Manager,127619.33,12/15/2014,22.29,13.62,Female,PhD,22.7,303-411-5087
955,Senior Developer,97007.3,7/18/2008,46.65,19.78,Non-binary,PhD,25.17,661-432-0861
956,Operator,53848.7,6/8/2012,33.45,18.06,Female,High School Diploma,30.41,916-997-5658
957,Structural Analysis Engineer,52955.54,7/29/2022,56.58,15.2,Male,PhD,34.01,404-165-0403
958,Staff Accountant I,128086.47,5/27/2009,34.1,9.97,Female,Master's Degree,37.24,801-836-5413
959,Senior Financial Analyst,62443.07,11/23/2005,34.14,9.49,Male,Master's Degree,35.19,863-762-4539
960,Accountant III,135718.7,9/10/2013,45.97,5.96,Male,Master's Degree,39.31,805-798-2650
961,Software Test Engineer III,59023.39,10/18/2003,50.53,16.97,Male,High School Diploma,30.84,210-254-3857
962,Registered Nurse,119739.75,1/23/2013,28.03,6,Male,High School Diploma,39.9,916-623-9856
963,Technical Writer,81885.39,9/2/2023,33.61,6.18,Female,Bachelor's Degree,4.89,570-689-4810
964,Staff Accountant I,114425.34,2/12/2016,27.3,13.87,Male,Bachelor's Degree,7.39,808-659-4312
965,Marketing Assistant,24684.4,3/6/2001,22.62,11.83,Agender,Master's Degree,20.76,305-720-5542
966,VP Accounting,45715.47,8/11/2016,22.75,19.24,Female,Master's Degree,29.21,806-758-9182
967,Compensation Analyst,149474.73,1/6/2003,41.92,0.05,Male,Master's Degree,32.23,502-485-0120
968,Speech Pathologist,121700.33,10/14/2021,24.42,19.53,Male,Master's Degree,38.3,352-465-8238
969,Assistant Professor,20355.74,2/12/2009,32.9,3.64,Female,Master's Degree,27.49,915-527-0627
970,Developer III,85088.67,11/11/2018,32.32,7.07,Male,PhD,39.65,281-133-8995
971,Mechanical Systems Engineer,53621.93,11/25/2016,49.26,5.88,Female,High School Diploma,17.13,816-244-4892
972,Junior Executive,97477.88,2/16/2004,21.02,0.01,Male,PhD,38.4,304-614-3936
973,Food Chemist,129082.77,1/1/2001,32.98,0.99,Male,Master's Degree,27.76,505-353-1930
974,Developer II,148743.95,6/15/2008,35.18,16.2,Non-binary,PhD,24.93,203-371-1876
975,Staff Scientist,35728.17,11/18/2005,41.21,12.4,Male,PhD,35.49,913-719-2320
976,Information Security Officer,145559.69,8/29/2011,40.55,18.45,Male,Bachelor's Degree,32.64,785-259-2852
977,Information Systems Manager,129512.14,11/23/2022,40.66,2.75,Male,High School Diploma,37.48,406-856-3314
978,Director of Sales,39314.37,9/2/2007,53.99,17.52,Male,PhD,0.65,412-947-2572
979,Computer Systems Analyst II,35485.92,1/10/2024,25.17,9.33,Female,Bachelor's Degree,28.21,406-997-5254
980,Biostatistician II,97764.95,2/20/2011,39.11,7.71,Female,Master's Degree,21.32,404-420-7196
981,Programmer Analyst I,41884.71,5/22/2015,28.69,6.65,Female,High School Diploma,18.66,209-453-1165
982,Web Developer I,146907.99,7/8/2004,30.87,17.93,Agender,Master's Degree,33.78,571-105-7649
983,Project Manager,57206.33,7/12/2011,31.9,10.35,Male,Bachelor's Degree,27.11,407-942-2387
984,Human Resources Manager,30125.71,4/7/2000,50.57,0.29,Female,Bachelor's Degree,3.44,781-867-7370
985,Accountant II,86002.33,8/29/2007,59.57,0.88,Male,Master's Degree,23.33,612-684-2602
986,Senior Quality Engineer,37017.71,3/21/2012,23.01,12.34,Male,Master's Degree,20.8,850-344-9670
987,Financial Advisor,96815.77,7/24/2002,51.94,5.02,Female,Bachelor's Degree,33.39,518-582-7241
988,Librarian,103404.72,8/4/2005,49.98,14.03,Male,PhD,35.67,719-315-7515
989,Geological Engineer,103080.85,11/28/2000,35.28,14.35,Female,Bachelor's Degree,24.64,775-947-9088
990,Research Assistant II,78956.33,11/19/2003,31.37,17.27,Female,Bachelor's Degree,8.64,217-743-4636
991,Nurse,133353.73,12/24/2003,41.86,11.79,Female,Master's Degree,9.22,920-922-0000
992,Senior Editor,73496.23,12/5/2002,45.55,8.42,Female,High School Diploma,24.84,717-726-1696
993,Database Administrator IV,106292.31,12/20/2006,58.53,5.1,Female,High School Diploma,11.41,970-940-4600
994,Recruiter,143792.32,10/12/2006,46.15,4.53,Male,Master's Degree,38.97,706-952-6987
995,Analog Circuit Design manager,121241.92,7/16/2012,49.48,6.31,Male,Master's Degree,20.55,910-526-9806
996,Systems Administrator I,67794.19,2/21/2017,49.76,12.08,Bigender,High School Diploma,14.43,571-462-2277
997,Junior Executive,128091.84,5/7/2013,47.74,2.15,Female,PhD,19.09,512-780-1357
998,Administrative Officer,79427.81,6/29/2011,30.53,18.95,Male,High School Diploma,37.21,512-618-5646
999,Data Coordinator,36301.95,7/17/2013,42.29,13.39,Male,Bachelor's Degree,24.38,765-393-1080
1000,Junior Executive,110832.19,11/17/2022,22.38,6.98,Female,High School Diploma,9.21,202-302-0652
