username,birthdate,location,followers_count,following_count,status,last_login
jrosenbarg0,2/12/2002,New Orleans,396030,825,Inactive,2022-11-05T06:00:07Z
gbaudi1,11/17/1951,Honolulu,145154,210,Active,2022-06-04T16:11:21Z
umawdsley2,11/20/1978,Austin,571968,721,Suspended,2022-04-17T22:58:29Z
fdiess3,6/6/1961,Orlando,592514,379,Active,2021-03-18T15:46:15Z
belmer4,10/17/1993,Honolulu,576931,494,Suspended,2023-12-09T01:57:39Z
cgandy5,8/27/1978,Atlanta,575784,826,Active,2022-01-07T06:57:45Z
bhancock6,12/10/1972,Houston,74353,2,Suspended,2023-01-20T08:00:41Z
bboddam7,8/6/1999,Washington DC,281850,158,Inactive,2022-02-17T22:36:34Z
sfaherty8,1/19/1993,Chicago,827306,837,Active,2022-02-22T11:06:19Z
cducker9,6/9/1980,Atlanta,674313,475,Suspended,2022-02-27T01:08:19Z
scourta,7/17/1975,Las Vegas,784715,34,Inactive,2022-10-26T23:04:12Z
dscotsonb,5/30/1955,Las Vegas,365665,25,Inactive,2023-08-24T06:21:03Z
htattersdillc,4/24/1981,Minneapolis,508576,207,Active,2022-04-10T00:17:21Z
jkenefickd,7/15/1988,Atlanta,529488,868,Active,2021-11-21T04:21:39Z
hstonemane,4/13/1999,Austin,20769,912,Suspended,2021-12-01T00:55:34Z
hjewksf,7/5/1967,Houston,432514,71,Suspended,2023-03-04T03:15:36Z
qbirdwistleg,11/8/1952,Orlando,271032,83,Active,2022-11-03T22:25:32Z
jteagueh,5/4/1989,Chicago,251981,741,Active,2021-10-01T21:52:41Z
fscurrahi,5/23/1994,Charleston,149015,967,Active,2023-11-08T18:14:43Z
bbeldersonj,10/23/1969,Boston,983865,15,Suspended,2022-11-26T11:19:42Z
truddochk,11/9/1967,Las Vegas,952447,88,Suspended,2023-04-20T21:11:23Z
gvalentinl,2/7/1958,Seattle,378946,990,Inactive,2022-11-09T06:04:20Z
kchithamm,10/24/1953,Houston,883280,19,Inactive,2022-06-03T05:03:24Z
esnaseln,3/2/1990,Charleston,351640,2,Suspended,2022-03-28T21:45:11Z
ochadbourno,9/16/1972,Washington DC,434621,556,Inactive,2023-12-04T16:13:43Z
asimounetp,1/5/1992,Las Vegas,384875,918,Suspended,2021-12-05T11:21:38Z
mphilipq,7/26/1996,Los Angeles,706013,727,Inactive,2023-05-04T10:11:59Z
cfullowayr,6/2/1991,Seattle,991829,607,Suspended,2022-03-29T23:46:17Z
mshurmores,10/28/1956,Orlando,962009,697,Active,2022-03-01T08:11:37Z
espallst,8/22/1955,Seattle,689921,328,Suspended,2024-01-20T10:22:21Z
egarrodu,4/24/1976,San Francisco,600725,469,Inactive,2023-01-13T13:56:29Z
densorv,12/15/1967,San Diego,548117,606,Active,2024-01-01T20:53:20Z
dcregganw,3/11/1984,Los Angeles,142472,482,Suspended,2022-11-07T22:27:47Z
ljancax,6/8/2002,Detroit,82546,149,Inactive,2024-02-18T07:09:24Z
nsapsony,9/17/1997,New Orleans,597941,451,Suspended,2023-01-14T15:35:13Z
kvaiseyz,1/10/1980,Los Angeles,778203,849,Inactive,2023-03-09T09:28:44Z
adavenhill10,4/15/1958,Boston,882096,545,Suspended,2021-08-02T04:36:48Z
esalmons11,10/6/1952,Orlando,496636,494,Inactive,2022-02-19T12:46:36Z
afortin12,8/24/1951,Boston,932394,814,Active,2023-05-16T20:31:33Z
dfrostick13,10/20/1987,Minneapolis,700110,600,Inactive,2021-11-02T06:30:33Z
ilivesley14,11/24/1999,Austin,263926,791,Inactive,2023-04-12T04:08:22Z
aoluney15,5/21/1982,Washington DC,885981,686,Suspended,2023-01-23T16:26:44Z
imaclucais16,3/21/1962,Los Angeles,849912,89,Active,2023-05-21T16:21:36Z
cnizet17,4/8/1998,Miami,995470,611,Suspended,2021-09-06T04:47:04Z
bwalburn18,2/17/1966,Minneapolis,440487,729,Active,2021-12-10T23:38:55Z
astiegers19,1/28/1967,Los Angeles,898914,975,Active,2023-06-26T22:41:47Z
mkardos1a,11/11/2000,Las Vegas,635370,728,Inactive,2022-12-25T12:18:27Z
ejeannard1b,6/17/1979,San Antonio,840556,221,Suspended,2021-02-07T02:39:45Z
fhouseley1c,2/7/1972,Washington DC,552261,642,Inactive,2021-09-05T05:24:22Z
epheby1d,1/5/1977,Dallas,735712,692,Inactive,2022-09-18T10:51:21Z
lelson1e,3/27/1979,Honolulu,179556,684,Suspended,2024-02-20T03:20:03Z
scawsby1f,7/29/1990,Los Angeles,687491,0,Active,2023-06-04T14:17:17Z
tbanbrook1g,4/21/1989,Atlanta,84169,269,Suspended,2021-07-06T01:03:31Z
traggatt1h,12/3/1965,Dallas,335476,802,Suspended,2021-02-21T00:18:48Z
egirardini1i,12/20/1991,Orlando,22670,699,Inactive,2023-05-02T18:57:27Z
jkleinstein1j,1/21/1972,Dallas,560652,710,Suspended,2021-06-11T03:27:37Z
rdukelow1k,9/23/1991,Miami,563915,654,Active,2022-06-14T15:26:36Z
dschulkins1l,5/28/1980,New Orleans,546411,458,Suspended,2021-11-18T15:34:36Z
cgrigsby1m,9/29/1968,Los Angeles,390807,314,Active,2022-12-18T19:19:51Z
jveitch1n,12/22/1982,Boston,489500,419,Active,2022-12-07T15:13:33Z
omaxweell1o,10/3/1997,New York,170422,148,Active,2023-08-20T09:38:19Z
sdigiacomettino1p,12/13/1994,Salt Lake City,724791,309,Suspended,2021-11-27T06:13:27Z
gtinsey1q,3/2/1968,Honolulu,191849,997,Suspended,2021-01-21T03:57:13Z
smaplethorpe1r,5/22/1957,Denver,408373,583,Inactive,2021-01-07T14:18:59Z
ktarborn1s,1/9/1971,Charleston,609852,310,Inactive,2023-09-01T03:32:23Z
lolfert1t,12/11/1991,Denver,279185,638,Active,2022-09-05T17:59:33Z
bbroxis1u,8/5/1956,Detroit,859448,424,Active,2022-11-14T12:59:00Z
ishambroke1v,11/15/1959,San Francisco,109791,539,Suspended,2022-03-13T08:07:40Z
lferney1w,7/2/1980,Seattle,800434,346,Suspended,2023-09-09T15:55:24Z
rickowics1x,6/20/1958,Detroit,342642,578,Inactive,2021-12-22T15:39:14Z
mjaggard1y,10/18/1960,Washington DC,555295,725,Suspended,2023-05-09T12:01:55Z
lrizzardi1z,7/20/1972,Chicago,494854,190,Inactive,2021-11-06T19:32:45Z
ameadmore20,12/9/2001,Nashville,512286,81,Active,2022-07-30T13:33:57Z
cbox21,3/20/1966,Las Vegas,49692,481,Active,2022-07-16T14:56:43Z
rwhitters22,2/1/2000,Seattle,742127,367,Inactive,2022-07-27T09:42:52Z
rhallows23,2/27/1989,San Antonio,28047,201,Active,2021-07-30T18:21:03Z
jcopo24,2/8/1996,Minneapolis,568112,279,Inactive,2023-06-05T02:15:50Z
jcrickmer25,2/21/1961,Philadelphia,46294,130,Suspended,2022-06-03T15:24:56Z
zfellow26,3/13/1954,San Francisco,551697,420,Suspended,2023-08-17T07:44:57Z
vtoffel27,3/30/1982,Detroit,321493,566,Suspended,2021-05-06T06:16:33Z
tcluckie28,3/24/1982,Nashville,677925,489,Inactive,2021-07-20T09:58:38Z
ineeves29,2/5/1978,Miami,827749,373,Active,2021-06-04T23:38:42Z
sgoulding2a,12/27/1979,Atlanta,698932,948,Active,2022-07-30T10:08:42Z
belliff2b,7/1/1965,Salt Lake City,28784,738,Suspended,2022-02-07T02:53:43Z
lokielt2c,10/19/2001,Dallas,729328,858,Suspended,2022-08-06T13:38:52Z
egarnham2d,5/23/1964,Philadelphia,501402,897,Suspended,2023-12-28T18:05:21Z
jdauber2e,7/2/1962,Orlando,437144,37,Suspended,2023-04-22T10:07:32Z
totridge2f,1/11/2000,Nashville,702210,348,Suspended,2021-04-17T05:00:34Z
jormesher2g,11/6/1966,Seattle,485031,172,Suspended,2022-01-22T17:54:16Z
jmaine2h,10/9/1950,Salt Lake City,276278,738,Inactive,2022-09-10T13:59:30Z
bgornal2i,1/22/1955,Washington DC,505385,405,Suspended,2022-07-22T22:59:20Z
ryarwood2j,12/27/1992,Seattle,337360,209,Suspended,2022-02-13T10:36:24Z
melwin2k,10/19/1971,Charleston,656807,668,Suspended,2022-10-10T18:31:39Z
acommon2l,9/5/1951,Los Angeles,381543,396,Suspended,2023-01-07T18:40:27Z
scarlisi2m,4/15/1998,Los Angeles,347638,368,Active,2021-07-22T01:53:38Z
jhoyer2n,7/12/1966,Honolulu,119551,298,Suspended,2022-11-29T14:36:46Z
bgrishinov2o,11/6/1996,New York,765070,985,Suspended,2022-07-17T07:04:27Z
asudlow2p,9/20/1958,Seattle,71852,87,Suspended,2022-03-16T06:51:27Z
toats2q,3/1/1953,Detroit,612861,129,Active,2024-02-17T04:50:48Z
lkinder2r,6/28/1963,San Francisco,39189,700,Suspended,2022-02-02T11:48:06Z
fgodman2s,7/14/1987,Boston,209811,894,Inactive,2021-11-27T00:29:50Z
ethurstan2t,6/11/1988,Austin,8307,901,Active,2024-01-25T19:04:19Z
blowten2u,3/14/1984,San Francisco,48103,767,Active,2022-08-05T08:46:16Z
bmillott2v,2/10/1996,Boston,934161,840,Inactive,2022-10-16T10:35:29Z
jkenelin2w,12/11/1957,Houston,674699,810,Active,2023-08-07T08:43:44Z
cpowder2x,5/1/1964,Austin,172138,968,Inactive,2023-11-07T01:19:20Z
cborton2y,5/1/1957,Nashville,997047,693,Suspended,2021-01-12T22:03:52Z
jrailton2z,9/13/1955,Philadelphia,922764,722,Inactive,2023-07-28T07:11:50Z
uzannetti30,4/4/1991,Austin,239272,50,Suspended,2021-02-14T02:35:39Z
bpersicke31,8/11/1959,Nashville,547027,234,Suspended,2021-09-01T20:49:02Z
bruzic32,12/31/1952,Atlanta,542586,559,Inactive,2022-02-14T09:54:27Z
ostanaway33,7/20/1992,Seattle,413688,424,Active,2022-05-04T16:48:03Z
tskelton34,8/12/1979,Austin,903180,470,Inactive,2023-10-02T17:23:51Z
jpittel35,11/12/2001,Charleston,761814,609,Suspended,2022-03-29T17:27:28Z
seady36,10/19/1966,Orlando,254660,531,Suspended,2021-09-14T20:51:34Z
srannie37,1/22/1958,Minneapolis,337987,301,Inactive,2021-10-24T03:31:20Z
zwaterstone38,2/12/1990,Detroit,408010,871,Inactive,2021-02-08T10:08:04Z
lmcffaden39,11/6/2001,San Diego,271927,111,Suspended,2022-11-02T18:07:22Z
goverland3a,4/10/1981,Chicago,276717,977,Active,2022-03-13T16:10:30Z
kmacvay3b,10/12/1968,Las Vegas,215211,754,Inactive,2023-01-23T12:37:22Z
dzambonini3c,6/15/1994,Nashville,161804,314,Inactive,2023-11-09T23:26:55Z
mfawks3d,11/6/1976,Austin,154364,312,Inactive,2021-03-21T10:37:34Z
mspeenden3e,12/29/1977,San Antonio,236235,327,Inactive,2022-09-29T17:34:39Z
jbrothwell3f,4/16/1958,Minneapolis,721495,467,Suspended,2023-05-14T21:12:30Z
gvarns3g,9/13/1969,Atlanta,560067,537,Active,2022-04-17T02:13:44Z
jsaines3h,4/11/1999,Detroit,723003,983,Inactive,2021-10-27T08:38:19Z
idanilyuk3i,10/24/1985,Orlando,251529,463,Suspended,2024-03-02T12:20:42Z
mcarnalan3j,1/30/1985,Boston,81680,981,Inactive,2023-02-18T15:43:20Z
jantrum3k,12/27/1977,New York,367590,375,Suspended,2021-07-06T04:41:39Z
schalder3l,11/13/1963,New York,650421,617,Suspended,2021-01-26T19:27:58Z
nelletson3m,8/27/1981,Dallas,980441,244,Suspended,2021-01-06T09:33:21Z
wofer3n,10/21/1983,Washington DC,502487,41,Active,2021-05-15T12:24:31Z
dgarfit3o,7/19/1988,Las Vegas,872580,547,Inactive,2022-04-27T06:42:44Z
rwallwood3p,10/19/1997,Los Angeles,556953,238,Suspended,2023-04-25T23:10:34Z
aboullin3q,5/2/1971,San Diego,524181,394,Suspended,2024-03-18T18:20:12Z
smacfadden3r,8/3/1971,New Orleans,643223,193,Active,2022-01-21T09:20:23Z
dpipkin3s,5/31/2002,New York,3029,577,Suspended,2023-05-12T23:35:37Z
swardlow3t,10/22/1950,Chicago,371643,105,Suspended,2022-09-26T16:14:24Z
nmarples3u,12/26/1955,New York,347459,651,Suspended,2023-02-04T00:35:43Z
ereaney3v,5/18/1967,Nashville,555577,539,Active,2021-04-15T17:33:27Z
fbotler3w,4/8/1977,Honolulu,911338,704,Active,2023-10-17T17:36:17Z
rfarnill3x,6/6/1981,New Orleans,204556,320,Suspended,2022-12-18T07:42:10Z
bhollingshead3y,3/10/1972,Atlanta,945916,64,Active,2021-06-02T20:07:06Z
vdidsbury3z,2/4/1963,Dallas,177820,314,Suspended,2023-09-16T19:56:47Z
egilmore40,11/23/1973,Washington DC,55294,315,Suspended,2021-11-18T18:27:03Z
dwannes41,12/14/1961,Las Vegas,347481,58,Active,2021-06-21T14:50:28Z
bduligal42,4/6/1974,New York,362354,704,Active,2022-04-03T14:19:12Z
lbernth43,12/7/2001,Denver,678384,193,Inactive,2022-05-12T06:34:52Z
jzealey44,1/18/1955,Austin,709663,670,Inactive,2022-05-10T10:02:19Z
rmarchiso45,2/8/1974,Denver,442389,4,Suspended,2023-07-12T09:35:20Z
rwildt46,9/9/1993,Atlanta,693035,932,Active,2022-03-28T20:21:06Z
vroylance47,10/18/1992,Seattle,243201,171,Suspended,2024-01-04T04:07:51Z
tasp48,5/16/1984,New Orleans,241550,732,Inactive,2022-05-21T16:18:30Z
dtadd49,11/7/1951,San Diego,486899,103,Active,2023-11-06T20:49:06Z
echalles4a,1/6/1970,Salt Lake City,621395,356,Active,2022-07-07T04:55:34Z
ncabane4b,4/13/1998,Miami,93528,568,Inactive,2023-11-21T01:24:36Z
astuther4c,9/8/1973,Salt Lake City,906711,421,Inactive,2022-05-18T11:29:52Z
chornung4d,7/20/1962,San Francisco,709911,464,Inactive,2021-01-29T00:20:48Z
ltollit4e,2/17/1992,Miami,634898,169,Active,2021-12-21T15:40:40Z
jgallihawk4f,11/7/1954,Minneapolis,747419,239,Inactive,2024-01-03T18:39:37Z
tholleworth4g,10/16/1950,Miami,140333,427,Active,2023-03-11T11:22:54Z
kvahey4h,7/2/1989,San Antonio,477103,590,Active,2023-07-07T09:29:50Z
pmccathay4i,10/14/1986,Austin,103774,995,Inactive,2023-04-22T20:26:55Z
gashmole4j,8/2/1977,Washington DC,80350,214,Active,2021-08-19T10:45:52Z
sgodsil4k,4/26/1995,Boston,294093,216,Suspended,2023-06-26T12:07:42Z
jnisby4l,5/10/1957,Dallas,813752,820,Suspended,2022-06-21T22:04:23Z
edows4m,10/22/1983,Washington DC,535228,510,Suspended,2023-08-13T08:05:55Z
opavlitschek4n,8/10/1961,Seattle,809830,956,Active,2021-07-24T22:37:58Z
ltroillet4o,1/9/1973,Boston,515620,69,Active,2023-03-19T23:52:15Z
mdaskiewicz4p,2/3/1997,Orlando,347324,518,Inactive,2022-01-29T08:13:55Z
savramow4q,3/2/1979,Dallas,640850,408,Suspended,2023-08-06T07:53:00Z
nsirmond4r,6/24/1996,Las Vegas,514808,700,Suspended,2021-03-18T07:40:31Z
bsantacrole4s,2/4/1994,Chicago,314372,85,Inactive,2023-03-18T07:40:48Z
emuff4t,4/22/1957,Washington DC,450253,764,Inactive,2021-08-30T06:40:35Z
lmansion4u,1/8/1964,Minneapolis,279430,993,Suspended,2021-01-06T03:03:18Z
bdietmar4v,8/7/1956,Houston,159235,516,Active,2022-04-29T23:22:13Z
sscudamore4w,9/11/1973,Detroit,888327,628,Active,2021-05-25T09:48:36Z
llowings4x,9/16/1968,Charleston,869341,221,Suspended,2022-04-06T10:17:47Z
ahighton4y,10/11/1997,New Orleans,986262,306,Suspended,2022-10-30T02:59:17Z
jtomet4z,7/11/1997,San Francisco,951957,233,Inactive,2023-12-09T01:45:30Z
msparhawk50,3/31/1984,Nashville,380814,642,Suspended,2021-06-23T10:50:52Z
gvivyan51,4/11/1969,New Orleans,867106,184,Suspended,2021-07-19T19:57:05Z
jroze52,2/3/1953,Chicago,252649,614,Inactive,2022-12-11T08:41:59Z
mallchorne53,1/26/1966,Denver,309140,955,Active,2022-08-28T19:11:37Z
mthackeray54,11/7/2002,Boston,227507,650,Active,2021-12-02T11:28:15Z
eeseler55,12/27/1980,Washington DC,772727,479,Active,2022-06-04T17:34:45Z
wbattman56,3/26/1987,Houston,69938,285,Inactive,2021-11-22T11:25:14Z
scanlin57,7/28/1971,San Francisco,46160,241,Suspended,2021-12-13T02:47:45Z
pmcconachie58,1/4/1995,Los Angeles,13842,128,Inactive,2021-05-27T07:41:11Z
kganford59,7/23/1968,New Orleans,906709,361,Active,2023-09-28T18:09:19Z
fmacdermott5a,12/2/1971,Austin,897848,502,Suspended,2023-05-14T19:58:12Z
tcramb5b,1/26/1987,San Antonio,248385,372,Suspended,2024-02-23T17:11:41Z
vslewcock5c,3/6/1977,Las Vegas,206820,677,Suspended,2023-08-27T08:56:38Z
sleverson5d,5/29/1953,Orlando,678152,196,Suspended,2024-01-19T08:55:16Z
gabramow5e,5/29/1990,Los Angeles,324992,855,Suspended,2021-07-12T05:51:47Z
kraittie5f,10/10/2001,Miami,11071,428,Suspended,2022-10-27T15:53:19Z
kdate5g,2/1/1969,Nashville,466650,263,Inactive,2023-09-05T00:45:16Z
gbernhardsson5h,12/19/2001,Dallas,290462,56,Active,2022-08-29T10:08:18Z
tcouch5i,9/28/1982,New Orleans,133047,812,Inactive,2022-03-30T16:36:54Z
bbaird5j,8/25/1995,San Diego,108717,727,Suspended,2022-06-22T11:54:28Z
rgrassot5k,2/21/1998,Houston,286431,55,Active,2022-04-04T18:06:37Z
jgerwood5l,8/10/2002,San Antonio,763628,407,Inactive,2023-12-09T01:43:46Z
meaddy5m,3/23/1990,Chicago,359745,352,Suspended,2023-05-18T11:28:06Z
wbum5n,9/2/1963,Boston,835429,604,Inactive,2022-03-09T17:20:22Z
showe5o,12/17/1983,San Francisco,497691,298,Active,2023-11-28T14:45:07Z
nmccrisken5p,2/4/1987,Washington DC,1869,647,Suspended,2023-03-18T21:17:50Z
hmckern5q,5/9/1975,Orlando,716598,538,Active,2023-07-09T03:02:57Z
jcreyke5r,8/13/1972,San Francisco,587985,286,Suspended,2021-04-22T20:20:32Z
tgurner5s,7/21/1989,Nashville,571974,804,Suspended,2022-04-25T06:40:37Z
aciementini5t,2/18/1972,Los Angeles,742750,64,Inactive,2021-06-19T00:24:17Z
rryhorovich5u,2/25/1957,Charleston,353773,294,Inactive,2022-11-18T08:32:29Z
clangcastle5v,12/28/1977,Seattle,90163,918,Active,2021-08-14T14:19:42Z
rgahagan5w,3/18/1976,New York,559688,46,Inactive,2024-02-20T13:07:38Z
magronski5x,2/9/1996,Boston,103979,800,Inactive,2024-02-09T12:24:52Z
gwilse5y,6/15/1971,San Francisco,749107,546,Active,2023-02-20T01:01:00Z
awaylen5z,1/26/1998,Washington DC,520063,727,Suspended,2023-05-30T06:24:34Z
tagus60,10/17/1953,Philadelphia,538108,761,Active,2022-08-10T15:13:34Z
soscollee61,1/5/1993,Honolulu,839829,480,Active,2021-03-11T23:39:25Z
dgoodnow62,6/5/1983,San Antonio,376428,758,Suspended,2023-07-26T00:31:29Z
sgopsill63,1/25/1952,Minneapolis,588734,772,Suspended,2022-02-16T02:39:40Z
mperello64,11/18/1998,Dallas,864808,947,Active,2023-09-14T01:34:17Z
rmarikhin65,2/6/1994,Detroit,842647,352,Active,2021-04-12T13:54:08Z
javo66,7/29/1989,Seattle,414957,448,Inactive,2021-01-15T11:24:04Z
lciric67,10/3/1971,Las Vegas,785536,982,Active,2021-11-29T18:01:05Z
shanington68,9/27/1963,Dallas,930649,975,Active,2021-12-17T10:19:30Z
mjimes69,10/4/1993,San Diego,209743,88,Suspended,2022-07-23T16:00:51Z
abreewood6a,3/8/1977,Detroit,565219,891,Active,2022-02-17T08:52:44Z
daughton6b,10/6/1973,Detroit,945872,290,Inactive,2021-07-22T11:52:41Z
qablewhite6c,3/24/1957,Salt Lake City,892525,495,Suspended,2023-04-08T07:13:29Z
nboshers6d,11/19/1980,Salt Lake City,301343,690,Inactive,2021-10-18T12:51:55Z
blefeuvre6e,1/27/1975,New York,784550,688,Suspended,2024-01-28T15:15:58Z
ddrogan6f,11/3/1968,Washington DC,404788,506,Inactive,2023-04-16T17:45:47Z
dgilmour6g,2/17/1989,San Francisco,190348,73,Inactive,2022-09-14T09:02:58Z
dscarffe6h,1/25/1959,Washington DC,952886,202,Suspended,2021-10-24T23:12:26Z
gdemageard6i,3/22/1968,Boston,97008,549,Active,2022-05-28T21:45:13Z
lkillwick6j,8/3/1959,New Orleans,875841,212,Suspended,2022-02-11T23:23:37Z
iservant6k,3/12/1973,San Francisco,614144,294,Inactive,2023-03-08T02:08:15Z
dmaffy6l,12/4/1988,Las Vegas,971525,988,Inactive,2021-06-10T16:22:08Z
aswannell6m,11/29/1976,Chicago,826165,412,Suspended,2021-12-11T22:14:31Z
agrim6n,11/28/1969,Atlanta,627194,900,Active,2023-06-06T02:54:04Z
jdelcastel6o,2/25/1998,Orlando,364753,535,Inactive,2022-01-14T23:44:36Z
dmagee6p,6/16/1980,Las Vegas,119275,358,Inactive,2023-01-19T13:00:16Z
belfleet6q,12/8/1971,Los Angeles,201152,247,Suspended,2022-08-07T00:22:48Z
ebautiste6r,3/18/1968,Las Vegas,824810,915,Suspended,2023-08-14T06:52:02Z
rcarbery6s,7/27/1973,Boston,555944,953,Inactive,2023-09-12T08:12:55Z
bebourne6t,12/31/1980,Honolulu,164164,144,Active,2022-06-12T23:37:12Z
btomini6u,3/9/1991,Washington DC,204098,569,Active,2021-01-18T08:44:11Z
sschruyers6v,3/2/1964,Honolulu,975170,246,Inactive,2022-12-30T17:59:18Z
hdoogood6w,3/1/1978,Seattle,9495,336,Active,2023-09-12T07:25:07Z
adeeves6x,3/13/1995,Salt Lake City,340312,541,Active,2022-07-06T13:03:46Z
dferraresi6y,8/5/1990,Charleston,524887,553,Suspended,2023-03-09T00:35:00Z
knatwick6z,11/11/1964,Honolulu,247420,886,Active,2022-02-07T12:05:15Z
jbastock70,11/13/1966,Los Angeles,920310,636,Active,2021-06-10T05:46:07Z
dmixter71,7/16/1976,Houston,116950,286,Active,2022-08-03T18:13:20Z
fbogace72,8/2/1966,San Antonio,160419,905,Inactive,2023-10-01T17:21:29Z
msummerton73,5/20/1988,Miami,371991,882,Suspended,2022-11-29T14:04:00Z
vriehm74,12/12/1998,Atlanta,344694,603,Active,2023-11-01T21:29:06Z
kgariff75,10/2/1999,Denver,691748,723,Inactive,2022-05-07T00:14:45Z
aricketts76,1/23/1980,Detroit,7026,200,Inactive,2023-05-20T03:09:36Z
vhowell77,7/9/1968,San Diego,556922,927,Inactive,2022-11-25T22:17:58Z
creynolds78,12/29/1968,Detroit,23712,706,Inactive,2023-12-31T07:33:05Z
manstie79,10/14/1981,Nashville,715673,69,Inactive,2021-08-12T22:25:47Z
elongshaw7a,7/3/1976,Los Angeles,432824,788,Inactive,2022-08-19T02:34:59Z
dstockbridge7b,11/2/1958,Denver,518915,991,Suspended,2021-08-09T13:43:17Z
rduchenne7c,1/31/1972,Nashville,846110,250,Suspended,2023-12-06T13:45:19Z
xfloweth7d,2/3/1971,Los Angeles,665200,277,Active,2022-12-20T14:14:38Z
msteiner7e,8/7/1986,Dallas,176173,903,Active,2021-06-15T07:25:22Z
ffalkous7f,6/6/1962,Houston,85864,169,Active,2023-11-19T23:29:18Z
lchedzoy7g,4/17/1975,Denver,250050,587,Inactive,2022-10-12T19:14:33Z
maymerich7h,4/8/1968,Washington DC,307687,8,Inactive,2021-02-24T14:40:33Z
rmancell7i,7/4/1975,Washington DC,935053,602,Active,2023-08-30T19:28:21Z
shyndes7j,7/23/1993,Nashville,888832,417,Active,2022-12-03T01:27:06Z
mbaroc7k,10/1/1952,Las Vegas,407232,973,Suspended,2023-06-18T04:36:53Z
rridings7l,6/11/1950,Charleston,554779,773,Suspended,2023-03-15T10:14:47Z
rdymond7m,1/21/1973,Philadelphia,507621,14,Active,2022-12-15T02:44:40Z
hcaddies7n,4/12/1997,New York,737339,61,Active,2022-12-26T22:31:17Z
mmcgeoch7o,7/8/1995,Salt Lake City,214113,468,Active,2022-06-01T16:14:48Z
bcristol7p,7/8/1974,Minneapolis,468359,657,Suspended,2022-09-26T02:58:08Z
corder7q,12/17/1996,New York,88993,773,Active,2021-07-01T03:34:40Z
cteek7r,6/8/1974,Los Angeles,484668,401,Inactive,2021-04-06T19:00:27Z
jbusek7s,10/19/1999,Nashville,48369,524,Inactive,2023-04-21T21:48:20Z
amclardie7t,6/22/1981,Washington DC,149981,858,Suspended,2022-06-29T10:49:02Z
mcasel7u,9/7/1986,New York,542515,80,Suspended,2023-06-27T17:54:21Z
awornum7v,7/16/1961,Chicago,746764,253,Active,2022-10-28T08:29:52Z
sbes7w,7/27/1993,Atlanta,90589,924,Suspended,2022-04-12T18:19:58Z
fcarmo7x,2/5/1961,Nashville,426727,424,Active,2022-02-02T12:17:59Z
mwalling7y,12/26/1968,Salt Lake City,834157,467,Active,2023-03-14T09:56:16Z
nivakhin7z,1/14/1960,Las Vegas,281848,972,Inactive,2023-09-21T11:24:12Z
cwillowby80,5/4/1956,Philadelphia,107462,157,Active,2023-05-29T19:04:37Z
ftwinborne81,6/10/1970,Houston,122733,556,Suspended,2021-09-17T20:10:39Z
lbraunds82,11/2/1967,Los Angeles,694773,161,Suspended,2022-12-28T21:51:22Z
kpulhoster83,8/20/1955,Philadelphia,229387,274,Suspended,2023-04-28T04:15:49Z
mguswell84,7/7/1991,Washington DC,259807,969,Inactive,2024-02-23T13:28:43Z
fdeeming85,9/12/2002,San Antonio,735591,857,Inactive,2023-07-15T01:26:25Z
bsibray86,3/4/1990,San Diego,569438,396,Active,2021-12-12T07:45:20Z
gunion87,1/14/1952,New York,285646,5,Suspended,2021-09-06T01:50:36Z
ecare88,3/17/1953,Boston,780655,300,Active,2023-02-13T17:36:53Z
wstrangman89,12/8/1956,Salt Lake City,43308,618,Inactive,2021-10-18T22:48:32Z
jkmicicki8a,1/10/1956,New Orleans,484140,841,Suspended,2022-10-17T06:32:37Z
kgoodlad8b,7/21/1966,Nashville,821910,957,Inactive,2021-11-22T17:37:16Z
dwilsher8c,3/11/1983,Austin,941073,604,Active,2022-07-22T02:37:28Z
fmesser8d,9/28/1990,Dallas,686877,124,Active,2022-10-05T10:44:13Z
jboulds8e,3/9/1961,Seattle,742676,826,Suspended,2022-02-19T04:17:35Z
lhackelton8f,3/19/1995,San Francisco,162169,239,Active,2022-09-09T00:15:17Z
crodinger8g,5/1/1999,San Diego,470211,969,Suspended,2023-10-09T08:35:51Z
jdansey8h,6/22/1997,Seattle,253678,300,Suspended,2021-02-05T06:58:39Z
beschalette8i,8/25/1994,Minneapolis,284737,611,Active,2021-04-27T01:18:33Z
areede8j,11/30/1992,Miami,915437,486,Suspended,2022-11-06T03:25:58Z
rwinterbotham8k,6/1/1995,Charleston,862156,926,Inactive,2022-06-12T10:02:57Z
ctrembey8l,9/21/1986,Houston,380243,139,Active,2023-09-10T02:12:47Z
mpinnington8m,7/8/1992,Atlanta,719701,234,Active,2022-10-07T19:42:57Z
cgwinnell8n,8/17/1967,Detroit,355875,804,Suspended,2024-01-15T02:14:58Z
jharby8o,5/17/1989,Chicago,54918,338,Suspended,2023-04-23T02:05:32Z
odecristofalo8p,7/2/1998,New Orleans,83931,580,Inactive,2022-10-08T08:11:41Z
mkalderon8q,7/24/1983,Salt Lake City,834049,677,Suspended,2023-10-22T21:12:18Z
bplose8r,9/9/1955,Miami,726690,992,Suspended,2023-02-24T20:09:21Z
cwathen8s,5/18/1957,Los Angeles,458159,973,Suspended,2021-01-23T09:06:50Z
fmasurel8t,6/5/1958,Minneapolis,700287,386,Suspended,2021-06-13T20:17:26Z
shanbury8u,6/17/1967,Houston,385865,277,Inactive,2024-01-28T10:03:45Z
dsawday8v,2/8/1977,Charleston,267927,166,Inactive,2023-01-21T02:04:05Z
lrowdell8w,1/14/1989,Honolulu,772851,734,Active,2021-05-08T08:08:47Z
mtrumper8x,3/10/1981,Washington DC,78025,427,Active,2024-01-05T14:47:28Z
jpashen8y,5/18/1980,San Antonio,537075,609,Suspended,2021-02-18T03:20:53Z
kwellington8z,5/21/1954,San Antonio,588647,890,Inactive,2023-11-12T07:16:00Z
pcoldwell90,1/1/1985,San Antonio,316046,612,Active,2022-07-28T23:41:39Z
adudley91,8/12/1993,Dallas,21645,109,Active,2022-07-10T02:25:03Z
bboxer92,7/30/1964,Nashville,742705,247,Suspended,2023-06-01T10:43:23Z
scorradengo93,8/31/1971,Los Angeles,940894,596,Suspended,2023-02-16T05:58:26Z
rolenchenko94,6/30/1988,Minneapolis,367890,423,Active,2022-09-16T19:05:31Z
wwinwood95,11/5/1981,San Antonio,226071,404,Suspended,2023-01-25T15:35:26Z
cmcgillivray96,7/7/1994,New Orleans,631998,319,Suspended,2023-06-27T06:34:08Z
sfrisel97,8/19/1964,Seattle,24721,897,Inactive,2021-05-24T21:51:42Z
zmcleary98,3/6/1980,San Diego,74487,523,Inactive,2022-07-11T10:21:46Z
hbrok99,11/20/1957,Dallas,57738,887,Active,2021-10-19T21:52:31Z
rpreene9a,1/31/1994,New Orleans,842298,219,Active,2022-04-23T02:56:04Z
tromanski9b,2/3/1961,Atlanta,545284,436,Inactive,2022-05-10T17:33:11Z
efearneley9c,10/20/1950,Atlanta,306291,555,Active,2024-01-24T12:41:18Z
tsavil9d,9/8/1959,Nashville,296750,175,Inactive,2023-09-11T07:11:27Z
krunham9e,11/30/2002,San Francisco,610844,589,Inactive,2022-10-06T11:07:30Z
bdougary9f,5/29/1996,San Diego,180506,678,Inactive,2022-12-11T20:20:23Z
vfeeny9g,3/22/1999,Dallas,331532,271,Inactive,2022-06-24T11:09:21Z
rshearmur9h,1/7/1965,Boston,54692,50,Active,2023-06-25T11:58:25Z
agoodin9i,8/31/1999,Seattle,619350,329,Suspended,2023-03-30T22:31:37Z
kneising9j,4/21/1957,Honolulu,478880,508,Suspended,2021-03-29T06:35:40Z
jfearfull9k,8/4/1980,New York,149402,763,Suspended,2024-02-15T09:59:32Z
btetlow9l,12/18/1969,Minneapolis,551482,840,Inactive,2021-08-26T08:17:30Z
clangabeer9m,10/17/1978,San Francisco,97823,11,Inactive,2021-07-25T00:36:22Z
mrance9n,8/19/1964,Chicago,832033,88,Suspended,2022-09-29T09:37:55Z
gbysh9o,9/1/1951,San Antonio,48010,621,Active,2021-02-22T07:51:23Z
afiske9p,7/27/1969,Dallas,21774,835,Suspended,2021-12-16T04:31:56Z
hgasnoll9q,1/8/1973,Chicago,526753,951,Active,2023-01-23T01:16:06Z
mclines9r,2/14/1979,Honolulu,939083,318,Active,2023-06-15T04:57:22Z
bbullus9s,3/1/1959,Houston,806047,722,Inactive,2023-10-18T11:22:58Z
cpetrello9t,10/21/1981,San Francisco,545636,63,Suspended,2021-04-09T16:56:01Z
wpallent9u,12/22/1963,Houston,432621,882,Active,2021-12-20T11:23:11Z
nyeudall9v,11/10/1975,Atlanta,391176,963,Active,2021-09-04T02:20:48Z
dlackner9w,1/25/1988,Austin,381121,847,Active,2021-02-20T06:44:51Z
dgirsch9x,1/13/1987,Nashville,789936,550,Inactive,2022-04-11T10:07:33Z
kstenyng9y,4/23/1986,San Antonio,530555,861,Active,2023-07-24T17:40:43Z
dpracy9z,2/8/1994,San Francisco,91006,512,Active,2022-09-23T17:42:38Z
caugustea0,11/24/1988,Orlando,983623,393,Active,2022-08-24T17:32:11Z
emcinilitya1,3/14/1985,Houston,607031,802,Inactive,2021-02-27T03:56:21Z
halchina2,1/15/1985,Detroit,37828,666,Inactive,2021-04-12T05:08:16Z
goakenfulla3,1/26/1969,Denver,108773,927,Active,2021-11-26T06:03:52Z
kpapaminasa4,6/25/1981,Boston,96977,77,Suspended,2021-06-29T22:24:15Z
pzannollia5,5/25/1962,Houston,59820,945,Active,2022-10-24T07:02:27Z
awraya6,6/26/2002,Denver,240803,624,Active,2021-08-03T07:24:02Z
sbernia7,8/28/1973,San Diego,380283,629,Active,2022-03-07T21:58:49Z
bscrinagea8,2/10/1970,Nashville,539870,147,Suspended,2022-02-17T00:09:41Z
htyma9,5/3/1981,Atlanta,78595,651,Inactive,2021-09-23T04:32:56Z
jkeeaa,9/10/1959,Boston,252876,95,Active,2023-07-26T07:51:59Z
fsingsab,9/29/1973,San Diego,768460,324,Inactive,2023-06-13T19:51:54Z
dducrowac,1/25/1960,Chicago,241143,176,Suspended,2021-05-20T09:10:22Z
lsmithersad,6/6/1993,Philadelphia,902597,145,Suspended,2023-12-27T06:46:00Z
flottae,10/18/1964,Detroit,948503,931,Inactive,2021-10-23T10:20:28Z
cfawsonaf,7/24/1991,Boston,785863,344,Inactive,2023-05-31T11:17:29Z
jdunkleyag,4/28/1987,Charleston,532228,712,Inactive,2023-08-19T10:44:47Z
tcafeah,8/16/1956,Miami,393193,742,Inactive,2021-04-19T16:33:24Z
ttrebbleai,6/4/1961,Chicago,267848,855,Active,2023-09-28T18:20:38Z
ccaneyaj,8/4/1968,Los Angeles,419309,339,Inactive,2021-02-19T11:25:17Z
breganak,5/17/1983,New York,887597,683,Inactive,2022-09-07T23:18:52Z
hroblettal,6/20/1983,Honolulu,849799,458,Active,2021-01-22T07:01:35Z
kfawcittam,6/9/1955,Austin,401070,146,Suspended,2021-12-21T08:49:44Z
erubinovitchan,7/12/1981,Austin,360841,394,Suspended,2024-01-28T12:07:54Z
telderao,1/16/1979,Honolulu,85145,265,Inactive,2022-03-20T10:42:04Z
nmccormickap,11/5/1986,Los Angeles,70429,402,Inactive,2023-07-22T06:32:14Z
jgilliseaq,7/5/1967,San Francisco,939870,677,Active,2023-12-21T20:06:06Z
ahassardar,11/17/1973,San Diego,629403,540,Active,2021-11-29T05:03:50Z
hpennellas,1/31/1953,Dallas,94275,283,Active,2022-08-24T01:31:52Z
jbyrdeat,10/25/1972,Boston,292207,73,Suspended,2022-10-20T11:37:52Z
ahirschau,10/21/1992,San Diego,76828,465,Active,2022-03-09T22:19:43Z
hasprayav,1/18/1968,Los Angeles,548429,439,Active,2024-02-06T10:29:18Z
irauaw,10/27/1959,San Antonio,953938,915,Active,2023-07-25T13:22:24Z
rfrancaisax,11/2/1953,San Francisco,387763,654,Active,2023-06-04T18:45:38Z
jzelneray,4/7/1977,Dallas,905956,53,Active,2022-03-26T17:06:20Z
mbrettelaz,1/27/1970,Detroit,980978,450,Inactive,2023-10-29T04:58:13Z
gmouldenb0,6/19/2002,Honolulu,710590,733,Suspended,2023-06-18T10:04:12Z
abarnhamb1,8/12/1990,Boston,953582,978,Inactive,2024-01-23T06:57:00Z
cfayerb2,1/16/1958,San Antonio,33878,818,Inactive,2021-11-27T00:12:52Z
jcatonneb3,5/31/1952,Houston,207541,602,Suspended,2022-03-05T22:44:03Z
bgronallerb4,4/4/1998,Atlanta,56783,705,Suspended,2023-12-18T06:06:40Z
vriglarb5,2/27/1983,Los Angeles,708300,780,Suspended,2021-07-28T23:12:58Z
scattenachb6,2/8/1984,San Diego,603127,613,Suspended,2023-03-31T05:34:05Z
thawkeswoodb7,11/25/1985,Miami,564981,71,Suspended,2024-01-24T17:46:54Z
rschulkinsb8,4/11/1993,Boston,855931,728,Suspended,2024-01-30T23:40:03Z
tchallaceb9,11/20/1969,San Diego,193932,131,Suspended,2021-04-29T07:30:21Z
lboyfordba,3/16/1998,Charleston,620575,78,Active,2021-06-21T19:25:06Z
mlawrencebb,3/12/2001,Salt Lake City,782207,680,Suspended,2023-03-06T18:03:16Z
ggascoignebc,12/2/1986,Denver,655499,208,Suspended,2021-03-11T05:00:03Z
mdedmanbd,4/6/1975,Boston,564475,289,Inactive,2022-09-14T03:37:32Z
walbrightonbe,5/11/1984,Boston,432378,634,Inactive,2022-02-19T16:20:33Z
lhabberjambf,4/28/1996,Charleston,202356,204,Active,2022-06-30T21:05:44Z
cpiotrowskibg,6/13/1957,Philadelphia,6178,396,Suspended,2023-03-29T02:07:26Z
avaughtonbh,10/26/1984,San Antonio,900533,134,Suspended,2023-03-31T18:21:10Z
tbeethambi,1/28/1952,Atlanta,6997,651,Active,2021-03-16T15:28:21Z
lgosnollbj,10/23/1972,Minneapolis,874713,964,Inactive,2021-05-24T11:12:01Z
jguidonibk,5/7/1978,Denver,704170,954,Active,2021-06-19T00:58:03Z
nmaleneybl,11/6/1995,Miami,973429,519,Suspended,2021-12-04T08:21:58Z
ftofanellibm,10/22/1991,Seattle,258920,713,Active,2021-01-20T11:38:47Z
tchristmasbn,7/13/1950,New York,742679,626,Active,2021-11-20T15:31:55Z
abuxsybo,11/2/1987,Philadelphia,551607,731,Inactive,2022-05-12T04:36:42Z
pmixturebp,4/5/1987,Chicago,190820,67,Inactive,2023-07-12T12:58:31Z
cfulkesbq,3/28/1982,Charleston,177781,389,Suspended,2022-09-26T14:50:05Z
aroystonbr,12/4/1972,Washington DC,181548,868,Suspended,2021-07-07T05:16:28Z
gpratleybs,6/23/1979,Philadelphia,758484,997,Active,2024-01-15T02:46:07Z
ewinscumbt,3/29/1956,Detroit,91254,863,Suspended,2024-01-15T15:24:57Z
ghauxwellbu,6/14/1971,Detroit,90914,282,Suspended,2024-02-26T00:15:01Z
clardezbv,12/14/1998,Denver,224858,353,Inactive,2022-12-10T10:42:53Z
sandrickbw,11/10/1983,Salt Lake City,675800,747,Active,2022-02-16T17:55:39Z
djaunceybx,8/13/1958,Charleston,723293,433,Suspended,2024-01-01T02:04:33Z
wolkowiczby,12/1/2002,New Orleans,64459,613,Active,2022-11-25T20:42:32Z
gdrysdellbz,10/22/1995,San Francisco,253707,579,Active,2022-12-20T14:44:51Z
ewattinhamc0,3/5/1961,New York,974325,472,Inactive,2023-04-11T09:43:43Z
cridesc1,2/9/1981,Orlando,434086,82,Suspended,2021-05-14T22:10:39Z
bpappsc2,4/19/1997,Atlanta,504518,117,Suspended,2023-11-19T12:55:08Z
sjansonc3,7/15/1951,Washington DC,954977,66,Inactive,2024-01-30T14:27:48Z
dcortesec4,9/10/1998,Detroit,512101,625,Inactive,2023-08-22T22:35:05Z
cferrerc5,4/30/1975,San Diego,397089,828,Inactive,2021-10-18T15:45:56Z
eblaksleyc6,7/16/1956,Nashville,351238,593,Inactive,2021-03-17T09:37:59Z
mfladec7,7/30/1977,Washington DC,233183,832,Active,2022-06-12T07:19:57Z
aseiterc8,10/5/1978,Philadelphia,236206,6,Inactive,2022-10-15T08:47:07Z
singhamc9,9/28/1983,Salt Lake City,932240,794,Inactive,2021-03-20T13:26:21Z
pchatenetca,12/18/1969,Las Vegas,304952,67,Active,2023-03-29T05:36:58Z
bdeathcb,8/5/2002,Philadelphia,996975,406,Suspended,2024-01-22T15:15:59Z
agraysoncc,2/19/1979,Miami,837216,63,Inactive,2023-09-08T22:29:20Z
bhannecd,6/29/1962,Atlanta,611045,561,Suspended,2022-12-29T01:27:57Z
mbingce,2/1/1983,Austin,310683,441,Suspended,2021-07-13T02:58:31Z
bdransfieldcf,3/3/1991,Las Vegas,431444,178,Active,2021-12-20T03:49:11Z
ebootymancg,1/12/1979,Houston,613696,395,Inactive,2022-11-06T22:25:02Z
gmerrillch,9/30/1959,New Orleans,535766,327,Inactive,2021-10-16T08:30:54Z
kmccueci,2/26/1960,Philadelphia,815948,264,Inactive,2022-08-05T16:32:09Z
ehayescj,6/7/1967,Chicago,345401,725,Suspended,2023-06-09T01:25:32Z
cbilsfordck,5/8/1977,Charleston,887138,218,Inactive,2022-08-10T08:46:33Z
egandrichcl,6/3/1961,Minneapolis,348439,118,Inactive,2021-10-03T21:04:03Z
kpiborncm,2/20/1997,Seattle,412294,357,Suspended,2022-01-21T10:07:27Z
nmcquorkellcn,3/1/1963,Los Angeles,402555,359,Active,2022-12-21T21:07:40Z
mblaikco,8/15/1976,Austin,843563,47,Suspended,2021-11-13T16:35:53Z
egabbatcp,3/5/1977,Las Vegas,89086,952,Suspended,2022-12-31T19:04:13Z
krigebycq,11/20/2002,New York,661118,678,Active,2023-04-30T03:50:24Z
mboughtoncr,5/13/1985,Salt Lake City,494851,499,Suspended,2021-06-13T01:56:43Z
cpettcs,9/7/1985,Dallas,15669,806,Inactive,2022-07-23T22:33:09Z
srennockct,3/30/1965,New Orleans,35356,166,Active,2021-11-11T00:51:06Z
dstudcu,8/12/1980,Las Vegas,182373,421,Inactive,2022-10-13T10:55:15Z
ttittcv,1/2/1987,Orlando,146651,116,Active,2023-08-01T11:53:32Z
bdabbscw,9/6/1988,San Antonio,939167,711,Inactive,2022-04-15T11:17:55Z
ltruckellcx,4/17/1982,Atlanta,646362,937,Inactive,2022-12-30T20:52:42Z
gwinsorcy,11/6/1951,New York,401138,392,Suspended,2022-06-15T00:07:27Z
kbalderstonecz,3/25/1980,Seattle,565291,820,Suspended,2022-06-02T05:55:43Z
kgartelld0,4/10/1965,Seattle,783301,565,Active,2023-04-15T15:34:48Z
cexerd1,8/5/1972,Salt Lake City,268302,630,Active,2022-08-02T05:48:10Z
vclemittd2,6/19/1967,Austin,108731,783,Inactive,2021-07-19T04:07:44Z
ebomed3,8/30/1951,Nashville,554657,819,Inactive,2021-07-18T11:01:39Z
amilksopd4,12/14/2001,Nashville,832961,407,Inactive,2022-08-11T20:17:52Z
lcornnerd5,9/23/1970,Chicago,785045,398,Suspended,2023-03-14T01:32:00Z
jlongleyd6,10/8/1968,Houston,166869,15,Inactive,2022-01-28T06:16:28Z
cshafierd7,6/13/1964,Charleston,534094,119,Active,2022-12-27T00:21:31Z
jsunshined8,10/5/1976,Seattle,711802,19,Active,2023-12-28T07:16:20Z
apatrickd9,3/28/1983,Los Angeles,867180,635,Active,2021-12-14T23:15:03Z
ajanuszewiczda,12/13/1975,Los Angeles,369487,778,Active,2022-12-01T13:05:54Z
usiggeedb,8/27/1950,Houston,842800,36,Active,2024-01-11T23:38:25Z
sdictusdc,12/25/1987,Detroit,425237,330,Inactive,2023-06-22T06:54:28Z
pmanskedd,10/4/1952,New York,775914,106,Inactive,2023-06-01T10:57:49Z
glawtherde,12/14/2002,Minneapolis,168095,462,Active,2022-06-07T20:07:34Z
lskoofdf,10/6/1989,Seattle,44735,691,Suspended,2022-11-05T22:15:46Z
cescudierdg,5/3/1993,San Diego,440207,106,Suspended,2021-01-25T22:12:03Z
ccostelloedh,4/22/1961,Denver,729872,345,Inactive,2023-06-19T11:08:24Z
pdesportdi,3/16/1958,Miami,965619,185,Suspended,2022-05-24T08:44:56Z
mkyberddj,5/14/1966,San Antonio,226467,343,Inactive,2021-01-16T19:16:08Z
elillgarddk,12/21/1967,Washington DC,690978,374,Suspended,2023-07-17T04:09:06Z
dcolamdl,8/9/1974,Austin,793277,101,Inactive,2023-10-26T03:31:20Z
mmedlanddm,2/16/1985,Honolulu,510835,384,Suspended,2023-03-23T20:08:33Z
fbockhdn,3/3/1968,Charleston,961335,996,Inactive,2022-08-20T13:07:16Z
mespydo,8/12/1984,Chicago,427479,338,Inactive,2021-01-13T20:49:19Z
smacphaildp,5/13/1987,New Orleans,429583,594,Active,2023-02-25T07:00:12Z
rgreatheaddq,11/13/1960,Dallas,406565,321,Suspended,2023-07-17T11:00:37Z
ibalchindr,9/10/1958,San Francisco,845876,814,Active,2022-01-28T11:05:17Z
fpiersds,5/19/1970,New Orleans,489656,55,Active,2022-05-08T12:26:14Z
aupexdt,1/29/1952,Honolulu,896719,940,Suspended,2023-09-09T07:19:03Z
mseebrightdu,10/15/1961,Miami,988026,884,Active,2024-01-01T01:34:16Z
gsalkelddv,9/22/1998,Chicago,213086,156,Inactive,2022-10-09T07:45:36Z
rgammettdw,10/18/1995,Los Angeles,947050,280,Suspended,2023-03-02T16:29:27Z
kgoutcherdx,8/25/1986,Miami,555692,548,Inactive,2024-01-28T17:49:36Z
kmcandrewdy,1/28/1954,Houston,772145,937,Active,2022-12-15T18:39:28Z
gthormanndz,12/6/1960,Charleston,608926,62,Active,2023-05-12T02:20:36Z
crennocke0,2/12/1981,Charleston,611461,850,Active,2021-04-22T22:38:47Z
dbettisone1,10/21/1971,Seattle,713203,645,Inactive,2021-08-30T06:42:21Z
eshillakere2,8/27/1971,Orlando,494242,314,Suspended,2023-05-19T00:35:39Z
wcosgrye3,1/3/1997,Minneapolis,212286,979,Inactive,2021-12-11T08:28:43Z
hluffmane4,5/6/1984,Orlando,530091,988,Suspended,2022-07-31T11:20:44Z
jpoonee5,1/13/1956,Boston,314204,438,Suspended,2021-10-17T20:04:00Z
jjeanneaue6,2/14/1990,Honolulu,159435,255,Active,2023-01-26T05:46:44Z
mridde7,8/17/1960,Seattle,604728,434,Active,2022-07-10T22:25:38Z
kferniee8,3/7/1977,Orlando,474728,343,Suspended,2022-10-17T18:00:25Z
rrayee9,6/27/1975,New Orleans,400578,218,Suspended,2022-01-29T18:51:50Z
cklinkea,1/8/1962,Miami,703581,111,Suspended,2022-11-17T05:04:39Z
emaccartereb,12/23/1984,Philadelphia,123746,790,Suspended,2022-04-20T00:26:34Z
dskyppeec,2/19/1969,Los Angeles,155470,864,Suspended,2021-10-20T10:55:21Z
asommerlyed,2/14/1959,Chicago,245326,669,Suspended,2022-01-21T12:40:08Z
rpateee,10/16/1972,Salt Lake City,718573,342,Suspended,2023-04-24T12:10:40Z
gschoenrockef,5/3/1999,Nashville,40849,566,Inactive,2022-06-18T09:31:24Z
apoundesfordeg,11/29/1958,Houston,874917,942,Inactive,2024-03-14T12:44:59Z
ddraysoneh,1/28/1956,Boston,841144,471,Suspended,2021-05-21T16:29:24Z
mcrumpei,11/8/1964,New Orleans,912843,345,Inactive,2022-02-10T12:19:23Z
zwixonej,6/12/1961,Orlando,204612,229,Active,2022-09-03T20:41:37Z
bdarbenek,8/15/1970,New Orleans,543053,0,Suspended,2023-05-23T01:34:16Z
ostraunel,9/9/1987,Houston,456562,309,Inactive,2021-08-12T05:22:38Z
gdulyem,9/20/1957,Austin,376931,373,Suspended,2024-02-15T22:54:29Z
ibarltropen,12/28/1988,Salt Lake City,147965,717,Suspended,2024-01-16T15:51:26Z
ywinduseo,11/2/1996,San Francisco,845734,674,Inactive,2021-01-24T18:58:00Z
adrysdellep,1/1/1954,San Diego,770806,717,Suspended,2023-11-03T23:59:24Z
eingleeq,4/27/1995,Nashville,727486,641,Active,2021-11-10T23:43:42Z
fpatshuller,9/2/1984,Los Angeles,511446,146,Active,2021-09-29T02:38:41Z
gsrawleyes,12/6/1972,Washington DC,753706,813,Active,2023-12-20T01:03:22Z
gkrauzeet,2/2/1997,Austin,853614,156,Suspended,2023-12-24T12:40:12Z
emuehlereu,4/19/1978,Charleston,193952,961,Active,2023-05-04T11:11:10Z
bdenverev,12/3/1988,Dallas,506851,146,Inactive,2021-01-29T21:17:08Z
hkesperew,2/23/1975,San Antonio,221673,486,Active,2023-08-13T07:28:51Z
lhircheex,6/24/1957,Salt Lake City,225080,776,Suspended,2021-09-05T21:17:41Z
cnoelley,1/1/1993,San Francisco,7775,190,Inactive,2021-03-02T10:21:48Z
hloweez,8/31/1961,Orlando,600250,804,Inactive,2023-11-08T01:31:23Z
mdodingf0,3/31/1981,Philadelphia,252769,553,Suspended,2021-06-06T08:19:36Z
ktolwoodf1,7/18/1983,New York,232829,5,Suspended,2022-07-21T14:21:03Z
ctinsleyf2,11/17/1951,Austin,976253,789,Active,2022-03-13T09:06:09Z
hsparkef3,11/29/1977,Minneapolis,124422,179,Inactive,2022-03-26T16:49:37Z
nriglerf4,11/23/1958,New Orleans,134430,420,Active,2022-12-19T03:12:14Z
tbrickhamf5,5/10/1982,Orlando,680076,414,Inactive,2022-10-06T08:46:47Z
ahuglif6,6/7/1960,San Francisco,179499,706,Inactive,2023-02-07T11:45:28Z
sroughanf7,5/16/1955,Orlando,556147,580,Inactive,2023-09-28T11:19:06Z
jrutgersf8,7/18/1995,Chicago,628188,276,Inactive,2021-09-27T10:47:37Z
edoylandf9,6/13/1969,Denver,279220,198,Suspended,2022-01-05T05:04:29Z
rcunradifa,8/26/1990,Philadelphia,364597,413,Suspended,2023-01-14T13:51:55Z
tpestrickefb,2/27/1988,Philadelphia,826512,796,Suspended,2022-05-09T04:27:32Z
tkinseyfc,12/17/1983,Orlando,856273,807,Suspended,2022-05-23T04:56:22Z
mbrosterfd,4/26/1995,Nashville,967396,31,Active,2023-01-30T03:18:00Z
mbilbyfe,6/8/1994,San Diego,870547,913,Inactive,2022-06-01T11:55:20Z
kskuleff,4/4/1966,Seattle,669233,566,Active,2021-11-21T00:58:52Z
tmandryfg,5/20/1995,Austin,134160,161,Active,2022-09-01T23:24:29Z
mfilippuccifh,6/23/1959,Honolulu,608877,332,Active,2022-02-25T22:08:01Z
ghackerfi,6/21/2001,San Diego,375259,734,Active,2023-05-13T15:01:37Z
mblaschkefj,12/29/1950,New Orleans,999274,751,Inactive,2021-05-19T05:49:33Z
ltaylderfk,10/2/1993,Minneapolis,673144,366,Active,2023-01-17T22:36:47Z
scoucherfl,7/8/1980,Charleston,726655,550,Inactive,2024-01-23T10:07:57Z
munworthfm,11/30/1996,Atlanta,82041,226,Suspended,2022-10-03T04:15:46Z
hjennofn,12/18/1958,New York,933801,428,Active,2022-06-24T00:47:34Z
frummingfo,9/1/1954,Houston,294937,256,Active,2023-11-14T01:19:00Z
jdoalefp,6/24/1997,Chicago,166713,308,Active,2022-09-16T03:46:48Z
mrossifq,2/12/1965,Philadelphia,98520,262,Suspended,2021-08-14T07:41:12Z
mhandoverfr,8/15/1986,Charleston,288039,239,Inactive,2022-09-07T07:12:21Z
ekastingfs,10/14/1981,Chicago,747987,290,Inactive,2023-07-27T02:13:14Z
mboydonft,1/18/1977,Philadelphia,501315,112,Active,2021-03-26T11:17:45Z
cshawellfu,1/9/1977,San Francisco,808620,818,Suspended,2022-09-06T12:18:20Z
nvaszolyfv,3/21/1951,Nashville,186728,879,Suspended,2021-12-22T11:59:42Z
swistancefw,12/8/1996,Austin,256627,992,Inactive,2021-12-16T14:09:07Z
hbatiefx,2/6/2001,Detroit,317431,583,Inactive,2022-03-20T08:15:48Z
lwilcinskisfy,5/28/1978,Atlanta,879887,271,Suspended,2022-08-09T19:07:32Z
hgoldsbroughfz,10/24/1950,Washington DC,906219,481,Suspended,2021-11-09T04:29:22Z
smarmyong0,11/10/1965,Seattle,615640,426,Inactive,2023-03-02T11:10:40Z
mbootyg1,2/2/1985,Miami,440372,802,Inactive,2021-04-14T15:46:44Z
jvearg2,12/27/1985,Orlando,91330,383,Inactive,2023-10-30T09:17:51Z
bmatchettg3,8/5/1987,Las Vegas,606666,150,Active,2021-11-11T06:41:27Z
gdrustg4,2/11/1991,Charleston,955005,793,Suspended,2022-05-06T04:47:59Z
hkelshawg5,4/25/1964,Las Vegas,321837,602,Inactive,2021-07-31T21:54:54Z
lmclauchling6,9/25/1976,Minneapolis,309858,554,Inactive,2023-10-19T03:23:20Z
ddoeyg7,12/30/1951,San Diego,574176,340,Active,2022-04-14T03:32:31Z
elottringtong8,5/23/1999,Honolulu,939420,399,Suspended,2023-11-18T10:48:24Z
nfeethamg9,12/1/1953,Miami,531490,694,Inactive,2023-01-16T20:01:41Z
hsexceyga,12/31/1992,Denver,970301,410,Suspended,2021-06-22T03:07:21Z
streadgallgb,4/18/1960,Denver,573979,560,Inactive,2023-07-31T23:28:45Z
apapworthgc,12/14/1989,Nashville,575975,103,Active,2022-02-13T16:52:55Z
kmargerrisongd,3/10/1966,Detroit,304613,70,Inactive,2023-03-31T04:36:52Z
cmaudge,9/27/1958,Los Angeles,2864,43,Suspended,2022-01-21T11:37:47Z
rneliusgf,11/20/1955,Austin,252005,36,Suspended,2021-09-02T23:39:36Z
rbolangg,11/2/1981,Minneapolis,534543,488,Suspended,2023-04-05T11:52:38Z
nmccrackemgh,8/22/1963,Honolulu,256207,772,Suspended,2024-02-17T14:05:54Z
xniscogi,2/17/1981,New York,979981,898,Active,2022-03-14T10:38:26Z
fchasengj,2/14/1983,Nashville,782748,459,Suspended,2023-04-26T23:32:26Z
ncoutthartgk,3/19/1972,Austin,294130,549,Suspended,2023-06-10T00:04:21Z
vricardougl,3/9/1962,Las Vegas,662427,129,Inactive,2023-08-04T18:05:15Z
mbellelligm,10/17/1998,Los Angeles,726222,306,Active,2022-02-08T11:09:06Z
khradskygn,2/12/1973,New Orleans,282488,835,Active,2022-03-07T19:54:01Z
dwoolandgo,12/22/1951,Washington DC,589275,233,Active,2021-01-13T12:07:57Z
dbriancegp,2/17/1990,Los Angeles,228379,262,Inactive,2022-02-02T03:21:44Z
tconnollygq,1/12/1983,Salt Lake City,453140,38,Active,2022-06-06T10:11:41Z
fleguaygr,2/8/1980,Austin,771149,701,Inactive,2021-11-23T21:36:02Z
spenneygs,1/7/1998,Orlando,534791,73,Active,2021-02-03T03:33:01Z
dbrahamsgt,10/31/1977,Detroit,773573,223,Suspended,2023-06-05T00:57:40Z
ybricklebankgu,6/16/1994,San Diego,216029,508,Suspended,2022-04-06T08:51:11Z
rmichellgv,3/24/1950,Los Angeles,731459,116,Active,2021-06-16T00:13:07Z
eselwingw,7/19/1994,San Francisco,634264,995,Suspended,2022-05-23T17:16:15Z
mhounihangx,8/7/2000,New Orleans,476269,903,Suspended,2023-07-25T04:58:41Z
ccheynegy,9/9/1997,Washington DC,335809,861,Active,2022-05-30T06:36:19Z
hgildinggz,11/22/1971,San Antonio,376172,409,Active,2024-03-20T03:52:48Z
kmockesh0,8/6/1955,Minneapolis,464545,238,Active,2022-09-29T20:19:57Z
japfelh1,10/13/1965,San Francisco,627532,845,Active,2021-07-22T23:00:04Z
hriefh2,3/27/1999,New York,497613,777,Inactive,2023-03-09T14:07:58Z
rshillomh3,3/28/1961,Washington DC,531639,433,Inactive,2021-12-12T17:12:45Z
cbuckwellh4,3/15/1980,New York,689949,424,Active,2021-04-28T14:20:46Z
jgregorowiczh5,11/9/1993,Nashville,349352,747,Active,2022-12-25T15:07:16Z
jupcotth6,5/13/1972,Detroit,246989,719,Suspended,2024-02-16T11:45:39Z
aterbruggeh7,9/28/1951,Nashville,543343,949,Suspended,2022-10-30T05:06:49Z
apatmanh8,10/10/1975,Austin,901765,441,Active,2022-08-24T20:05:10Z
cadawayh9,10/11/1964,Atlanta,791978,791,Suspended,2022-10-26T13:56:57Z
lnapoleonha,6/13/1989,Miami,382095,430,Inactive,2023-04-07T19:14:20Z
lswadlingehb,1/11/2002,Dallas,910978,742,Inactive,2022-10-17T14:14:43Z
allewellynhc,3/7/1976,New York,851525,564,Inactive,2024-03-04T06:33:02Z
nformanhd,8/29/1972,Dallas,226860,365,Active,2022-03-05T08:22:36Z
ypashehe,4/8/1961,Nashville,780562,923,Active,2023-06-09T03:15:48Z
fmanvellhf,7/19/1972,Los Angeles,936933,706,Inactive,2023-05-01T21:04:55Z
gmarietonhg,10/18/1959,Boston,258959,395,Inactive,2022-07-18T08:43:20Z
mtakshh,8/13/1998,Los Angeles,182759,402,Inactive,2021-06-22T06:59:21Z
gpavlovhi,9/26/1999,Boston,578635,193,Inactive,2022-07-25T08:41:16Z
nabramihj,3/15/1990,Orlando,834128,927,Suspended,2022-09-04T17:38:22Z
ktaggetthk,8/16/1977,New Orleans,412671,200,Active,2022-12-11T12:24:00Z
rblackethl,8/8/1959,New Orleans,362921,514,Active,2022-01-14T21:57:10Z
erowcliffehm,6/12/1977,Dallas,48930,441,Suspended,2023-02-20T01:42:49Z
nstarmorehn,3/28/1966,Denver,512728,338,Active,2022-09-24T21:36:35Z
gcaleho,9/8/1970,New Orleans,561368,897,Inactive,2023-08-05T04:53:13Z
brotherahp,10/3/1965,Dallas,452554,104,Inactive,2021-11-18T12:56:59Z
amallinarhq,7/9/1974,Atlanta,253760,804,Suspended,2021-08-14T22:09:08Z
hcuddihyhr,4/28/1976,Denver,149628,676,Suspended,2021-09-25T17:16:53Z
sbortolottihs,12/8/1957,Detroit,419888,773,Active,2022-06-14T16:47:38Z
lscatcharht,8/6/1998,Austin,475308,389,Inactive,2023-11-07T18:47:13Z
hmcgaviganhu,10/21/1984,Honolulu,147395,324,Inactive,2021-02-08T06:58:38Z
cdesmondhv,10/11/1962,Charleston,510002,917,Inactive,2022-02-04T03:31:22Z
pcregganhw,5/23/1974,Las Vegas,351267,137,Active,2022-10-26T12:34:12Z
blagdehx,1/28/1982,Boston,441902,887,Suspended,2023-09-01T08:26:50Z
gbergethy,4/27/1976,Boston,699689,570,Suspended,2022-10-20T05:30:53Z
apettetthz,7/14/1993,Charleston,687404,854,Suspended,2021-06-13T20:26:21Z
abilyardi0,2/26/1956,Denver,61363,791,Suspended,2023-07-10T03:03:26Z
dgomeryi1,12/13/1967,Chicago,553119,787,Active,2021-09-25T11:59:54Z
okillineri2,1/2/1957,New York,459367,410,Suspended,2022-07-27T00:19:06Z
egritskovi3,8/5/1995,San Francisco,829432,983,Inactive,2021-05-21T02:17:17Z
aspirai4,4/8/1985,New Orleans,548165,685,Suspended,2023-03-17T20:58:07Z
elooneyi5,6/1/1952,Austin,912533,628,Inactive,2023-11-20T09:03:09Z
fdymocki6,10/10/1974,Austin,482760,728,Suspended,2023-08-17T11:51:38Z
dbrogiottii7,4/28/1955,New York,995277,624,Inactive,2022-03-08T05:00:52Z
rpatisi8,6/3/1962,Orlando,612944,859,Inactive,2023-02-28T15:31:47Z
eoleszcuki9,8/31/2001,Detroit,968605,377,Active,2022-01-26T20:23:02Z
wjandakia,9/9/1953,Miami,532660,887,Inactive,2023-06-02T05:11:41Z
lwaggeib,7/1/1962,Austin,854325,906,Inactive,2021-08-16T15:48:45Z
rsealeyic,2/22/1995,Philadelphia,687019,268,Active,2022-11-21T06:59:43Z
amaccolmid,4/12/1990,Atlanta,894860,437,Suspended,2022-10-01T15:43:34Z
tdunwoodyie,9/24/1957,Philadelphia,353284,20,Suspended,2021-04-26T03:27:56Z
cchessellif,5/1/1986,Charleston,374133,442,Active,2022-06-16T08:36:37Z
bharrellig,2/25/1972,Seattle,532307,889,Suspended,2023-02-03T15:37:38Z
ablakesleeih,12/5/1968,Honolulu,898499,89,Suspended,2022-12-07T13:11:06Z
jcorsellesii,1/10/1971,Minneapolis,418131,722,Active,2023-08-21T22:06:59Z
pburdekinij,5/25/1975,Detroit,137864,196,Suspended,2022-07-26T21:13:36Z
jjanzik,3/3/1950,Washington DC,445919,605,Inactive,2023-08-18T05:47:35Z
ddawesil,2/21/1980,Austin,630523,790,Active,2021-01-07T07:51:24Z
eeamerim,4/10/1955,Dallas,811315,358,Active,2021-05-05T17:20:37Z
otortin,12/9/1976,San Francisco,801959,216,Inactive,2021-09-19T05:51:59Z
ksheweryio,2/15/1952,Las Vegas,993048,788,Suspended,2022-06-11T07:42:22Z
mtrunchionip,10/2/1966,Nashville,94288,190,Active,2021-09-23T19:29:43Z
ydelloiq,4/21/1952,Houston,705837,390,Active,2021-07-25T01:59:20Z
chatcliffeir,10/7/1967,Detroit,184936,710,Active,2023-12-22T00:50:29Z
sgrogonais,3/13/1954,Los Angeles,301478,973,Active,2021-12-01T21:53:40Z
kstanderingit,9/1/2002,Salt Lake City,974456,276,Inactive,2022-03-03T07:51:49Z
cwillsheariu,4/8/1963,Dallas,377552,261,Suspended,2023-10-19T19:44:11Z
ahaysmaniv,4/22/1960,Honolulu,716489,191,Inactive,2021-07-14T12:42:46Z
rmcdunlevyiw,9/9/1952,New York,118127,103,Inactive,2022-01-16T07:59:54Z
kkilloughix,2/11/1958,Chicago,916870,681,Suspended,2023-09-27T16:58:22Z
ibrightiy,5/16/1953,Washington DC,195745,931,Active,2023-03-23T11:29:53Z
vsummerladiz,2/26/1992,Chicago,916174,958,Active,2021-02-03T13:56:34Z
vsewallj0,1/2/1953,Austin,114783,843,Inactive,2022-01-31T21:09:22Z
bfrickeyj1,8/8/1994,San Diego,556013,716,Suspended,2021-03-10T21:16:01Z
kmelvinj2,1/19/1960,Washington DC,238402,275,Suspended,2021-11-28T19:01:42Z
gsyddallj3,2/22/2001,Atlanta,108857,504,Suspended,2021-05-22T08:44:15Z
qsheildsj4,8/29/1955,San Antonio,101982,665,Inactive,2023-05-14T14:47:34Z
ppirreyj5,10/17/1985,Las Vegas,703295,189,Suspended,2022-03-19T22:45:49Z
mjaradj6,10/31/1984,New York,205527,594,Inactive,2022-01-31T11:31:05Z
jbohlsenj7,7/12/1987,New York,416814,269,Suspended,2024-03-06T01:12:03Z
acaddiesj8,12/23/1956,Seattle,728205,847,Suspended,2023-03-27T01:24:26Z
lbehninckj9,10/9/1981,Denver,263456,376,Suspended,2021-07-31T15:16:26Z
narnholtzja,5/25/2001,Washington DC,630477,842,Active,2022-06-06T01:18:31Z
dlaphamjb,12/2/1971,Dallas,36868,77,Suspended,2021-03-27T13:20:06Z
cfrapwelljc,10/30/2001,Washington DC,143068,216,Inactive,2021-08-08T17:02:32Z
gkerkhamjd,3/13/1961,San Francisco,243128,197,Inactive,2023-02-03T05:31:19Z
sdewdneyje,9/18/1987,San Diego,880430,603,Active,2022-10-30T12:57:43Z
hmeugensjf,8/30/2000,Austin,438705,201,Suspended,2021-11-15T09:27:51Z
fhedgeleyjg,12/31/1996,Orlando,242789,434,Inactive,2022-09-23T15:30:17Z
dnuzzijh,7/8/1994,Orlando,245946,919,Suspended,2022-01-01T23:36:51Z
broskrugeji,8/19/1963,Houston,899977,346,Inactive,2021-11-10T01:43:41Z
hmeeronjj,12/21/1956,Austin,430739,494,Inactive,2023-12-22T22:55:43Z
msorrojk,9/22/1951,Minneapolis,906470,740,Inactive,2021-02-23T19:07:41Z
nbadhamjl,5/30/1973,Los Angeles,914842,973,Active,2022-08-26T16:51:15Z
bblewittjm,12/3/2002,Dallas,823508,357,Inactive,2021-12-10T10:11:25Z
ckibbyjn,3/1/1990,New York,235995,409,Active,2023-12-31T15:41:45Z
growetjo,1/26/2000,Charleston,782311,681,Suspended,2022-10-28T18:11:09Z
marnisonjp,5/1/1998,Chicago,47975,611,Inactive,2023-03-25T10:19:54Z
kkorneevjq,3/2/1962,Orlando,754354,263,Active,2022-05-19T00:04:14Z
lhullejr,6/12/1989,Seattle,406804,705,Active,2022-11-15T03:26:38Z
sredfernjs,10/5/2001,Los Angeles,7335,676,Inactive,2021-07-08T23:30:29Z
bdunanjt,3/23/1985,Detroit,788619,920,Active,2021-12-31T20:44:09Z
salesbrookju,6/20/1985,Dallas,149498,826,Active,2023-10-15T08:00:39Z
dstranierijv,12/7/1968,Charleston,461143,608,Suspended,2021-01-11T00:27:46Z
pfriesjw,12/19/1987,Seattle,637750,524,Suspended,2024-01-27T01:00:52Z
fbevissjx,11/18/1994,San Diego,869225,115,Inactive,2022-05-02T00:30:29Z
sskeltonjy,12/20/1977,Chicago,86447,833,Inactive,2022-08-01T06:01:17Z
ldibiasijz,10/18/1973,Orlando,257544,591,Suspended,2022-03-18T16:03:56Z
cheminsleyk0,12/1/1966,San Antonio,798857,774,Active,2021-05-09T16:39:21Z
gjakubovskyk1,10/5/1985,Orlando,750439,530,Suspended,2023-01-04T00:27:52Z
schilversk2,9/6/1997,Boston,222807,331,Suspended,2022-12-27T05:21:01Z
qivek3,3/29/1987,Atlanta,630854,169,Suspended,2022-02-18T13:01:04Z
cschaferk4,12/3/1962,Chicago,117980,308,Active,2021-01-18T17:43:31Z
jbrimacombek5,12/16/1989,Charleston,322639,297,Suspended,2021-01-16T03:00:28Z
tcorserk6,1/5/1968,San Antonio,367713,386,Suspended,2021-01-29T13:23:02Z
cstrassk7,5/1/1957,Philadelphia,73425,609,Inactive,2023-04-26T19:54:52Z
tcarrodusk8,12/8/1963,Washington DC,723296,554,Active,2021-07-19T18:48:42Z
odhenink9,8/2/1984,Denver,376661,485,Active,2021-05-23T08:11:32Z
whatherillka,8/27/1966,Orlando,146506,925,Active,2021-07-30T09:29:37Z
thogginkb,10/23/1965,Atlanta,496062,741,Inactive,2022-09-14T05:01:35Z
jfabbkc,4/5/1951,Las Vegas,96182,450,Active,2021-06-17T11:00:26Z
mdavidovicskd,3/13/1954,Miami,455404,923,Active,2023-05-18T22:50:33Z
pgawkeske,6/30/1994,Boston,492429,204,Active,2023-04-19T18:28:44Z
lzwickerkf,7/26/1993,San Francisco,718716,206,Active,2021-02-14T19:17:18Z
bbadcockkg,11/27/1997,Salt Lake City,496146,90,Suspended,2021-03-14T00:16:37Z
cstickellskh,9/10/1970,Houston,891230,607,Inactive,2023-09-17T01:01:37Z
ckinlochki,2/9/1997,Houston,401905,236,Inactive,2023-04-05T18:55:11Z
ckellkj,2/29/1980,Boston,530344,240,Inactive,2023-12-26T21:34:34Z
sgrimestonekk,2/12/2002,Dallas,855713,602,Active,2021-06-30T15:21:47Z
mstarkkl,3/22/1990,San Diego,759975,526,Active,2021-04-20T19:57:15Z
greightleykm,6/9/1989,Detroit,59265,694,Active,2022-02-13T20:08:03Z
aovingtonkn,4/16/1984,Minneapolis,434507,820,Active,2023-03-13T23:23:42Z
ddedamko,4/14/1967,Minneapolis,342891,795,Suspended,2023-01-02T22:46:42Z
mtolemankp,12/9/1971,San Antonio,904876,606,Active,2022-10-15T21:41:09Z
hblasiuskq,7/4/1985,Los Angeles,559377,367,Active,2022-03-20T03:18:24Z
mprimokr,6/23/1992,Orlando,495857,103,Inactive,2021-11-27T13:35:59Z
herwinks,3/24/1997,Charleston,306921,500,Inactive,2023-04-06T15:07:22Z
hstallwoodkt,1/27/1954,Houston,355917,785,Inactive,2023-02-14T02:41:15Z
lschaumakerku,8/21/1989,Los Angeles,552909,790,Suspended,2023-10-14T19:59:51Z
hhallwoodkv,5/2/1975,Los Angeles,419465,497,Inactive,2023-04-12T01:30:50Z
ggotlingkw,3/19/1996,Nashville,394941,512,Suspended,2023-08-26T05:23:48Z
gholdeykx,2/25/1955,San Diego,568040,728,Active,2023-01-29T14:57:21Z
oclaytonky,7/16/1974,Austin,347712,934,Suspended,2021-08-09T03:07:09Z
mgodinkz,10/17/1975,Honolulu,275104,516,Active,2023-05-30T05:27:42Z
mpetrusl0,8/22/1982,Honolulu,704380,99,Suspended,2022-10-11T07:27:44Z
fdymockel1,6/28/1963,Atlanta,138124,603,Inactive,2023-11-14T18:22:49Z
alegricel2,5/13/1981,Los Angeles,221246,366,Inactive,2023-06-20T09:25:53Z
bformillil3,3/30/1999,Detroit,930934,361,Inactive,2022-03-19T16:41:42Z
hstonmanl4,12/16/1995,Chicago,628438,223,Suspended,2023-10-04T07:09:29Z
mmaryottl5,2/14/1976,Chicago,484417,748,Active,2021-12-05T12:40:01Z
tswetenhaml6,9/7/1962,New Orleans,247424,41,Suspended,2024-02-06T06:53:13Z
hkristufekl7,7/18/1973,Honolulu,895191,446,Inactive,2021-04-07T07:12:52Z
klacyl8,7/1/1953,Chicago,396016,758,Inactive,2021-09-23T22:09:56Z
nwippermannl9,5/24/1972,Philadelphia,318848,538,Inactive,2022-07-30T06:54:04Z
astorrockla,9/30/1963,Honolulu,977682,759,Suspended,2022-06-21T22:42:07Z
iwringelb,1/2/1989,Honolulu,751446,276,Inactive,2023-12-08T16:39:11Z
ccolthardlc,4/12/1986,Washington DC,954102,575,Suspended,2023-12-23T14:46:56Z
ekeeneld,10/3/1981,Houston,471323,262,Suspended,2021-04-10T00:27:21Z
mdodworthle,1/27/1991,Philadelphia,605115,744,Inactive,2023-11-03T01:51:27Z
charlettlf,6/19/1990,Philadelphia,674019,656,Suspended,2021-05-25T11:22:45Z
jmacrinnlg,3/8/1992,New Orleans,911435,126,Active,2022-01-13T15:21:08Z
nperotlh,2/18/1976,San Diego,954650,739,Active,2021-09-20T14:51:33Z
jbrunkerli,5/15/1977,Miami,67967,230,Inactive,2021-06-19T07:42:41Z
nsankeylj,7/10/2000,Los Angeles,140844,262,Inactive,2023-11-01T18:43:00Z
bfrisbylk,3/4/1974,Minneapolis,873670,785,Active,2023-01-18T04:40:25Z
ijellicoll,11/28/1958,Philadelphia,281946,85,Active,2022-03-21T02:49:12Z
welsmorelm,11/17/1952,Honolulu,855512,502,Active,2023-02-18T11:15:11Z
fbenallackln,2/6/1962,Detroit,82857,778,Active,2022-04-14T02:51:16Z
btarlinglo,12/6/1950,New Orleans,830256,504,Active,2021-09-14T12:44:42Z
varnaudilp,11/4/1989,Las Vegas,521627,269,Suspended,2023-01-03T18:36:55Z
cdullaghanlq,8/12/1970,Los Angeles,91026,993,Inactive,2022-08-17T16:38:41Z
rfersonlr,4/29/1986,Orlando,69323,108,Active,2023-01-17T01:31:46Z
aduddenls,12/8/2001,Austin,823839,422,Inactive,2022-10-20T12:02:59Z
jrennielt,10/25/1969,Houston,264299,179,Inactive,2022-12-01T03:13:49Z
tfalcuslu,6/2/1976,Salt Lake City,646141,472,Active,2023-03-16T07:36:46Z
ccaddicklv,12/4/1978,Honolulu,713048,653,Active,2022-04-23T04:49:10Z
ssugarlw,5/26/2001,Denver,839120,120,Active,2023-03-25T08:10:03Z
rsilverthornelx,8/9/1951,Miami,978878,928,Inactive,2023-03-01T21:50:12Z
abeaginly,12/5/1977,Detroit,784806,764,Suspended,2023-01-22T03:25:32Z
lpeasegoodlz,4/23/1989,Detroit,26404,260,Inactive,2023-01-09T05:21:35Z
mtuffellm0,9/15/1954,San Francisco,839317,613,Inactive,2021-09-07T05:01:11Z
edurandm1,5/20/1958,San Antonio,119618,179,Active,2022-02-24T15:44:30Z
wreihillm2,1/1/1953,Boston,519166,381,Active,2022-09-03T12:26:06Z
lhubboldm3,6/3/1985,Denver,728419,254,Active,2024-02-18T05:42:34Z
rrubinovitschm4,11/19/1966,Chicago,860360,728,Inactive,2023-06-10T22:16:36Z
ssinem5,10/13/1979,Miami,119147,4,Active,2021-08-13T04:10:09Z
dsidgwickm6,8/5/1973,Detroit,360943,988,Inactive,2021-08-08T01:54:03Z
zandreasm7,6/18/1997,Los Angeles,253227,688,Inactive,2022-11-30T01:13:10Z
egoodam8,10/3/1958,Washington DC,494941,183,Active,2023-01-25T22:40:37Z
vguthrumm9,12/24/1985,San Diego,422919,330,Suspended,2023-05-16T10:36:26Z
gcantoma,8/18/2000,Las Vegas,851366,313,Active,2022-03-26T04:41:37Z
mcartlidgemb,10/22/1978,Honolulu,848238,919,Suspended,2023-07-03T04:32:04Z
rmcneilleymc,12/14/1986,New Orleans,447722,841,Active,2022-04-21T19:18:11Z
cgergermd,2/25/1979,Austin,860887,570,Active,2021-06-19T22:36:16Z
einnesme,11/26/1998,Austin,958445,315,Suspended,2022-12-31T17:32:13Z
mrannaldmf,3/28/1997,New Orleans,341076,238,Inactive,2022-09-10T22:49:46Z
lforkermg,2/28/1953,Philadelphia,254408,102,Inactive,2021-06-20T14:11:23Z
ccasonmh,1/6/1990,Orlando,176373,609,Inactive,2023-05-24T02:16:51Z
tmarshallsaymi,11/19/1953,San Diego,490006,581,Active,2021-07-26T08:46:14Z
bfleischermj,12/23/1973,Minneapolis,95138,90,Active,2021-08-04T10:15:08Z
vcarruthersmk,8/8/1961,San Diego,80672,222,Active,2021-10-22T19:44:31Z
hdeverockml,9/16/1950,San Diego,831259,809,Inactive,2023-07-20T07:00:27Z
jjeffmm,11/22/1997,Charleston,208228,111,Suspended,2023-10-28T07:53:18Z
amacdermandmn,11/18/1961,Houston,116334,100,Active,2023-06-06T03:59:33Z
slamblotmo,3/2/1984,Chicago,515196,411,Active,2022-04-11T00:13:25Z
ahelliermp,3/21/1955,Denver,817027,157,Inactive,2022-05-16T14:21:39Z
akittowmq,1/8/1950,Austin,365697,454,Suspended,2022-12-08T16:32:21Z
amerfinmr,11/29/1995,Atlanta,315800,240,Inactive,2022-07-16T09:06:24Z
abolliverms,7/24/1955,New York,328257,245,Inactive,2022-02-25T15:21:07Z
aaldrittmt,11/1/1986,San Diego,648263,195,Inactive,2022-04-21T12:27:32Z
erenahanmu,11/13/1998,Dallas,383669,704,Suspended,2023-04-07T14:49:16Z
bfryersmv,12/12/1959,Philadelphia,705870,374,Inactive,2023-08-25T14:29:05Z
awadmanmw,3/29/1967,Nashville,327883,578,Inactive,2022-08-12T20:54:09Z
rtapnermx,8/3/1965,Salt Lake City,630011,261,Active,2022-05-19T13:47:30Z
lloftinmy,10/12/1955,San Antonio,163365,422,Suspended,2023-04-02T03:44:33Z
lkoppelmz,9/2/1974,Las Vegas,422368,669,Suspended,2021-06-23T20:45:54Z
giddendenn0,10/28/1987,Dallas,922288,653,Active,2022-06-03T19:11:57Z
ftulipn1,6/3/1987,New Orleans,765111,299,Suspended,2024-03-04T10:53:54Z
cgheeraertn2,12/20/1966,Orlando,978039,85,Inactive,2023-05-11T22:48:27Z
monelen3,3/5/1999,Houston,815408,392,Active,2022-09-14T08:48:58Z
jleytonn4,4/26/1999,New Orleans,475880,494,Active,2021-05-15T10:55:14Z
dbrashn5,12/16/1997,Dallas,995510,139,Inactive,2021-07-15T07:37:01Z
rkesleyn6,10/1/1977,San Antonio,87425,936,Active,2022-03-28T00:20:36Z
nsellann7,6/9/1976,Honolulu,659564,802,Suspended,2023-05-24T01:59:45Z
adeverosen8,7/31/2001,Orlando,71340,301,Inactive,2021-01-18T18:24:03Z
gkullmannn9,6/18/1955,Detroit,60044,622,Active,2024-03-15T19:53:53Z
javeyardna,10/28/1956,Seattle,101406,870,Suspended,2021-10-10T16:11:04Z
ntrimblenb,5/24/1998,Boston,894074,106,Active,2021-03-10T06:50:31Z
kelixnc,12/12/1973,Honolulu,686723,351,Active,2024-01-27T11:08:37Z
nkeemernd,5/20/1975,Houston,548883,894,Inactive,2024-02-09T14:00:44Z
bhaynesfordne,6/8/1971,Dallas,782627,250,Active,2022-01-18T12:20:52Z
cclemettnf,1/2/2000,San Francisco,766664,699,Inactive,2023-12-09T19:45:29Z
spithcockng,6/3/1999,San Francisco,138063,105,Inactive,2021-07-25T04:11:08Z
tpelerinnh,5/9/1950,Seattle,331815,801,Suspended,2021-02-04T09:52:16Z
cmuskni,1/20/1984,Orlando,445771,175,Active,2022-06-06T08:14:15Z
ldarkernj,4/4/1987,Washington DC,478576,108,Inactive,2023-02-11T17:23:49Z
vsomersetnk,12/5/1980,Salt Lake City,611087,342,Inactive,2023-04-27T14:37:19Z
eennionnl,3/13/1997,Boston,220467,68,Inactive,2021-03-27T18:27:48Z
cscholcroftnm,8/24/1970,Chicago,157118,796,Inactive,2022-06-04T05:21:55Z
rtouhignn,5/26/1969,New Orleans,742128,345,Suspended,2023-03-06T07:42:18Z
cbeamondno,4/10/1979,Nashville,383673,200,Active,2024-01-11T06:49:05Z
dbramonp,1/6/1967,Chicago,934658,236,Inactive,2023-03-30T02:07:03Z
hnowicknq,9/9/1964,Atlanta,120856,383,Inactive,2024-01-06T17:47:05Z
pgiovannardinr,3/6/2000,Los Angeles,715459,867,Active,2021-08-20T22:35:27Z
lcordayns,4/14/1990,San Francisco,604733,690,Suspended,2022-07-27T08:27:19Z
gbrandsennt,12/29/2001,Philadelphia,184067,875,Active,2021-04-14T02:29:06Z
wkingslandnu,8/3/1959,Las Vegas,663515,165,Active,2024-02-13T01:40:10Z
ctedstonenv,1/24/1955,Philadelphia,291805,96,Suspended,2021-11-08T17:14:49Z
imanaghnw,10/18/1997,Charleston,85632,237,Active,2022-06-02T18:18:43Z
wbanatnx,5/2/1984,Washington DC,711522,384,Suspended,2024-03-06T21:46:45Z
mbowsteadny,1/19/1974,Chicago,277499,551,Suspended,2023-10-12T10:48:40Z
konearynz,11/18/1964,Honolulu,998215,319,Suspended,2023-04-29T01:09:29Z
cchisnello0,11/20/1974,Charleston,898574,58,Inactive,2023-10-09T05:41:05Z
ndittso1,2/19/1985,Minneapolis,673718,620,Suspended,2023-10-05T11:40:04Z
iarmfieldo2,12/20/1961,Honolulu,629922,871,Suspended,2022-10-24T09:58:17Z
hmulvihillo3,4/11/1973,Dallas,988563,601,Inactive,2023-02-25T17:59:42Z
mmapstoneo4,4/21/1977,Atlanta,845622,231,Inactive,2024-02-27T07:19:56Z
hgomersalo5,10/5/1976,Atlanta,674495,357,Suspended,2022-09-16T06:55:34Z
dsoggo6,12/20/1974,Orlando,497879,581,Inactive,2022-07-19T10:54:07Z
oeggletono7,3/28/1978,Los Angeles,206986,561,Active,2023-02-05T17:25:40Z
jliberoo8,10/19/1968,Charleston,946262,451,Suspended,2021-05-26T15:29:24Z
taprilo9,6/12/1989,Minneapolis,676434,750,Active,2023-02-08T15:01:14Z
csudddardoa,3/10/1958,Nashville,72888,80,Suspended,2023-05-15T05:55:18Z
tstellinoob,9/30/1953,Atlanta,964481,738,Suspended,2021-04-22T10:06:43Z
mbenbrickoc,4/27/2002,Philadelphia,604575,289,Suspended,2022-04-21T02:55:10Z
lreddyhoffod,3/15/1980,Atlanta,957864,422,Suspended,2024-02-07T15:30:13Z
jbulfoyoe,7/13/1953,San Francisco,913449,842,Inactive,2022-11-10T00:30:41Z
tcorssof,12/26/1985,Atlanta,439436,686,Inactive,2021-01-18T15:55:03Z
erobbog,10/18/1989,Denver,643855,649,Suspended,2021-01-03T06:36:41Z
gdarwoodoh,8/1/1971,Houston,520883,638,Inactive,2021-08-29T06:25:10Z
lhamperoi,8/8/2001,San Diego,631831,150,Active,2022-03-31T05:20:58Z
mcardalloj,3/20/1976,Dallas,860150,528,Suspended,2023-07-27T00:54:50Z
sgallegook,11/28/1975,Miami,640424,855,Suspended,2021-05-27T07:30:35Z
dpurdeyol,12/26/1980,Los Angeles,728809,359,Inactive,2021-12-27T14:15:21Z
dfellgateom,1/6/1978,Seattle,824307,930,Active,2021-12-11T10:56:03Z
sulyeton,6/16/1986,New Orleans,83230,658,Inactive,2023-10-04T22:44:14Z
abordoneoo,11/16/1979,Nashville,44580,253,Suspended,2023-02-19T02:50:45Z
bravenop,11/28/1970,Los Angeles,599469,925,Active,2021-04-06T10:22:52Z
jdoubledayoq,10/31/1959,Houston,272836,566,Suspended,2021-03-23T19:39:23Z
jcrippesor,10/9/1987,Detroit,505919,366,Suspended,2023-01-12T13:22:09Z
gdmitrienkoos,6/22/1996,Detroit,409410,17,Suspended,2022-04-05T21:31:46Z
lblumot,7/16/1970,Detroit,917494,806,Suspended,2021-08-09T08:59:57Z
rrosengrenou,9/23/1982,Atlanta,447475,594,Suspended,2021-04-27T03:37:06Z
nruhbenov,2/12/1951,Washington DC,995440,451,Suspended,2023-02-03T21:44:22Z
glazellow,3/29/1992,Boston,260803,90,Inactive,2021-07-29T13:03:32Z
mcankettox,6/18/1960,San Antonio,317835,438,Inactive,2022-06-21T01:29:17Z
bfarronoy,3/18/1971,Denver,348615,22,Inactive,2021-07-27T21:06:33Z
ounworthoz,5/11/2000,Honolulu,716923,673,Suspended,2023-03-13T08:28:32Z
mmcgintyp0,7/4/1953,Atlanta,3696,786,Inactive,2023-01-28T08:10:17Z
npowlesp1,5/26/1991,Boston,44006,44,Inactive,2022-10-22T05:01:42Z
liacobuccip2,4/25/1965,Honolulu,462547,940,Active,2023-08-05T04:22:20Z
ckimmittp3,7/31/1973,Miami,946735,754,Suspended,2022-10-14T14:42:29Z
ethomingap4,7/1/1976,Seattle,985301,133,Inactive,2023-05-03T00:04:45Z
scoulthardp5,9/21/1963,San Diego,369968,265,Inactive,2022-09-08T23:58:21Z
gwellmanp6,7/29/1967,Philadelphia,704536,356,Active,2023-01-19T11:27:27Z
tdeblasiop7,4/26/1958,Dallas,182639,535,Active,2023-04-02T06:46:44Z
nlittrikp8,8/19/1965,Minneapolis,192287,663,Active,2022-10-06T10:40:25Z
tmostynp9,6/5/1972,Minneapolis,539314,864,Inactive,2022-10-11T12:37:27Z
tvockingspa,3/19/1994,Detroit,267190,181,Inactive,2022-09-04T02:35:41Z
cfindonpb,12/25/1982,Honolulu,912815,609,Active,2022-10-26T10:41:20Z
cemsdenpc,10/18/1954,Charleston,984846,228,Active,2023-06-28T15:27:17Z
hbowlerpd,7/30/1953,Miami,947250,844,Inactive,2021-03-28T04:00:02Z
bthornhillpe,10/23/1988,Honolulu,919103,592,Inactive,2021-08-23T08:20:17Z
bgiamittipf,10/31/1977,San Diego,583303,419,Active,2022-02-04T20:14:03Z
oswallwellpg,3/25/1957,Las Vegas,110771,458,Active,2021-04-27T11:55:14Z
rclymoph,12/15/1952,Detroit,552649,98,Active,2021-10-15T22:16:50Z
iclementpi,7/31/1961,Minneapolis,983496,249,Suspended,2022-12-07T05:16:49Z
ikeareypj,3/15/1951,Washington DC,429347,363,Active,2021-05-23T10:11:49Z
fegginspk,4/24/1952,Denver,503940,883,Active,2021-03-23T19:08:12Z
rcorkpl,4/1/1973,Las Vegas,371405,115,Suspended,2021-03-22T03:56:09Z
emarkhampm,7/6/1955,Houston,921807,861,Inactive,2024-02-15T03:58:08Z
cessamepn,5/20/1968,San Francisco,445839,999,Inactive,2022-11-25T03:49:05Z
lkarlicekpo,3/20/1994,Dallas,273382,481,Suspended,2023-02-05T03:40:43Z
kbenoeypp,4/1/1971,New Orleans,117991,339,Active,2021-05-11T23:47:16Z
ycaugheypq,9/2/1972,Austin,485908,993,Inactive,2023-09-08T06:05:33Z
lmacgaugheypr,1/18/1964,Denver,186152,764,Active,2022-10-03T06:07:36Z
jbellefantps,11/29/1965,Atlanta,483963,464,Inactive,2021-07-20T15:06:51Z
statlockpt,8/26/1966,Orlando,349245,876,Suspended,2021-12-28T10:41:33Z
eiowarchpu,6/22/1974,Nashville,363491,713,Suspended,2024-03-03T03:12:20Z
hcampapv,9/2/2001,Houston,520609,527,Suspended,2023-11-18T22:32:06Z
bzorzonipw,8/5/1964,Honolulu,175718,373,Suspended,2023-06-07T03:43:39Z
clumsdonpx,3/4/1957,Honolulu,640960,12,Inactive,2023-06-02T15:38:50Z
thartleypy,12/9/1957,Philadelphia,115554,722,Inactive,2022-08-24T21:51:32Z
wsommerlypz,10/5/1951,San Diego,901292,610,Suspended,2021-06-01T05:11:51Z
ltylerq0,6/28/1976,San Diego,577994,92,Active,2022-06-17T11:38:16Z
bsmithymanq1,3/27/1950,Dallas,304125,817,Suspended,2023-10-01T01:41:08Z
duzielliq2,12/18/1993,San Antonio,51221,873,Active,2022-04-12T15:22:40Z
jtrouelq3,1/20/2002,Chicago,6637,366,Active,2023-01-16T09:58:10Z
pkarpinskiq4,11/12/1963,San Francisco,44435,3,Suspended,2023-03-05T04:03:46Z
wjainq5,12/24/1975,Philadelphia,995592,662,Active,2024-02-09T03:59:25Z
rbeldamq6,7/9/1965,Minneapolis,252205,212,Inactive,2023-05-05T09:54:30Z
abocq7,6/11/1951,Honolulu,661713,433,Active,2021-09-17T15:47:53Z
jdussyq8,5/20/1982,Nashville,91100,448,Suspended,2023-03-08T14:39:11Z
pliggensq9,2/9/2002,Las Vegas,975620,430,Suspended,2023-11-13T11:29:46Z
ppasfieldqa,6/22/1953,Boston,795069,477,Inactive,2022-05-09T11:16:37Z
titzkoviciqb,3/15/1987,Los Angeles,646062,697,Active,2024-03-15T13:10:28Z
fwinkqc,4/28/1981,Austin,500983,428,Active,2022-12-04T06:15:59Z
isemorqd,3/29/1958,Dallas,681908,965,Inactive,2021-11-02T16:22:54Z
wfaullqe,5/8/1958,Chicago,986826,964,Inactive,2022-11-03T18:56:10Z
jdoeyqf,11/12/1958,Dallas,297844,254,Suspended,2023-09-13T02:48:03Z
fgladdorqg,4/10/1962,Minneapolis,989197,212,Suspended,2023-09-08T15:37:35Z
frosendallqh,7/27/2001,Honolulu,429137,239,Active,2022-04-22T01:27:00Z
csandysqi,12/2/1992,San Diego,208413,373,Inactive,2021-06-16T13:16:38Z
dcorwoodqj,6/28/1996,Minneapolis,156444,858,Active,2022-09-29T01:40:05Z
mstuckqk,11/16/1980,Detroit,9084,132,Active,2022-10-20T10:43:54Z
moppyql,6/5/1957,Salt Lake City,69126,347,Inactive,2023-09-12T18:52:23Z
abaldersonqm,10/30/1987,Los Angeles,840030,790,Suspended,2023-12-13T08:49:23Z
kcrocketqn,12/4/1975,Houston,77038,370,Active,2022-04-09T02:07:16Z
kcastagneriqo,5/29/1951,San Antonio,455447,655,Active,2022-01-22T20:44:43Z
mhallittqp,3/2/1957,Boston,176782,364,Suspended,2022-12-19T23:15:02Z
mblanchqq,4/20/1962,Dallas,932901,18,Active,2024-02-26T09:51:20Z
ttingeyqr,9/1/1958,San Francisco,939705,265,Suspended,2022-11-03T06:20:24Z
cdiangeloqs,8/19/1959,New Orleans,334650,209,Inactive,2021-10-06T05:19:33Z
gspellmanqt,10/19/1994,Dallas,127295,847,Inactive,2022-11-29T00:29:49Z
gvigorsqu,8/1/1974,Orlando,140065,509,Active,2021-01-03T19:47:55Z
amacterlaghqv,11/2/1980,Chicago,837143,392,Inactive,2021-03-30T04:28:58Z
mbassillqw,9/14/1989,New Orleans,449796,16,Active,2022-02-12T15:49:08Z
pissakovqx,9/10/1965,San Francisco,172255,437,Inactive,2021-07-28T11:30:40Z
hdallewaterqy,7/31/1985,Washington DC,111058,579,Active,2023-09-01T22:27:08Z
cdeussqz,4/11/1985,Austin,52063,989,Inactive,2023-10-30T05:41:01Z
mgrundler0,10/10/1967,Detroit,756241,821,Suspended,2022-09-04T05:30:40Z
ewilner1,9/7/1977,New Orleans,991127,48,Suspended,2023-01-22T09:38:25Z
acabrerar2,4/7/1977,Detroit,733142,297,Suspended,2022-06-03T16:28:11Z
rgorriessenr3,7/18/1997,Nashville,314102,147,Inactive,2023-06-25T15:36:17Z
csummerellr4,9/1/1968,Detroit,700892,633,Suspended,2022-07-09T13:16:36Z
cdesporter5,1/1/1973,Houston,154366,942,Active,2023-05-10T04:52:48Z
bcancuttr6,11/19/1995,Austin,823911,640,Inactive,2021-12-08T01:12:26Z
pwhittlesr7,11/4/1973,Las Vegas,417321,303,Inactive,2021-01-08T04:16:48Z
jgaraghanr8,3/22/1975,Chicago,875660,938,Active,2021-12-23T23:03:41Z
djedrzejr9,5/25/1968,San Francisco,824364,990,Active,2022-09-12T17:19:17Z
jbendellra,6/12/1979,New Orleans,812986,733,Suspended,2022-07-21T22:41:29Z
tliklyrb,9/23/1968,San Antonio,8330,220,Suspended,2023-03-23T07:56:45Z
nkilohrc,3/12/1976,Las Vegas,399016,975,Suspended,2022-07-03T22:11:49Z
cdransfieldrd,5/9/1964,Boston,604202,476,Suspended,2023-12-18T04:03:10Z
acoursonre,6/8/1984,Las Vegas,13041,341,Inactive,2022-10-30T04:27:36Z
hcowdreyrf,1/26/1954,Philadelphia,623367,999,Active,2021-07-09T01:40:07Z
egrabehamrg,5/12/1987,Philadelphia,378839,452,Active,2021-03-07T12:35:39Z
vcronerh,8/13/1971,Dallas,806214,327,Inactive,2023-09-13T05:00:33Z
arenneyri,10/17/1957,Minneapolis,700838,975,Active,2022-05-10T09:43:44Z
cnewbyrj,7/9/1959,Seattle,382639,979,Active,2022-09-18T21:23:33Z
bspeakmanrk,10/6/1994,Washington DC,456874,502,Active,2022-08-30T22:33:38Z
amatteirl,2/27/1968,Denver,491868,855,Suspended,2023-09-10T09:15:53Z
adallmannrm,10/16/1982,Chicago,135713,726,Active,2023-12-27T03:09:08Z
cheintzern,3/24/1973,San Antonio,103380,40,Suspended,2023-11-28T11:37:36Z
mtorraro,12/30/1977,Nashville,855541,911,Suspended,2021-12-14T05:07:31Z
pmoanrp,2/18/1994,San Francisco,762276,645,Active,2023-02-01T02:02:14Z
bhacksbyrq,11/17/1966,Charleston,810562,26,Suspended,2022-02-24T23:22:23Z
smeffenrr,2/18/1989,Boston,364047,978,Suspended,2022-05-20T03:35:04Z
