{
    "roas": [
        {
            "prefix": "10.1.0.0/16",
            "maxLength": 32,
            "asn": 4211110001
        },
        {
            "prefix": "10.2.0.0/16",
            "maxLength": 32,
            "asn": 4211110002
        },
        {
            "prefix": "10.3.0.0/16",
            "maxLength": 32,
            "asn": 4211110003
        },
        {
            "prefix": "10.4.0.0/16",
            "maxLength": 32,
            "asn": 4211110004
        }
    ]
}