{"ECS":{"DisableConfigLog":true,"CacheExpiryInMin":720},"ODSP_Sync_Client":{"Ramps":{"14":true,"12":true,"0":true},"RampExperiments":{"12":{"type":2,"id":45328,"name":"ShowKFMinFRE_v2"}},"Settings":{"0":"Prod"}},"Segmentation":{"IsMsitFaster":"false","TargetMSITFaster":"false"},"Headers":{"ETag":"\"jfeRr7RUE/N65duBZq6EH4h5yc4luX76SwfKWV2Svek=\"","Expires":"Fri, 12 Dec 2025 19:20:30 GMT","CountryCode":"CA","StatusCode":"200"},"ConfigIDs":{"ECS":"P-R-54894-1-3,P-R-53736-1-8","ODSP_Sync_Client":"P-R-80526-3-4,P-R-69229-1-2,P-D-27657-4-3","Segmentation":"P-R-1712636-1-7,P-R-1707049-1-6"}}