PRAGMA foreign_keys=OFF;
BEGIN TRANSACTION;
CREATE TABLE guests (
  val text primary key
  );
INSERT INTO guests VALUES('No guests at all');
INSERT INTO guests VALUES('No guests after 10pm');
INSERT INTO guests VALUES('No overnight guests');
INSERT INTO guests VALUES('Ask before late night guests');
INSERT INTO guests VALUES('Ask before overnight guests');
CREATE TABLE neatness (
  val text primary key
  );
INSERT INTO neatness VALUES('Put things away as we use them');
INSERT INTO neatness VALUES('Straighten up before bed');
INSERT INTO neatness VALUES('Clean up once per week');
INSERT INTO neatness VALUES('Straighten up for guests');
INSERT INTO neatness VALUES('Messy is ok');
CREATE TABLE sleep (
  val text primary key
  );
INSERT INTO sleep VALUES('8-10pm');
INSERT INTO sleep VALUES('10pm-midnight');
INSERT INTO sleep VALUES('midnight-2am');
INSERT INTO sleep VALUES('2am-4am');
INSERT INTO sleep VALUES('Other');
CREATE TABLE awake (
  val text primary key
  );
INSERT INTO awake VALUES('4-6am');
INSERT INTO awake VALUES('6-8pm');
INSERT INTO awake VALUES('8-10am');
INSERT INTO awake VALUES('10am-noon');
INSERT INTO awake VALUES('noon-2pm');
INSERT INTO awake VALUES('Other');
CREATE TABLE IF NOT EXISTS "users"
(
    id       integer not null
        constraint users_pk
            primary key autoincrement,
    name     TEXT,
    guests   TEXT,
    neatness text,
    sleep    TEXT    not null,
    awake    text
);
INSERT INTO users VALUES(1,'Finn Carson','No guests at all','Put things away as we use them','8-10pm','4-6am');
INSERT INTO users VALUES(2,'Aldo Young','No guests at all','Put things away as we use them','8-10pm','6-8pm');
INSERT INTO users VALUES(3,'Joy Holt','No guests at all','Put things away as we use them','8-10pm','8-10am');
INSERT INTO users VALUES(4,'Kenyon Nicholson','No guests at all','Put things away as we use them','8-10pm','10am-noon');
INSERT INTO users VALUES(5,'Elsa Reyes','No guests at all','Put things away as we use them','8-10pm','noon-2pm');
INSERT INTO users VALUES(6,'Leonel Townsend','No guests at all','Put things away as we use them','8-10pm','Other');
INSERT INTO users VALUES(7,'Chad Fletcher','No guests at all','Put things away as we use them','10pm-midnight','4-6am');
INSERT INTO users VALUES(8,'Erika Li','No guests at all','Put things away as we use them','10pm-midnight','6-8pm');
INSERT INTO users VALUES(9,'Aryan Lynch','No guests at all','Put things away as we use them','10pm-midnight','8-10am');
INSERT INTO users VALUES(10,'Walter Nash','No guests at all','Put things away as we use them','10pm-midnight','10am-noon');
INSERT INTO users VALUES(11,'Ashlyn Stanton','No guests at all','Put things away as we use them','10pm-midnight','noon-2pm');
INSERT INTO users VALUES(12,'Giovanna Carpenter','No guests at all','Put things away as we use them','10pm-midnight','Other');
INSERT INTO users VALUES(13,'Isabela Dougherty','No guests at all','Put things away as we use them','midnight-2am','4-6am');
INSERT INTO users VALUES(14,'Annalise Montes','No guests at all','Put things away as we use them','midnight-2am','6-8pm');
INSERT INTO users VALUES(15,'Lindsey Dickson','No guests at all','Put things away as we use them','midnight-2am','8-10am');
INSERT INTO users VALUES(16,'Zara Huber','No guests at all','Put things away as we use them','midnight-2am','10am-noon');
INSERT INTO users VALUES(17,'Kendrick Ingram','No guests at all','Put things away as we use them','midnight-2am','noon-2pm');
INSERT INTO users VALUES(18,'Yosef Clarke','No guests at all','Put things away as we use them','midnight-2am','Other');
INSERT INTO users VALUES(19,'Caroline Brock','No guests at all','Put things away as we use them','2am-4am','4-6am');
INSERT INTO users VALUES(20,'Mira Norris','No guests at all','Put things away as we use them','2am-4am','6-8pm');
INSERT INTO users VALUES(21,'Micaela Townsend','No guests at all','Put things away as we use them','2am-4am','8-10am');
INSERT INTO users VALUES(22,'Reuben Singh','No guests at all','Put things away as we use them','2am-4am','10am-noon');
INSERT INTO users VALUES(23,'Arabella Charles','No guests at all','Put things away as we use them','2am-4am','noon-2pm');
INSERT INTO users VALUES(24,'Aedan Cochran','No guests at all','Put things away as we use them','2am-4am','Other');
INSERT INTO users VALUES(25,'Mikaela Wells','No guests at all','Put things away as we use them','Other','4-6am');
INSERT INTO users VALUES(26,'Kimora Suarez','No guests at all','Put things away as we use them','Other','6-8pm');
INSERT INTO users VALUES(27,'Jaquan Mayo','No guests at all','Put things away as we use them','Other','8-10am');
INSERT INTO users VALUES(28,'Clare Merritt','No guests at all','Put things away as we use them','Other','10am-noon');
INSERT INTO users VALUES(29,'Ryker Ochoa','No guests at all','Put things away as we use them','Other','noon-2pm');
INSERT INTO users VALUES(30,'Rose Best','No guests at all','Put things away as we use them','Other','Other');
INSERT INTO users VALUES(31,'Alisha Yang','No guests after 10pm','Put things away as we use them','8-10pm','4-6am');
INSERT INTO users VALUES(32,'Joel Espinoza','No guests after 10pm','Put things away as we use them','8-10pm','6-8pm');
INSERT INTO users VALUES(33,'Issac Zamora','No guests after 10pm','Put things away as we use them','8-10pm','8-10am');
INSERT INTO users VALUES(34,'Katelyn Knight','No guests after 10pm','Put things away as we use them','8-10pm','10am-noon');
INSERT INTO users VALUES(35,'Raiden Pittman','No guests after 10pm','Put things away as we use them','8-10pm','noon-2pm');
INSERT INTO users VALUES(36,'Enzo Frye','No guests after 10pm','Put things away as we use them','8-10pm','Other');
INSERT INTO users VALUES(37,'Zion Villa','No guests after 10pm','Put things away as we use them','10pm-midnight','4-6am');
INSERT INTO users VALUES(38,'Karlee Mendoza','No guests after 10pm','Put things away as we use them','10pm-midnight','6-8pm');
INSERT INTO users VALUES(39,'Finley Hull','No guests after 10pm','Put things away as we use them','10pm-midnight','8-10am');
INSERT INTO users VALUES(40,'Joaquin Keith','No guests after 10pm','Put things away as we use them','10pm-midnight','10am-noon');
INSERT INTO users VALUES(41,'Sandra Zimmerman','No guests after 10pm','Put things away as we use them','10pm-midnight','noon-2pm');
INSERT INTO users VALUES(42,'Faith Camacho','No guests after 10pm','Put things away as we use them','10pm-midnight','Other');
INSERT INTO users VALUES(43,'Ezra Sosa','No guests after 10pm','Put things away as we use them','midnight-2am','4-6am');
INSERT INTO users VALUES(44,'Esther Ramos','No guests after 10pm','Put things away as we use them','midnight-2am','6-8pm');
INSERT INTO users VALUES(45,'Zaniyah Harmon','No guests after 10pm','Put things away as we use them','midnight-2am','8-10am');
INSERT INTO users VALUES(46,'Monica Young','No guests after 10pm','Put things away as we use them','midnight-2am','10am-noon');
INSERT INTO users VALUES(47,'Livia Moreno','No guests after 10pm','Put things away as we use them','midnight-2am','noon-2pm');
INSERT INTO users VALUES(48,'Maleah Hurley','No guests after 10pm','Put things away as we use them','midnight-2am','Other');
INSERT INTO users VALUES(49,'Denzel Hodge','No guests after 10pm','Put things away as we use them','2am-4am','4-6am');
INSERT INTO users VALUES(50,'Ace Cox','No guests after 10pm','Put things away as we use them','2am-4am','6-8pm');
INSERT INTO users VALUES(51,'Arturo Small','No guests after 10pm','Put things away as we use them','2am-4am','8-10am');
INSERT INTO users VALUES(52,'Ellie Zimmerman','No guests after 10pm','Put things away as we use them','2am-4am','10am-noon');
INSERT INTO users VALUES(53,'Rashad Horne','No guests after 10pm','Put things away as we use them','2am-4am','noon-2pm');
INSERT INTO users VALUES(54,'Ella Ball','No guests after 10pm','Put things away as we use them','2am-4am','Other');
INSERT INTO users VALUES(55,'Araceli Mcdonald','No guests after 10pm','Put things away as we use them','Other','4-6am');
INSERT INTO users VALUES(56,'Taniya Cunningham','No guests after 10pm','Put things away as we use them','Other','6-8pm');
INSERT INTO users VALUES(57,'Diya Moore','No guests after 10pm','Put things away as we use them','Other','8-10am');
INSERT INTO users VALUES(58,'Gaven Potts','No guests after 10pm','Put things away as we use them','Other','10am-noon');
INSERT INTO users VALUES(59,'Russell Singleton','No guests after 10pm','Put things away as we use them','Other','noon-2pm');
INSERT INTO users VALUES(60,'Malcolm Mills','No guests after 10pm','Put things away as we use them','Other','Other');
INSERT INTO users VALUES(61,'Cali Mullins','No overnight guests','Put things away as we use them','8-10pm','4-6am');
INSERT INTO users VALUES(62,'Addison Larsen','No overnight guests','Put things away as we use them','8-10pm','6-8pm');
INSERT INTO users VALUES(63,'Fatima English','No overnight guests','Put things away as we use them','8-10pm','8-10am');
INSERT INTO users VALUES(64,'Finley Sexton','No overnight guests','Put things away as we use them','8-10pm','10am-noon');
INSERT INTO users VALUES(65,'Pablo Harmon','No overnight guests','Put things away as we use them','8-10pm','noon-2pm');
INSERT INTO users VALUES(66,'Maddox Barnett','No overnight guests','Put things away as we use them','8-10pm','Other');
INSERT INTO users VALUES(67,'Nickolas Olsen','No overnight guests','Put things away as we use them','10pm-midnight','4-6am');
INSERT INTO users VALUES(68,'Marvin Padilla','No overnight guests','Put things away as we use them','10pm-midnight','6-8pm');
INSERT INTO users VALUES(69,'Allan Mcguire','No overnight guests','Put things away as we use them','10pm-midnight','8-10am');
INSERT INTO users VALUES(70,'Britney Espinoza','No overnight guests','Put things away as we use them','10pm-midnight','10am-noon');
INSERT INTO users VALUES(71,'Phillip Cardenas','No overnight guests','Put things away as we use them','10pm-midnight','noon-2pm');
INSERT INTO users VALUES(72,'Abby Wiley','No overnight guests','Put things away as we use them','10pm-midnight','Other');
INSERT INTO users VALUES(73,'Jamarcus Cox','No overnight guests','Put things away as we use them','midnight-2am','4-6am');
INSERT INTO users VALUES(74,'Jennifer Johns','No overnight guests','Put things away as we use them','midnight-2am','6-8pm');
INSERT INTO users VALUES(75,'Paula Robbins','No overnight guests','Put things away as we use them','midnight-2am','8-10am');
INSERT INTO users VALUES(76,'Dexter Chaney','No overnight guests','Put things away as we use them','midnight-2am','10am-noon');
INSERT INTO users VALUES(77,'Jayvon Pratt','No overnight guests','Put things away as we use them','midnight-2am','noon-2pm');
INSERT INTO users VALUES(78,'Edith Smith','No overnight guests','Put things away as we use them','midnight-2am','Other');
INSERT INTO users VALUES(79,'Rosa Parker','No overnight guests','Put things away as we use them','2am-4am','4-6am');
INSERT INTO users VALUES(80,'Landen Kirk','No overnight guests','Put things away as we use them','2am-4am','6-8pm');
INSERT INTO users VALUES(81,'Josiah Gill','No overnight guests','Put things away as we use them','2am-4am','8-10am');
INSERT INTO users VALUES(82,'Christian Acosta','No overnight guests','Put things away as we use them','2am-4am','10am-noon');
INSERT INTO users VALUES(83,'Corbin Vance','No overnight guests','Put things away as we use them','2am-4am','noon-2pm');
INSERT INTO users VALUES(84,'Brooklyn Rosario','No overnight guests','Put things away as we use them','2am-4am','Other');
INSERT INTO users VALUES(85,'Marco Chase','No overnight guests','Put things away as we use them','Other','4-6am');
INSERT INTO users VALUES(86,'Jensen Horton','No overnight guests','Put things away as we use them','Other','6-8pm');
INSERT INTO users VALUES(87,'Gilbert Gonzales','No overnight guests','Put things away as we use them','Other','8-10am');
INSERT INTO users VALUES(88,'Gretchen Briggs','No overnight guests','Put things away as we use them','Other','10am-noon');
INSERT INTO users VALUES(89,'Jake Floyd','No overnight guests','Put things away as we use them','Other','noon-2pm');
INSERT INTO users VALUES(90,'Gaven Cole','No overnight guests','Put things away as we use them','Other','Other');
INSERT INTO users VALUES(91,'Matthias Yang','Ask before late night guests','Put things away as we use them','8-10pm','4-6am');
INSERT INTO users VALUES(92,'Isabela Shaffer','Ask before late night guests','Put things away as we use them','8-10pm','6-8pm');
INSERT INTO users VALUES(93,'Derek Cunningham','Ask before late night guests','Put things away as we use them','8-10pm','8-10am');
INSERT INTO users VALUES(94,'Ava Cantu','Ask before late night guests','Put things away as we use them','8-10pm','10am-noon');
INSERT INTO users VALUES(95,'Camryn Proctor','Ask before late night guests','Put things away as we use them','8-10pm','noon-2pm');
INSERT INTO users VALUES(96,'Zoe Moody','Ask before late night guests','Put things away as we use them','8-10pm','Other');
INSERT INTO users VALUES(97,'Ashley Mcguire','Ask before late night guests','Put things away as we use them','10pm-midnight','4-6am');
INSERT INTO users VALUES(98,'Nash Snow','Ask before late night guests','Put things away as we use them','10pm-midnight','6-8pm');
INSERT INTO users VALUES(99,'Demarcus Gomez','Ask before late night guests','Put things away as we use them','10pm-midnight','8-10am');
INSERT INTO users VALUES(100,'Raphael George','Ask before late night guests','Put things away as we use them','10pm-midnight','10am-noon');
INSERT INTO users VALUES(101,'Madelynn Rodgers','Ask before late night guests','Put things away as we use them','10pm-midnight','noon-2pm');
INSERT INTO users VALUES(102,'Mariyah Lyons','Ask before late night guests','Put things away as we use them','10pm-midnight','Other');
INSERT INTO users VALUES(103,'Victor Hays','Ask before late night guests','Put things away as we use them','midnight-2am','4-6am');
INSERT INTO users VALUES(104,'Simone Little','Ask before late night guests','Put things away as we use them','midnight-2am','6-8pm');
INSERT INTO users VALUES(105,'Leandro Mack','Ask before late night guests','Put things away as we use them','midnight-2am','8-10am');
INSERT INTO users VALUES(106,'Alayna Mcbride','Ask before late night guests','Put things away as we use them','midnight-2am','10am-noon');
INSERT INTO users VALUES(107,'Nathalia Mitchell','Ask before late night guests','Put things away as we use them','midnight-2am','noon-2pm');
INSERT INTO users VALUES(108,'Yahir Phelps','Ask before late night guests','Put things away as we use them','midnight-2am','Other');
INSERT INTO users VALUES(109,'Cameron Gillespie','Ask before late night guests','Put things away as we use them','2am-4am','4-6am');
INSERT INTO users VALUES(110,'Makaila Lowery','Ask before late night guests','Put things away as we use them','2am-4am','6-8pm');
INSERT INTO users VALUES(111,'Melanie Gould','Ask before late night guests','Put things away as we use them','2am-4am','8-10am');
INSERT INTO users VALUES(112,'Jazmyn Terrell','Ask before late night guests','Put things away as we use them','2am-4am','10am-noon');
INSERT INTO users VALUES(113,'Elena Guzman','Ask before late night guests','Put things away as we use them','2am-4am','noon-2pm');
INSERT INTO users VALUES(114,'Zayden Kane','Ask before late night guests','Put things away as we use them','2am-4am','Other');
INSERT INTO users VALUES(115,'Michaela Gomez','Ask before late night guests','Put things away as we use them','Other','4-6am');
INSERT INTO users VALUES(116,'Jaslene Bullock','Ask before late night guests','Put things away as we use them','Other','6-8pm');
INSERT INTO users VALUES(117,'Harley Simpson','Ask before late night guests','Put things away as we use them','Other','8-10am');
INSERT INTO users VALUES(118,'Korbin Sims','Ask before late night guests','Put things away as we use them','Other','10am-noon');
INSERT INTO users VALUES(119,'Derek Horne','Ask before late night guests','Put things away as we use them','Other','noon-2pm');
INSERT INTO users VALUES(120,'Elliana Cochran','Ask before late night guests','Put things away as we use them','Other','Other');
INSERT INTO users VALUES(121,'Angie Graves','Ask before overnight guests','Put things away as we use them','8-10pm','4-6am');
INSERT INTO users VALUES(122,'Gia Hendricks','Ask before overnight guests','Put things away as we use them','8-10pm','6-8pm');
INSERT INTO users VALUES(123,'Stephany Oneill','Ask before overnight guests','Put things away as we use them','8-10pm','8-10am');
INSERT INTO users VALUES(124,'August Patterson','Ask before overnight guests','Put things away as we use them','8-10pm','10am-noon');
INSERT INTO users VALUES(125,'Dania Harrison','Ask before overnight guests','Put things away as we use them','8-10pm','noon-2pm');
INSERT INTO users VALUES(126,'Kassandra Rowland','Ask before overnight guests','Put things away as we use them','8-10pm','Other');
INSERT INTO users VALUES(127,'Camryn Andrade','Ask before overnight guests','Put things away as we use them','10pm-midnight','4-6am');
INSERT INTO users VALUES(128,'Aden Guzman','Ask before overnight guests','Put things away as we use them','10pm-midnight','6-8pm');
INSERT INTO users VALUES(129,'Alma Bean','Ask before overnight guests','Put things away as we use them','10pm-midnight','8-10am');
INSERT INTO users VALUES(130,'Marina Hancock','Ask before overnight guests','Put things away as we use them','10pm-midnight','10am-noon');
INSERT INTO users VALUES(131,'Devon Malone','Ask before overnight guests','Put things away as we use them','10pm-midnight','noon-2pm');
INSERT INTO users VALUES(132,'Reina Murillo','Ask before overnight guests','Put things away as we use them','10pm-midnight','Other');
INSERT INTO users VALUES(133,'Lacey Hartman','Ask before overnight guests','Put things away as we use them','midnight-2am','4-6am');
INSERT INTO users VALUES(134,'Deangelo Edwards','Ask before overnight guests','Put things away as we use them','midnight-2am','6-8pm');
INSERT INTO users VALUES(135,'Peter Hansen','Ask before overnight guests','Put things away as we use them','midnight-2am','8-10am');
INSERT INTO users VALUES(136,'Keaton Thornton','Ask before overnight guests','Put things away as we use them','midnight-2am','10am-noon');
INSERT INTO users VALUES(137,'Rylan Ritter','Ask before overnight guests','Put things away as we use them','midnight-2am','noon-2pm');
INSERT INTO users VALUES(138,'Ariana Tran','Ask before overnight guests','Put things away as we use them','midnight-2am','Other');
INSERT INTO users VALUES(139,'Chase Kelly','Ask before overnight guests','Put things away as we use them','2am-4am','4-6am');
INSERT INTO users VALUES(140,'Cole Dawson','Ask before overnight guests','Put things away as we use them','2am-4am','6-8pm');
INSERT INTO users VALUES(141,'Sterling Norton','Ask before overnight guests','Put things away as we use them','2am-4am','8-10am');
INSERT INTO users VALUES(142,'Rayna Hogan','Ask before overnight guests','Put things away as we use them','2am-4am','10am-noon');
INSERT INTO users VALUES(143,'Mara Rowe','Ask before overnight guests','Put things away as we use them','2am-4am','noon-2pm');
INSERT INTO users VALUES(144,'Mohammad Potter','Ask before overnight guests','Put things away as we use them','2am-4am','Other');
INSERT INTO users VALUES(145,'Rubi Lawrence','Ask before overnight guests','Put things away as we use them','Other','4-6am');
INSERT INTO users VALUES(146,'Semaj Macdonald','Ask before overnight guests','Put things away as we use them','Other','6-8pm');
INSERT INTO users VALUES(147,'Lilia Stevenson','Ask before overnight guests','Put things away as we use them','Other','8-10am');
INSERT INTO users VALUES(148,'Autumn Gonzalez','Ask before overnight guests','Put things away as we use them','Other','10am-noon');
INSERT INTO users VALUES(149,'Carleigh Mayer','Ask before overnight guests','Put things away as we use them','Other','noon-2pm');
INSERT INTO users VALUES(150,'Jaylene Norris','Ask before overnight guests','Put things away as we use them','Other','Other');
INSERT INTO users VALUES(151,'Luis Olson','No guests at all','Straighten up before bed','8-10pm','4-6am');
INSERT INTO users VALUES(152,'Patience Tate','No guests at all','Straighten up before bed','8-10pm','6-8pm');
INSERT INTO users VALUES(153,'Ethan Strickland','No guests at all','Straighten up before bed','8-10pm','8-10am');
INSERT INTO users VALUES(154,'Tyrell Donovan','No guests at all','Straighten up before bed','8-10pm','10am-noon');
INSERT INTO users VALUES(155,'Darien Camacho','No guests at all','Straighten up before bed','8-10pm','noon-2pm');
INSERT INTO users VALUES(156,'Pablo Vincent','No guests at all','Straighten up before bed','8-10pm','Other');
INSERT INTO users VALUES(157,'Marc Mcdonald','No guests at all','Straighten up before bed','10pm-midnight','4-6am');
INSERT INTO users VALUES(158,'Imani Spears','No guests at all','Straighten up before bed','10pm-midnight','6-8pm');
INSERT INTO users VALUES(159,'Kamryn Barnett','No guests at all','Straighten up before bed','10pm-midnight','8-10am');
INSERT INTO users VALUES(160,'Kaylynn Hanson','No guests at all','Straighten up before bed','10pm-midnight','10am-noon');
INSERT INTO users VALUES(161,'Ben Buchanan','No guests at all','Straighten up before bed','10pm-midnight','noon-2pm');
INSERT INTO users VALUES(162,'Adrianna Patterson','No guests at all','Straighten up before bed','10pm-midnight','Other');
INSERT INTO users VALUES(163,'Avah Ballard','No guests at all','Straighten up before bed','midnight-2am','4-6am');
INSERT INTO users VALUES(164,'Abagail Shepherd','No guests at all','Straighten up before bed','midnight-2am','6-8pm');
INSERT INTO users VALUES(165,'Finley Orozco','No guests at all','Straighten up before bed','midnight-2am','8-10am');
INSERT INTO users VALUES(166,'Camren Raymond','No guests at all','Straighten up before bed','midnight-2am','10am-noon');
INSERT INTO users VALUES(167,'Aarav Andersen','No guests at all','Straighten up before bed','midnight-2am','noon-2pm');
INSERT INTO users VALUES(168,'Bella Turner','No guests at all','Straighten up before bed','midnight-2am','Other');
INSERT INTO users VALUES(169,'Leon Kim','No guests at all','Straighten up before bed','2am-4am','4-6am');
INSERT INTO users VALUES(170,'Avah Bradford','No guests at all','Straighten up before bed','2am-4am','6-8pm');
INSERT INTO users VALUES(171,'Giovanny Wells','No guests at all','Straighten up before bed','2am-4am','8-10am');
INSERT INTO users VALUES(172,'Liam Harvey','No guests at all','Straighten up before bed','2am-4am','10am-noon');
INSERT INTO users VALUES(173,'Brooks Potts','No guests at all','Straighten up before bed','2am-4am','noon-2pm');
INSERT INTO users VALUES(174,'Zariah Morse','No guests at all','Straighten up before bed','2am-4am','Other');
INSERT INTO users VALUES(175,'Zavier Holmes','No guests at all','Straighten up before bed','Other','4-6am');
INSERT INTO users VALUES(176,'Gretchen Henderson','No guests at all','Straighten up before bed','Other','6-8pm');
INSERT INTO users VALUES(177,'Gilberto Castro','No guests at all','Straighten up before bed','Other','8-10am');
INSERT INTO users VALUES(178,'Dillon Harper','No guests at all','Straighten up before bed','Other','10am-noon');
INSERT INTO users VALUES(179,'Cassius Roberts','No guests at all','Straighten up before bed','Other','noon-2pm');
INSERT INTO users VALUES(180,'Howard Strickland','No guests at all','Straighten up before bed','Other','Other');
INSERT INTO users VALUES(181,'Tiara Beltran','No guests after 10pm','Straighten up before bed','8-10pm','4-6am');
INSERT INTO users VALUES(182,'Colin Ware','No guests after 10pm','Straighten up before bed','8-10pm','6-8pm');
INSERT INTO users VALUES(183,'Morgan Mcfarland','No guests after 10pm','Straighten up before bed','8-10pm','8-10am');
INSERT INTO users VALUES(184,'Lennon Pugh','No guests after 10pm','Straighten up before bed','8-10pm','10am-noon');
INSERT INTO users VALUES(185,'Jeremiah Collier','No guests after 10pm','Straighten up before bed','8-10pm','noon-2pm');
INSERT INTO users VALUES(186,'Alvin Pennington','No guests after 10pm','Straighten up before bed','8-10pm','Other');
INSERT INTO users VALUES(187,'Juan Ortega','No guests after 10pm','Straighten up before bed','10pm-midnight','4-6am');
INSERT INTO users VALUES(188,'Yusuf Kidd','No guests after 10pm','Straighten up before bed','10pm-midnight','6-8pm');
INSERT INTO users VALUES(189,'Jerome Schwartz','No guests after 10pm','Straighten up before bed','10pm-midnight','8-10am');
INSERT INTO users VALUES(190,'Sydney Strong','No guests after 10pm','Straighten up before bed','10pm-midnight','10am-noon');
INSERT INTO users VALUES(191,'Jayson Bryan','No guests after 10pm','Straighten up before bed','10pm-midnight','noon-2pm');
INSERT INTO users VALUES(192,'Aisha Collins','No guests after 10pm','Straighten up before bed','10pm-midnight','Other');
INSERT INTO users VALUES(193,'Cierra Barron','No guests after 10pm','Straighten up before bed','midnight-2am','4-6am');
INSERT INTO users VALUES(194,'Deacon Hawkins','No guests after 10pm','Straighten up before bed','midnight-2am','6-8pm');
INSERT INTO users VALUES(195,'Jovanni Blankenship','No guests after 10pm','Straighten up before bed','midnight-2am','8-10am');
INSERT INTO users VALUES(196,'Sullivan Blackwell','No guests after 10pm','Straighten up before bed','midnight-2am','10am-noon');
INSERT INTO users VALUES(197,'Kolten Flynn','No guests after 10pm','Straighten up before bed','midnight-2am','noon-2pm');
INSERT INTO users VALUES(198,'Karsyn Clarke','No guests after 10pm','Straighten up before bed','midnight-2am','Other');
INSERT INTO users VALUES(199,'Zackery Garrison','No guests after 10pm','Straighten up before bed','2am-4am','4-6am');
INSERT INTO users VALUES(200,'Trystan Fry','No guests after 10pm','Straighten up before bed','2am-4am','6-8pm');
INSERT INTO users VALUES(201,'Akira Madden','No guests after 10pm','Straighten up before bed','2am-4am','8-10am');
INSERT INTO users VALUES(202,'Matilda Garrett','No guests after 10pm','Straighten up before bed','2am-4am','10am-noon');
INSERT INTO users VALUES(203,'Scarlet Frey','No guests after 10pm','Straighten up before bed','2am-4am','noon-2pm');
INSERT INTO users VALUES(204,'Kolton Macdonald','No guests after 10pm','Straighten up before bed','2am-4am','Other');
INSERT INTO users VALUES(205,'Marin Campos','No guests after 10pm','Straighten up before bed','Other','4-6am');
INSERT INTO users VALUES(206,'Jacob Savage','No guests after 10pm','Straighten up before bed','Other','6-8pm');
INSERT INTO users VALUES(207,'Austin Alvarez','No guests after 10pm','Straighten up before bed','Other','8-10am');
INSERT INTO users VALUES(208,'Elian Ritter','No guests after 10pm','Straighten up before bed','Other','10am-noon');
INSERT INTO users VALUES(209,'Khalil Hutchinson','No guests after 10pm','Straighten up before bed','Other','noon-2pm');
INSERT INTO users VALUES(210,'Fletcher Gilbert','No guests after 10pm','Straighten up before bed','Other','Other');
INSERT INTO users VALUES(211,'Tony Hall','No overnight guests','Straighten up before bed','8-10pm','4-6am');
INSERT INTO users VALUES(212,'Dwayne Finley','No overnight guests','Straighten up before bed','8-10pm','6-8pm');
INSERT INTO users VALUES(213,'Adriel Flores','No overnight guests','Straighten up before bed','8-10pm','8-10am');
INSERT INTO users VALUES(214,'Payton Rose','No overnight guests','Straighten up before bed','8-10pm','10am-noon');
INSERT INTO users VALUES(215,'Sullivan Clarke','No overnight guests','Straighten up before bed','8-10pm','noon-2pm');
INSERT INTO users VALUES(216,'Keyon Sherman','No overnight guests','Straighten up before bed','8-10pm','Other');
INSERT INTO users VALUES(217,'Geovanni Park','No overnight guests','Straighten up before bed','10pm-midnight','4-6am');
INSERT INTO users VALUES(218,'Jordin Richard','No overnight guests','Straighten up before bed','10pm-midnight','6-8pm');
INSERT INTO users VALUES(219,'Presley Rush','No overnight guests','Straighten up before bed','10pm-midnight','8-10am');
INSERT INTO users VALUES(220,'Kiley Leach','No overnight guests','Straighten up before bed','10pm-midnight','10am-noon');
INSERT INTO users VALUES(221,'Curtis Blackwell','No overnight guests','Straighten up before bed','10pm-midnight','noon-2pm');
INSERT INTO users VALUES(222,'Laci Rollins','No overnight guests','Straighten up before bed','10pm-midnight','Other');
INSERT INTO users VALUES(223,'Dominique Atkinson','No overnight guests','Straighten up before bed','midnight-2am','4-6am');
INSERT INTO users VALUES(224,'Zander Cooley','No overnight guests','Straighten up before bed','midnight-2am','6-8pm');
INSERT INTO users VALUES(225,'Quinn Haley','No overnight guests','Straighten up before bed','midnight-2am','8-10am');
INSERT INTO users VALUES(226,'Byron Torres','No overnight guests','Straighten up before bed','midnight-2am','10am-noon');
INSERT INTO users VALUES(227,'Nina Moyer','No overnight guests','Straighten up before bed','midnight-2am','noon-2pm');
INSERT INTO users VALUES(228,'Tara Bean','No overnight guests','Straighten up before bed','midnight-2am','Other');
INSERT INTO users VALUES(229,'Monique Bean','No overnight guests','Straighten up before bed','2am-4am','4-6am');
INSERT INTO users VALUES(230,'Luis Kemp','No overnight guests','Straighten up before bed','2am-4am','6-8pm');
INSERT INTO users VALUES(231,'Jaeden Yates','No overnight guests','Straighten up before bed','2am-4am','8-10am');
INSERT INTO users VALUES(232,'Ireland Maddox','No overnight guests','Straighten up before bed','2am-4am','10am-noon');
INSERT INTO users VALUES(233,'Heidy Spencer','No overnight guests','Straighten up before bed','2am-4am','noon-2pm');
INSERT INTO users VALUES(234,'Aubrie Daniels','No overnight guests','Straighten up before bed','2am-4am','Other');
INSERT INTO users VALUES(235,'Regan Chang','No overnight guests','Straighten up before bed','Other','4-6am');
INSERT INTO users VALUES(236,'Jordan Melendez','No overnight guests','Straighten up before bed','Other','6-8pm');
INSERT INTO users VALUES(237,'Augustus Pena','No overnight guests','Straighten up before bed','Other','8-10am');
INSERT INTO users VALUES(238,'Gael Brooks','No overnight guests','Straighten up before bed','Other','10am-noon');
INSERT INTO users VALUES(239,'Harper Little','No overnight guests','Straighten up before bed','Other','noon-2pm');
INSERT INTO users VALUES(240,'Abril Howell','No overnight guests','Straighten up before bed','Other','Other');
INSERT INTO users VALUES(241,'Alfonso Douglas','Ask before late night guests','Straighten up before bed','8-10pm','4-6am');
INSERT INTO users VALUES(242,'Taliyah Sanders','Ask before late night guests','Straighten up before bed','8-10pm','6-8pm');
INSERT INTO users VALUES(243,'Kolten Richardson','Ask before late night guests','Straighten up before bed','8-10pm','8-10am');
INSERT INTO users VALUES(244,'Lilyana Mack','Ask before late night guests','Straighten up before bed','8-10pm','10am-noon');
INSERT INTO users VALUES(245,'Sherlyn Fowler','Ask before late night guests','Straighten up before bed','8-10pm','noon-2pm');
INSERT INTO users VALUES(246,'Diamond Welch','Ask before late night guests','Straighten up before bed','8-10pm','Other');
INSERT INTO users VALUES(247,'Lindsey Mcguire','Ask before late night guests','Straighten up before bed','10pm-midnight','4-6am');
INSERT INTO users VALUES(248,'Samantha Parks','Ask before late night guests','Straighten up before bed','10pm-midnight','6-8pm');
INSERT INTO users VALUES(249,'Aaden Henderson','Ask before late night guests','Straighten up before bed','10pm-midnight','8-10am');
INSERT INTO users VALUES(250,'Maximus Greene','Ask before late night guests','Straighten up before bed','10pm-midnight','10am-noon');
INSERT INTO users VALUES(251,'Angeline Boyd','Ask before late night guests','Straighten up before bed','10pm-midnight','noon-2pm');
INSERT INTO users VALUES(252,'Olivia Dunn','Ask before late night guests','Straighten up before bed','10pm-midnight','Other');
INSERT INTO users VALUES(253,'Annie Higgins','Ask before late night guests','Straighten up before bed','midnight-2am','4-6am');
INSERT INTO users VALUES(254,'Belen Espinoza','Ask before late night guests','Straighten up before bed','midnight-2am','6-8pm');
INSERT INTO users VALUES(255,'Elian Salas','Ask before late night guests','Straighten up before bed','midnight-2am','8-10am');
INSERT INTO users VALUES(256,'Zariah Walls','Ask before late night guests','Straighten up before bed','midnight-2am','10am-noon');
INSERT INTO users VALUES(257,'Santos Arias','Ask before late night guests','Straighten up before bed','midnight-2am','noon-2pm');
INSERT INTO users VALUES(258,'Greta Odom','Ask before late night guests','Straighten up before bed','midnight-2am','Other');
INSERT INTO users VALUES(259,'Jamir Gentry','Ask before late night guests','Straighten up before bed','2am-4am','4-6am');
INSERT INTO users VALUES(260,'Talon Blackburn','Ask before late night guests','Straighten up before bed','2am-4am','6-8pm');
INSERT INTO users VALUES(261,'Solomon Harmon','Ask before late night guests','Straighten up before bed','2am-4am','8-10am');
INSERT INTO users VALUES(262,'Adolfo Schaefer','Ask before late night guests','Straighten up before bed','2am-4am','10am-noon');
INSERT INTO users VALUES(263,'Emery Hanna','Ask before late night guests','Straighten up before bed','2am-4am','noon-2pm');
INSERT INTO users VALUES(264,'Jaiden Mcintosh','Ask before late night guests','Straighten up before bed','2am-4am','Other');
INSERT INTO users VALUES(265,'Keira Goodman','Ask before late night guests','Straighten up before bed','Other','4-6am');
INSERT INTO users VALUES(266,'Spencer Newman','Ask before late night guests','Straighten up before bed','Other','6-8pm');
INSERT INTO users VALUES(267,'Aryana Hurst','Ask before late night guests','Straighten up before bed','Other','8-10am');
INSERT INTO users VALUES(268,'Karma Mcdonald','Ask before late night guests','Straighten up before bed','Other','10am-noon');
INSERT INTO users VALUES(269,'Audrina Calderon','Ask before late night guests','Straighten up before bed','Other','noon-2pm');
INSERT INTO users VALUES(270,'Denisse Hays','Ask before late night guests','Straighten up before bed','Other','Other');
INSERT INTO users VALUES(271,'Duncan Hogan','Ask before overnight guests','Straighten up before bed','8-10pm','4-6am');
INSERT INTO users VALUES(272,'Elizabeth Cunningham','Ask before overnight guests','Straighten up before bed','8-10pm','6-8pm');
INSERT INTO users VALUES(273,'Mark West','Ask before overnight guests','Straighten up before bed','8-10pm','8-10am');
INSERT INTO users VALUES(274,'Colton Morrow','Ask before overnight guests','Straighten up before bed','8-10pm','10am-noon');
INSERT INTO users VALUES(275,'Philip Richardson','Ask before overnight guests','Straighten up before bed','8-10pm','noon-2pm');
INSERT INTO users VALUES(276,'Briley Owen','Ask before overnight guests','Straighten up before bed','8-10pm','Other');
INSERT INTO users VALUES(277,'Hope Mcconnell','Ask before overnight guests','Straighten up before bed','10pm-midnight','4-6am');
INSERT INTO users VALUES(278,'Ayana Garrett','Ask before overnight guests','Straighten up before bed','10pm-midnight','6-8pm');
INSERT INTO users VALUES(279,'Muhammad Burns','Ask before overnight guests','Straighten up before bed','10pm-midnight','8-10am');
INSERT INTO users VALUES(280,'Deshawn Olsen','Ask before overnight guests','Straighten up before bed','10pm-midnight','10am-noon');
INSERT INTO users VALUES(281,'Curtis Stafford','Ask before overnight guests','Straighten up before bed','10pm-midnight','noon-2pm');
INSERT INTO users VALUES(282,'Laila Butler','Ask before overnight guests','Straighten up before bed','10pm-midnight','Other');
INSERT INTO users VALUES(283,'Alyson Schaefer','Ask before overnight guests','Straighten up before bed','midnight-2am','4-6am');
INSERT INTO users VALUES(284,'Bradley Mclean','Ask before overnight guests','Straighten up before bed','midnight-2am','6-8pm');
INSERT INTO users VALUES(285,'Lillianna Mcbride','Ask before overnight guests','Straighten up before bed','midnight-2am','8-10am');
INSERT INTO users VALUES(286,'Micah Parks','Ask before overnight guests','Straighten up before bed','midnight-2am','10am-noon');
INSERT INTO users VALUES(287,'Michelle Pena','Ask before overnight guests','Straighten up before bed','midnight-2am','noon-2pm');
INSERT INTO users VALUES(288,'Reilly Melton','Ask before overnight guests','Straighten up before bed','midnight-2am','Other');
INSERT INTO users VALUES(289,'Ann Swanson','Ask before overnight guests','Straighten up before bed','2am-4am','4-6am');
INSERT INTO users VALUES(290,'Kaley Kirby','Ask before overnight guests','Straighten up before bed','2am-4am','6-8pm');
INSERT INTO users VALUES(291,'Jane Duke','Ask before overnight guests','Straighten up before bed','2am-4am','8-10am');
INSERT INTO users VALUES(292,'Aaden Cervantes','Ask before overnight guests','Straighten up before bed','2am-4am','10am-noon');
INSERT INTO users VALUES(293,'Alfred Ponce','Ask before overnight guests','Straighten up before bed','2am-4am','noon-2pm');
INSERT INTO users VALUES(294,'Tanya Frye','Ask before overnight guests','Straighten up before bed','2am-4am','Other');
INSERT INTO users VALUES(295,'Iyana Figueroa','Ask before overnight guests','Straighten up before bed','Other','4-6am');
INSERT INTO users VALUES(296,'Jillian Allison','Ask before overnight guests','Straighten up before bed','Other','6-8pm');
INSERT INTO users VALUES(297,'Laurel Cameron','Ask before overnight guests','Straighten up before bed','Other','8-10am');
INSERT INTO users VALUES(298,'Naomi Horn','Ask before overnight guests','Straighten up before bed','Other','10am-noon');
INSERT INTO users VALUES(299,'Gustavo Barron','Ask before overnight guests','Straighten up before bed','Other','noon-2pm');
INSERT INTO users VALUES(300,'Frances Knapp','Ask before overnight guests','Straighten up before bed','Other','Other');
INSERT INTO users VALUES(301,'Zaire Spence','No guests at all','Clean up once per week','8-10pm','4-6am');
INSERT INTO users VALUES(302,'Kadyn Cummings','No guests at all','Clean up once per week','8-10pm','6-8pm');
INSERT INTO users VALUES(303,'Noe Long','No guests at all','Clean up once per week','8-10pm','8-10am');
INSERT INTO users VALUES(304,'Adrien Dyer','No guests at all','Clean up once per week','8-10pm','10am-noon');
INSERT INTO users VALUES(305,'Christian Huerta','No guests at all','Clean up once per week','8-10pm','noon-2pm');
INSERT INTO users VALUES(306,'Reese Nguyen','No guests at all','Clean up once per week','8-10pm','Other');
INSERT INTO users VALUES(307,'Jamiya Rasmussen','No guests at all','Clean up once per week','10pm-midnight','4-6am');
INSERT INTO users VALUES(308,'Adriel Moses','No guests at all','Clean up once per week','10pm-midnight','6-8pm');
INSERT INTO users VALUES(309,'Jayson Santos','No guests at all','Clean up once per week','10pm-midnight','8-10am');
INSERT INTO users VALUES(310,'Christina Bowen','No guests at all','Clean up once per week','10pm-midnight','10am-noon');
INSERT INTO users VALUES(311,'Gage Cobb','No guests at all','Clean up once per week','10pm-midnight','noon-2pm');
INSERT INTO users VALUES(312,'Dale Barajas','No guests at all','Clean up once per week','10pm-midnight','Other');
INSERT INTO users VALUES(313,'Greta Morton','No guests at all','Clean up once per week','midnight-2am','4-6am');
INSERT INTO users VALUES(314,'Areli Collins','No guests at all','Clean up once per week','midnight-2am','6-8pm');
INSERT INTO users VALUES(315,'Payten Conley','No guests at all','Clean up once per week','midnight-2am','8-10am');
INSERT INTO users VALUES(316,'Rosemary Tate','No guests at all','Clean up once per week','midnight-2am','10am-noon');
INSERT INTO users VALUES(317,'Justice Hampton','No guests at all','Clean up once per week','midnight-2am','noon-2pm');
INSERT INTO users VALUES(318,'Jayla Madden','No guests at all','Clean up once per week','midnight-2am','Other');
INSERT INTO users VALUES(319,'Gabriella Duke','No guests at all','Clean up once per week','2am-4am','4-6am');
INSERT INTO users VALUES(320,'Jolie Mahoney','No guests at all','Clean up once per week','2am-4am','6-8pm');
INSERT INTO users VALUES(321,'Ella Ashley','No guests at all','Clean up once per week','2am-4am','8-10am');
INSERT INTO users VALUES(322,'Laila Ballard','No guests at all','Clean up once per week','2am-4am','10am-noon');
INSERT INTO users VALUES(323,'Phoenix Barron','No guests at all','Clean up once per week','2am-4am','noon-2pm');
INSERT INTO users VALUES(324,'Alexia Foster','No guests at all','Clean up once per week','2am-4am','Other');
INSERT INTO users VALUES(325,'Aliya Osborne','No guests at all','Clean up once per week','Other','4-6am');
INSERT INTO users VALUES(326,'Aisha Harris','No guests at all','Clean up once per week','Other','6-8pm');
INSERT INTO users VALUES(327,'Ryder Hoover','No guests at all','Clean up once per week','Other','8-10am');
INSERT INTO users VALUES(328,'Celia Camacho','No guests at all','Clean up once per week','Other','10am-noon');
INSERT INTO users VALUES(329,'Sharon Jensen','No guests at all','Clean up once per week','Other','noon-2pm');
INSERT INTO users VALUES(330,'Alessandro Vega','No guests at all','Clean up once per week','Other','Other');
INSERT INTO users VALUES(331,'Raiden Long','No guests after 10pm','Clean up once per week','8-10pm','4-6am');
INSERT INTO users VALUES(332,'Makai Osborne','No guests after 10pm','Clean up once per week','8-10pm','6-8pm');
INSERT INTO users VALUES(333,'Reid Casey','No guests after 10pm','Clean up once per week','8-10pm','8-10am');
INSERT INTO users VALUES(334,'Mireya Scott','No guests after 10pm','Clean up once per week','8-10pm','10am-noon');
INSERT INTO users VALUES(335,'Reese Greer','No guests after 10pm','Clean up once per week','8-10pm','noon-2pm');
INSERT INTO users VALUES(336,'Zayne Yang','No guests after 10pm','Clean up once per week','8-10pm','Other');
INSERT INTO users VALUES(337,'Tiara Gregory','No guests after 10pm','Clean up once per week','10pm-midnight','4-6am');
INSERT INTO users VALUES(338,'Madelynn Cline','No guests after 10pm','Clean up once per week','10pm-midnight','6-8pm');
INSERT INTO users VALUES(339,'Laila Shea','No guests after 10pm','Clean up once per week','10pm-midnight','8-10am');
INSERT INTO users VALUES(340,'Lucian Blankenship','No guests after 10pm','Clean up once per week','10pm-midnight','10am-noon');
INSERT INTO users VALUES(341,'Zane Delgado','No guests after 10pm','Clean up once per week','10pm-midnight','noon-2pm');
INSERT INTO users VALUES(342,'Armando Hays','No guests after 10pm','Clean up once per week','10pm-midnight','Other');
INSERT INTO users VALUES(343,'Vincent Herrera','No guests after 10pm','Clean up once per week','midnight-2am','4-6am');
INSERT INTO users VALUES(344,'Leonidas Charles','No guests after 10pm','Clean up once per week','midnight-2am','6-8pm');
INSERT INTO users VALUES(345,'Maribel Lam','No guests after 10pm','Clean up once per week','midnight-2am','8-10am');
INSERT INTO users VALUES(346,'Jameson Calhoun','No guests after 10pm','Clean up once per week','midnight-2am','10am-noon');
INSERT INTO users VALUES(347,'Carlee Coffey','No guests after 10pm','Clean up once per week','midnight-2am','noon-2pm');
INSERT INTO users VALUES(348,'Allie Thompson','No guests after 10pm','Clean up once per week','midnight-2am','Other');
INSERT INTO users VALUES(349,'Stacy Norman','No guests after 10pm','Clean up once per week','2am-4am','4-6am');
INSERT INTO users VALUES(350,'Zoe Li','No guests after 10pm','Clean up once per week','2am-4am','6-8pm');
INSERT INTO users VALUES(351,'Daisy Middleton','No guests after 10pm','Clean up once per week','2am-4am','8-10am');
INSERT INTO users VALUES(352,'Ty Haas','No guests after 10pm','Clean up once per week','2am-4am','10am-noon');
INSERT INTO users VALUES(353,'Guillermo Solomon','No guests after 10pm','Clean up once per week','2am-4am','noon-2pm');
INSERT INTO users VALUES(354,'Gabrielle Blankenship','No guests after 10pm','Clean up once per week','2am-4am','Other');
INSERT INTO users VALUES(355,'Taryn Avila','No guests after 10pm','Clean up once per week','Other','4-6am');
INSERT INTO users VALUES(356,'Amari Russo','No guests after 10pm','Clean up once per week','Other','6-8pm');
INSERT INTO users VALUES(357,'Malakai Blake','No guests after 10pm','Clean up once per week','Other','8-10am');
INSERT INTO users VALUES(358,'Kenley Hester','No guests after 10pm','Clean up once per week','Other','10am-noon');
INSERT INTO users VALUES(359,'Barrett Guzman','No guests after 10pm','Clean up once per week','Other','noon-2pm');
INSERT INTO users VALUES(360,'Tyrese Goodman','No guests after 10pm','Clean up once per week','Other','Other');
INSERT INTO users VALUES(361,'Jamir Huffman','No overnight guests','Clean up once per week','8-10pm','4-6am');
INSERT INTO users VALUES(362,'Cooper Richard','No overnight guests','Clean up once per week','8-10pm','6-8pm');
INSERT INTO users VALUES(363,'Elle Hodges','No overnight guests','Clean up once per week','8-10pm','8-10am');
INSERT INTO users VALUES(364,'Ryann Garner','No overnight guests','Clean up once per week','8-10pm','10am-noon');
INSERT INTO users VALUES(365,'Jeffery Palmer','No overnight guests','Clean up once per week','8-10pm','noon-2pm');
INSERT INTO users VALUES(366,'Cason Dixon','No overnight guests','Clean up once per week','8-10pm','Other');
INSERT INTO users VALUES(367,'Chandler Anderson','No overnight guests','Clean up once per week','10pm-midnight','4-6am');
INSERT INTO users VALUES(368,'Giuliana Koch','No overnight guests','Clean up once per week','10pm-midnight','6-8pm');
INSERT INTO users VALUES(369,'Bruce Nixon','No overnight guests','Clean up once per week','10pm-midnight','8-10am');
INSERT INTO users VALUES(370,'Abdullah Franklin','No overnight guests','Clean up once per week','10pm-midnight','10am-noon');
INSERT INTO users VALUES(371,'Lucy Nixon','No overnight guests','Clean up once per week','10pm-midnight','noon-2pm');
INSERT INTO users VALUES(372,'Landin Burgess','No overnight guests','Clean up once per week','10pm-midnight','Other');
INSERT INTO users VALUES(373,'Gavin Cherry','No overnight guests','Clean up once per week','midnight-2am','4-6am');
INSERT INTO users VALUES(374,'Gemma Price','No overnight guests','Clean up once per week','midnight-2am','6-8pm');
INSERT INTO users VALUES(375,'Ashanti Luna','No overnight guests','Clean up once per week','midnight-2am','8-10am');
INSERT INTO users VALUES(376,'Jordan Waller','No overnight guests','Clean up once per week','midnight-2am','10am-noon');
INSERT INTO users VALUES(377,'Ella Walker','No overnight guests','Clean up once per week','midnight-2am','noon-2pm');
INSERT INTO users VALUES(378,'Dillon Leonard','No overnight guests','Clean up once per week','midnight-2am','Other');
INSERT INTO users VALUES(379,'Sydney Obrien','No overnight guests','Clean up once per week','2am-4am','4-6am');
INSERT INTO users VALUES(380,'Tanner Curtis','No overnight guests','Clean up once per week','2am-4am','6-8pm');
INSERT INTO users VALUES(381,'Ashleigh Estrada','No overnight guests','Clean up once per week','2am-4am','8-10am');
INSERT INTO users VALUES(382,'Dominique Nolan','No overnight guests','Clean up once per week','2am-4am','10am-noon');
INSERT INTO users VALUES(383,'Kevin Benson','No overnight guests','Clean up once per week','2am-4am','noon-2pm');
INSERT INTO users VALUES(384,'Ryan Huynh','No overnight guests','Clean up once per week','2am-4am','Other');
INSERT INTO users VALUES(385,'Moises Mckay','No overnight guests','Clean up once per week','Other','4-6am');
INSERT INTO users VALUES(386,'Aryana Chaney','No overnight guests','Clean up once per week','Other','6-8pm');
INSERT INTO users VALUES(387,'Felicity Schmitt','No overnight guests','Clean up once per week','Other','8-10am');
INSERT INTO users VALUES(388,'Zackery Singleton','No overnight guests','Clean up once per week','Other','10am-noon');
INSERT INTO users VALUES(389,'Daphne Nichols','No overnight guests','Clean up once per week','Other','noon-2pm');
INSERT INTO users VALUES(390,'Kayley Cisneros','No overnight guests','Clean up once per week','Other','Other');
INSERT INTO users VALUES(391,'Avah Underwood','Ask before late night guests','Clean up once per week','8-10pm','4-6am');
INSERT INTO users VALUES(392,'Carina Cherry','Ask before late night guests','Clean up once per week','8-10pm','6-8pm');
INSERT INTO users VALUES(393,'Aidyn Middleton','Ask before late night guests','Clean up once per week','8-10pm','8-10am');
INSERT INTO users VALUES(394,'Zack Sims','Ask before late night guests','Clean up once per week','8-10pm','10am-noon');
INSERT INTO users VALUES(395,'Lizbeth Warner','Ask before late night guests','Clean up once per week','8-10pm','noon-2pm');
INSERT INTO users VALUES(396,'Brennen Bell','Ask before late night guests','Clean up once per week','8-10pm','Other');
INSERT INTO users VALUES(397,'Diya Maynard','Ask before late night guests','Clean up once per week','10pm-midnight','4-6am');
INSERT INTO users VALUES(398,'Rey Daniel','Ask before late night guests','Clean up once per week','10pm-midnight','6-8pm');
INSERT INTO users VALUES(399,'Landen Schroeder','Ask before late night guests','Clean up once per week','10pm-midnight','8-10am');
INSERT INTO users VALUES(400,'Jaida Short','Ask before late night guests','Clean up once per week','10pm-midnight','10am-noon');
INSERT INTO users VALUES(401,'Easton Newman','Ask before late night guests','Clean up once per week','10pm-midnight','noon-2pm');
INSERT INTO users VALUES(402,'Conrad Galvan','Ask before late night guests','Clean up once per week','10pm-midnight','Other');
INSERT INTO users VALUES(403,'Cooper Whitaker','Ask before late night guests','Clean up once per week','midnight-2am','4-6am');
INSERT INTO users VALUES(404,'Deja Stout','Ask before late night guests','Clean up once per week','midnight-2am','6-8pm');
INSERT INTO users VALUES(405,'Reginald Gordon','Ask before late night guests','Clean up once per week','midnight-2am','8-10am');
INSERT INTO users VALUES(406,'Ada Snow','Ask before late night guests','Clean up once per week','midnight-2am','10am-noon');
INSERT INTO users VALUES(407,'Cade Gilbert','Ask before late night guests','Clean up once per week','midnight-2am','noon-2pm');
INSERT INTO users VALUES(408,'Kathryn Wang','Ask before late night guests','Clean up once per week','midnight-2am','Other');
INSERT INTO users VALUES(409,'Marshall Decker','Ask before late night guests','Clean up once per week','2am-4am','4-6am');
INSERT INTO users VALUES(410,'Max Wolf','Ask before late night guests','Clean up once per week','2am-4am','6-8pm');
INSERT INTO users VALUES(411,'Breanna Hicks','Ask before late night guests','Clean up once per week','2am-4am','8-10am');
INSERT INTO users VALUES(412,'Laci Haas','Ask before late night guests','Clean up once per week','2am-4am','10am-noon');
INSERT INTO users VALUES(413,'Jadyn Moran','Ask before late night guests','Clean up once per week','2am-4am','noon-2pm');
INSERT INTO users VALUES(414,'Jamiya Cisneros','Ask before late night guests','Clean up once per week','2am-4am','Other');
INSERT INTO users VALUES(415,'Hanna Raymond','Ask before late night guests','Clean up once per week','Other','4-6am');
INSERT INTO users VALUES(416,'Nataly Andrews','Ask before late night guests','Clean up once per week','Other','6-8pm');
INSERT INTO users VALUES(417,'Teagan Doyle','Ask before late night guests','Clean up once per week','Other','8-10am');
INSERT INTO users VALUES(418,'Sierra Richmond','Ask before late night guests','Clean up once per week','Other','10am-noon');
INSERT INTO users VALUES(419,'Emmanuel Osborne','Ask before late night guests','Clean up once per week','Other','noon-2pm');
INSERT INTO users VALUES(420,'Phillip Beasley','Ask before late night guests','Clean up once per week','Other','Other');
INSERT INTO users VALUES(421,'Audrey Mooney','Ask before overnight guests','Clean up once per week','8-10pm','4-6am');
INSERT INTO users VALUES(422,'Taryn Woodard','Ask before overnight guests','Clean up once per week','8-10pm','6-8pm');
INSERT INTO users VALUES(423,'Isabela Tran','Ask before overnight guests','Clean up once per week','8-10pm','8-10am');
INSERT INTO users VALUES(424,'Alvaro Li','Ask before overnight guests','Clean up once per week','8-10pm','10am-noon');
INSERT INTO users VALUES(425,'Jorden Lowery','Ask before overnight guests','Clean up once per week','8-10pm','noon-2pm');
INSERT INTO users VALUES(426,'Aiden Howard','Ask before overnight guests','Clean up once per week','8-10pm','Other');
INSERT INTO users VALUES(427,'Branson Nolan','Ask before overnight guests','Clean up once per week','10pm-midnight','4-6am');
INSERT INTO users VALUES(428,'Hope Randall','Ask before overnight guests','Clean up once per week','10pm-midnight','6-8pm');
INSERT INTO users VALUES(429,'Taylor Blanchard','Ask before overnight guests','Clean up once per week','10pm-midnight','8-10am');
INSERT INTO users VALUES(430,'Kaeden Robinson','Ask before overnight guests','Clean up once per week','10pm-midnight','10am-noon');
INSERT INTO users VALUES(431,'Zachariah Yang','Ask before overnight guests','Clean up once per week','10pm-midnight','noon-2pm');
INSERT INTO users VALUES(432,'Edith Salas','Ask before overnight guests','Clean up once per week','10pm-midnight','Other');
INSERT INTO users VALUES(433,'Mira Ryan','Ask before overnight guests','Clean up once per week','midnight-2am','4-6am');
INSERT INTO users VALUES(434,'Uriel Young','Ask before overnight guests','Clean up once per week','midnight-2am','6-8pm');
INSERT INTO users VALUES(435,'Quinn Cunningham','Ask before overnight guests','Clean up once per week','midnight-2am','8-10am');
INSERT INTO users VALUES(436,'Cyrus Kelley','Ask before overnight guests','Clean up once per week','midnight-2am','10am-noon');
INSERT INTO users VALUES(437,'Chris Mcintosh','Ask before overnight guests','Clean up once per week','midnight-2am','noon-2pm');
INSERT INTO users VALUES(438,'Kathryn Santiago','Ask before overnight guests','Clean up once per week','midnight-2am','Other');
INSERT INTO users VALUES(439,'Eleanor Graham','Ask before overnight guests','Clean up once per week','2am-4am','4-6am');
INSERT INTO users VALUES(440,'Davion Cardenas','Ask before overnight guests','Clean up once per week','2am-4am','6-8pm');
INSERT INTO users VALUES(441,'Stephany Dudley','Ask before overnight guests','Clean up once per week','2am-4am','8-10am');
INSERT INTO users VALUES(442,'Clara Macias','Ask before overnight guests','Clean up once per week','2am-4am','10am-noon');
INSERT INTO users VALUES(443,'Harrison Le','Ask before overnight guests','Clean up once per week','2am-4am','noon-2pm');
INSERT INTO users VALUES(444,'Olive Sanders','Ask before overnight guests','Clean up once per week','2am-4am','Other');
INSERT INTO users VALUES(445,'Jose Sampson','Ask before overnight guests','Clean up once per week','Other','4-6am');
INSERT INTO users VALUES(446,'Faith Blair','Ask before overnight guests','Clean up once per week','Other','6-8pm');
INSERT INTO users VALUES(447,'Kaitlyn Mccormick','Ask before overnight guests','Clean up once per week','Other','8-10am');
INSERT INTO users VALUES(448,'Christina Chan','Ask before overnight guests','Clean up once per week','Other','10am-noon');
INSERT INTO users VALUES(449,'Georgia Wheeler','Ask before overnight guests','Clean up once per week','Other','noon-2pm');
INSERT INTO users VALUES(450,'Mariam Cowan','Ask before overnight guests','Clean up once per week','Other','Other');
INSERT INTO users VALUES(451,'Josue Jones','No guests at all','Straighten up for guests','8-10pm','4-6am');
INSERT INTO users VALUES(452,'Makena Silva','No guests at all','Straighten up for guests','8-10pm','6-8pm');
INSERT INTO users VALUES(453,'Cyrus Hansen','No guests at all','Straighten up for guests','8-10pm','8-10am');
INSERT INTO users VALUES(454,'Kate Coleman','No guests at all','Straighten up for guests','8-10pm','10am-noon');
INSERT INTO users VALUES(455,'Simone Barrett','No guests at all','Straighten up for guests','8-10pm','noon-2pm');
INSERT INTO users VALUES(456,'Marvin Hull','No guests at all','Straighten up for guests','8-10pm','Other');
INSERT INTO users VALUES(457,'Sylvia Morrison','No guests at all','Straighten up for guests','10pm-midnight','4-6am');
INSERT INTO users VALUES(458,'Juan Zhang','No guests at all','Straighten up for guests','10pm-midnight','6-8pm');
INSERT INTO users VALUES(459,'Pamela Hansen','No guests at all','Straighten up for guests','10pm-midnight','8-10am');
INSERT INTO users VALUES(460,'Josie Mclean','No guests at all','Straighten up for guests','10pm-midnight','10am-noon');
INSERT INTO users VALUES(461,'Jordan Mills','No guests at all','Straighten up for guests','10pm-midnight','noon-2pm');
INSERT INTO users VALUES(462,'Tanner Gilbert','No guests at all','Straighten up for guests','10pm-midnight','Other');
INSERT INTO users VALUES(463,'Kenneth Thomas','No guests at all','Straighten up for guests','midnight-2am','4-6am');
INSERT INTO users VALUES(464,'Mario Ferrell','No guests at all','Straighten up for guests','midnight-2am','6-8pm');
INSERT INTO users VALUES(465,'Rachel Wong','No guests at all','Straighten up for guests','midnight-2am','8-10am');
INSERT INTO users VALUES(466,'Gianni Whitney','No guests at all','Straighten up for guests','midnight-2am','10am-noon');
INSERT INTO users VALUES(467,'Kristina Parks','No guests at all','Straighten up for guests','midnight-2am','noon-2pm');
INSERT INTO users VALUES(468,'Hassan Mcfarland','No guests at all','Straighten up for guests','midnight-2am','Other');
INSERT INTO users VALUES(469,'Zavier Phillips','No guests at all','Straighten up for guests','2am-4am','4-6am');
INSERT INTO users VALUES(470,'Bria Acosta','No guests at all','Straighten up for guests','2am-4am','6-8pm');
INSERT INTO users VALUES(471,'Rolando Robles','No guests at all','Straighten up for guests','2am-4am','8-10am');
INSERT INTO users VALUES(472,'Marisol Heath','No guests at all','Straighten up for guests','2am-4am','10am-noon');
INSERT INTO users VALUES(473,'Kaydence Henry','No guests at all','Straighten up for guests','2am-4am','noon-2pm');
INSERT INTO users VALUES(474,'Nancy Foley','No guests at all','Straighten up for guests','2am-4am','Other');
INSERT INTO users VALUES(475,'Thalia Wiggins','No guests at all','Straighten up for guests','Other','4-6am');
INSERT INTO users VALUES(476,'Frances Stein','No guests at all','Straighten up for guests','Other','6-8pm');
INSERT INTO users VALUES(477,'Nataly Roach','No guests at all','Straighten up for guests','Other','8-10am');
INSERT INTO users VALUES(478,'Michelle Travis','No guests at all','Straighten up for guests','Other','10am-noon');
INSERT INTO users VALUES(479,'Micah Johns','No guests at all','Straighten up for guests','Other','noon-2pm');
INSERT INTO users VALUES(480,'Jakobe Brennan','No guests at all','Straighten up for guests','Other','Other');
INSERT INTO users VALUES(481,'Alden Dudley','No guests after 10pm','Straighten up for guests','8-10pm','4-6am');
INSERT INTO users VALUES(482,'Kylan Peters','No guests after 10pm','Straighten up for guests','8-10pm','6-8pm');
INSERT INTO users VALUES(483,'Jamal Mathews','No guests after 10pm','Straighten up for guests','8-10pm','8-10am');
INSERT INTO users VALUES(484,'Paige Hunter','No guests after 10pm','Straighten up for guests','8-10pm','10am-noon');
INSERT INTO users VALUES(485,'Tatiana Cordova','No guests after 10pm','Straighten up for guests','8-10pm','noon-2pm');
INSERT INTO users VALUES(486,'Landen Hendrix','No guests after 10pm','Straighten up for guests','8-10pm','Other');
INSERT INTO users VALUES(487,'Tyshawn Walters','No guests after 10pm','Straighten up for guests','10pm-midnight','4-6am');
INSERT INTO users VALUES(488,'Jonathon Keith','No guests after 10pm','Straighten up for guests','10pm-midnight','6-8pm');
INSERT INTO users VALUES(489,'Savion Ward','No guests after 10pm','Straighten up for guests','10pm-midnight','8-10am');
INSERT INTO users VALUES(490,'Aleah Cline','No guests after 10pm','Straighten up for guests','10pm-midnight','10am-noon');
INSERT INTO users VALUES(491,'Eduardo Perry','No guests after 10pm','Straighten up for guests','10pm-midnight','noon-2pm');
INSERT INTO users VALUES(492,'Nathalie Parsons','No guests after 10pm','Straighten up for guests','10pm-midnight','Other');
INSERT INTO users VALUES(493,'Rolando Gibbs','No guests after 10pm','Straighten up for guests','midnight-2am','4-6am');
INSERT INTO users VALUES(494,'Brayan Sandoval','No guests after 10pm','Straighten up for guests','midnight-2am','6-8pm');
INSERT INTO users VALUES(495,'Jazlene Barajas','No guests after 10pm','Straighten up for guests','midnight-2am','8-10am');
INSERT INTO users VALUES(496,'Logan Barron','No guests after 10pm','Straighten up for guests','midnight-2am','10am-noon');
INSERT INTO users VALUES(497,'Caden Sloan','No guests after 10pm','Straighten up for guests','midnight-2am','noon-2pm');
INSERT INTO users VALUES(498,'Morgan Castaneda','No guests after 10pm','Straighten up for guests','midnight-2am','Other');
INSERT INTO users VALUES(499,'Skylar Jackson','No guests after 10pm','Straighten up for guests','2am-4am','4-6am');
INSERT INTO users VALUES(500,'Morgan Chung','No guests after 10pm','Straighten up for guests','2am-4am','6-8pm');
INSERT INTO users VALUES(501,'Mya Randolph','No guests after 10pm','Straighten up for guests','2am-4am','8-10am');
INSERT INTO users VALUES(502,'Izabelle Wells','No guests after 10pm','Straighten up for guests','2am-4am','10am-noon');
INSERT INTO users VALUES(503,'Armani Haney','No guests after 10pm','Straighten up for guests','2am-4am','noon-2pm');
INSERT INTO users VALUES(504,'Nina Roberts','No guests after 10pm','Straighten up for guests','2am-4am','Other');
INSERT INTO users VALUES(505,'Tiffany Webster','No guests after 10pm','Straighten up for guests','Other','4-6am');
INSERT INTO users VALUES(506,'Virginia Duarte','No guests after 10pm','Straighten up for guests','Other','6-8pm');
INSERT INTO users VALUES(507,'Tyshawn Levy','No guests after 10pm','Straighten up for guests','Other','8-10am');
INSERT INTO users VALUES(508,'Sandra Huffman','No guests after 10pm','Straighten up for guests','Other','10am-noon');
INSERT INTO users VALUES(509,'Dania Burke','No guests after 10pm','Straighten up for guests','Other','noon-2pm');
INSERT INTO users VALUES(510,'Zachary Hancock','No guests after 10pm','Straighten up for guests','Other','Other');
INSERT INTO users VALUES(511,'Aria Santos','No overnight guests','Straighten up for guests','8-10pm','4-6am');
INSERT INTO users VALUES(512,'Clinton Potter','No overnight guests','Straighten up for guests','8-10pm','6-8pm');
INSERT INTO users VALUES(513,'Sara Stanley','No overnight guests','Straighten up for guests','8-10pm','8-10am');
INSERT INTO users VALUES(514,'Ismael Flynn','No overnight guests','Straighten up for guests','8-10pm','10am-noon');
INSERT INTO users VALUES(515,'Cadence Diaz','No overnight guests','Straighten up for guests','8-10pm','noon-2pm');
INSERT INTO users VALUES(516,'Hayley Brandt','No overnight guests','Straighten up for guests','8-10pm','Other');
INSERT INTO users VALUES(517,'Jett Holder','No overnight guests','Straighten up for guests','10pm-midnight','4-6am');
INSERT INTO users VALUES(518,'Desmond Randolph','No overnight guests','Straighten up for guests','10pm-midnight','6-8pm');
INSERT INTO users VALUES(519,'Stephanie Warner','No overnight guests','Straighten up for guests','10pm-midnight','8-10am');
INSERT INTO users VALUES(520,'Shaniya Anderson','No overnight guests','Straighten up for guests','10pm-midnight','10am-noon');
INSERT INTO users VALUES(521,'Desiree Hartman','No overnight guests','Straighten up for guests','10pm-midnight','noon-2pm');
INSERT INTO users VALUES(522,'Briana Baker','No overnight guests','Straighten up for guests','10pm-midnight','Other');
INSERT INTO users VALUES(523,'Jamir Lawson','No overnight guests','Straighten up for guests','midnight-2am','4-6am');
INSERT INTO users VALUES(524,'Leah Banks','No overnight guests','Straighten up for guests','midnight-2am','6-8pm');
INSERT INTO users VALUES(525,'Izayah Sutton','No overnight guests','Straighten up for guests','midnight-2am','8-10am');
INSERT INTO users VALUES(526,'Cooper Macdonald','No overnight guests','Straighten up for guests','midnight-2am','10am-noon');
INSERT INTO users VALUES(527,'Braydon Wiggins','No overnight guests','Straighten up for guests','midnight-2am','noon-2pm');
INSERT INTO users VALUES(528,'Brooklyn Rodgers','No overnight guests','Straighten up for guests','midnight-2am','Other');
INSERT INTO users VALUES(529,'Liam Harper','No overnight guests','Straighten up for guests','2am-4am','4-6am');
INSERT INTO users VALUES(530,'Sofia Wagner','No overnight guests','Straighten up for guests','2am-4am','6-8pm');
INSERT INTO users VALUES(531,'Rhys Bailey','No overnight guests','Straighten up for guests','2am-4am','8-10am');
INSERT INTO users VALUES(532,'Sylvia Dunlap','No overnight guests','Straighten up for guests','2am-4am','10am-noon');
INSERT INTO users VALUES(533,'Nick Best','No overnight guests','Straighten up for guests','2am-4am','noon-2pm');
INSERT INTO users VALUES(534,'Elian Hunt','No overnight guests','Straighten up for guests','2am-4am','Other');
INSERT INTO users VALUES(535,'Asa Montes','No overnight guests','Straighten up for guests','Other','4-6am');
INSERT INTO users VALUES(536,'Carlos Nguyen','No overnight guests','Straighten up for guests','Other','6-8pm');
INSERT INTO users VALUES(537,'Noah Pittman','No overnight guests','Straighten up for guests','Other','8-10am');
INSERT INTO users VALUES(538,'Marcelo Arellano','No overnight guests','Straighten up for guests','Other','10am-noon');
INSERT INTO users VALUES(539,'Uriel Burke','No overnight guests','Straighten up for guests','Other','noon-2pm');
INSERT INTO users VALUES(540,'Kaylen Adkins','No overnight guests','Straighten up for guests','Other','Other');
INSERT INTO users VALUES(541,'Myles Duncan','Ask before late night guests','Straighten up for guests','8-10pm','4-6am');
INSERT INTO users VALUES(542,'Eddie Bray','Ask before late night guests','Straighten up for guests','8-10pm','6-8pm');
INSERT INTO users VALUES(543,'Brennan Sawyer','Ask before late night guests','Straighten up for guests','8-10pm','8-10am');
INSERT INTO users VALUES(544,'Jazmine Lin','Ask before late night guests','Straighten up for guests','8-10pm','10am-noon');
INSERT INTO users VALUES(545,'Kelsie Padilla','Ask before late night guests','Straighten up for guests','8-10pm','noon-2pm');
INSERT INTO users VALUES(546,'Francisco Mullins','Ask before late night guests','Straighten up for guests','8-10pm','Other');
INSERT INTO users VALUES(547,'Kenley Douglas','Ask before late night guests','Straighten up for guests','10pm-midnight','4-6am');
INSERT INTO users VALUES(548,'Allison Beard','Ask before late night guests','Straighten up for guests','10pm-midnight','6-8pm');
INSERT INTO users VALUES(549,'Malik Williams','Ask before late night guests','Straighten up for guests','10pm-midnight','8-10am');
INSERT INTO users VALUES(550,'Leila Cervantes','Ask before late night guests','Straighten up for guests','10pm-midnight','10am-noon');
INSERT INTO users VALUES(551,'Maggie Becker','Ask before late night guests','Straighten up for guests','10pm-midnight','noon-2pm');
INSERT INTO users VALUES(552,'Stephen Kramer','Ask before late night guests','Straighten up for guests','10pm-midnight','Other');
INSERT INTO users VALUES(553,'Jamiya Maynard','Ask before late night guests','Straighten up for guests','midnight-2am','4-6am');
INSERT INTO users VALUES(554,'Humberto Williamson','Ask before late night guests','Straighten up for guests','midnight-2am','6-8pm');
INSERT INTO users VALUES(555,'Sabrina Manning','Ask before late night guests','Straighten up for guests','midnight-2am','8-10am');
INSERT INTO users VALUES(556,'Magdalena Cain','Ask before late night guests','Straighten up for guests','midnight-2am','10am-noon');
INSERT INTO users VALUES(557,'Diego Steele','Ask before late night guests','Straighten up for guests','midnight-2am','noon-2pm');
INSERT INTO users VALUES(558,'Justice Underwood','Ask before late night guests','Straighten up for guests','midnight-2am','Other');
INSERT INTO users VALUES(559,'Mohammed Bentley','Ask before late night guests','Straighten up for guests','2am-4am','4-6am');
INSERT INTO users VALUES(560,'Quintin Stephens','Ask before late night guests','Straighten up for guests','2am-4am','6-8pm');
INSERT INTO users VALUES(561,'Presley Sandoval','Ask before late night guests','Straighten up for guests','2am-4am','8-10am');
INSERT INTO users VALUES(562,'Adeline Leon','Ask before late night guests','Straighten up for guests','2am-4am','10am-noon');
INSERT INTO users VALUES(563,'Amina Hensley','Ask before late night guests','Straighten up for guests','2am-4am','noon-2pm');
INSERT INTO users VALUES(564,'Esther Stout','Ask before late night guests','Straighten up for guests','2am-4am','Other');
INSERT INTO users VALUES(565,'Salma Branch','Ask before late night guests','Straighten up for guests','Other','4-6am');
INSERT INTO users VALUES(566,'Abram Dodson','Ask before late night guests','Straighten up for guests','Other','6-8pm');
INSERT INTO users VALUES(567,'Silas Velazquez','Ask before late night guests','Straighten up for guests','Other','8-10am');
INSERT INTO users VALUES(568,'Yadira Mcdowell','Ask before late night guests','Straighten up for guests','Other','10am-noon');
INSERT INTO users VALUES(569,'Sophie Sanford','Ask before late night guests','Straighten up for guests','Other','noon-2pm');
INSERT INTO users VALUES(570,'Dayana Joyce','Ask before late night guests','Straighten up for guests','Other','Other');
INSERT INTO users VALUES(571,'Macie Gilbert','Ask before overnight guests','Straighten up for guests','8-10pm','4-6am');
INSERT INTO users VALUES(572,'Kolten Price','Ask before overnight guests','Straighten up for guests','8-10pm','6-8pm');
INSERT INTO users VALUES(573,'Chaz Rubio','Ask before overnight guests','Straighten up for guests','8-10pm','8-10am');
INSERT INTO users VALUES(574,'Bethany Rivera','Ask before overnight guests','Straighten up for guests','8-10pm','10am-noon');
INSERT INTO users VALUES(575,'Paul Ryan','Ask before overnight guests','Straighten up for guests','8-10pm','noon-2pm');
INSERT INTO users VALUES(576,'Ean Hancock','Ask before overnight guests','Straighten up for guests','8-10pm','Other');
INSERT INTO users VALUES(577,'Amy Wyatt','Ask before overnight guests','Straighten up for guests','10pm-midnight','4-6am');
INSERT INTO users VALUES(578,'Rowan Roach','Ask before overnight guests','Straighten up for guests','10pm-midnight','6-8pm');
INSERT INTO users VALUES(579,'Augustus Alexander','Ask before overnight guests','Straighten up for guests','10pm-midnight','8-10am');
INSERT INTO users VALUES(580,'Layton Weber','Ask before overnight guests','Straighten up for guests','10pm-midnight','10am-noon');
INSERT INTO users VALUES(581,'Cassie Huff','Ask before overnight guests','Straighten up for guests','10pm-midnight','noon-2pm');
INSERT INTO users VALUES(582,'Tiffany Leon','Ask before overnight guests','Straighten up for guests','10pm-midnight','Other');
INSERT INTO users VALUES(583,'Darius Cantu','Ask before overnight guests','Straighten up for guests','midnight-2am','4-6am');
INSERT INTO users VALUES(584,'Anton Booth','Ask before overnight guests','Straighten up for guests','midnight-2am','6-8pm');
INSERT INTO users VALUES(585,'Chase Osborne','Ask before overnight guests','Straighten up for guests','midnight-2am','8-10am');
INSERT INTO users VALUES(586,'Ashlyn Gallagher','Ask before overnight guests','Straighten up for guests','midnight-2am','10am-noon');
INSERT INTO users VALUES(587,'Carissa Ramos','Ask before overnight guests','Straighten up for guests','midnight-2am','noon-2pm');
INSERT INTO users VALUES(588,'Baylee Macias','Ask before overnight guests','Straighten up for guests','midnight-2am','Other');
INSERT INTO users VALUES(589,'Fernanda Boyer','Ask before overnight guests','Straighten up for guests','2am-4am','4-6am');
INSERT INTO users VALUES(590,'Logan Ellis','Ask before overnight guests','Straighten up for guests','2am-4am','6-8pm');
INSERT INTO users VALUES(591,'Cristina Trevino','Ask before overnight guests','Straighten up for guests','2am-4am','8-10am');
INSERT INTO users VALUES(592,'Olive Cortez','Ask before overnight guests','Straighten up for guests','2am-4am','10am-noon');
INSERT INTO users VALUES(593,'Brennen Watkins','Ask before overnight guests','Straighten up for guests','2am-4am','noon-2pm');
INSERT INTO users VALUES(594,'Carley Parsons','Ask before overnight guests','Straighten up for guests','2am-4am','Other');
INSERT INTO users VALUES(595,'Siena Chapman','Ask before overnight guests','Straighten up for guests','Other','4-6am');
INSERT INTO users VALUES(596,'Elise Sellers','Ask before overnight guests','Straighten up for guests','Other','6-8pm');
INSERT INTO users VALUES(597,'Marissa Hays','Ask before overnight guests','Straighten up for guests','Other','8-10am');
INSERT INTO users VALUES(598,'Salvatore Carter','Ask before overnight guests','Straighten up for guests','Other','10am-noon');
INSERT INTO users VALUES(599,'Max Adkins','Ask before overnight guests','Straighten up for guests','Other','noon-2pm');
INSERT INTO users VALUES(600,'Yael Mooney','Ask before overnight guests','Straighten up for guests','Other','Other');
INSERT INTO users VALUES(601,'Abigayle Warren','No guests at all','Messy is ok','8-10pm','4-6am');
INSERT INTO users VALUES(602,'Jaden Collins','No guests at all','Messy is ok','8-10pm','6-8pm');
INSERT INTO users VALUES(603,'Juliana Trujillo','No guests at all','Messy is ok','8-10pm','8-10am');
INSERT INTO users VALUES(604,'Saniya Hanna','No guests at all','Messy is ok','8-10pm','10am-noon');
INSERT INTO users VALUES(605,'Willow Klein','No guests at all','Messy is ok','8-10pm','noon-2pm');
INSERT INTO users VALUES(606,'Gavin Montes','No guests at all','Messy is ok','8-10pm','Other');
INSERT INTO users VALUES(607,'Finn Dominguez','No guests at all','Messy is ok','10pm-midnight','4-6am');
INSERT INTO users VALUES(608,'Lana Steele','No guests at all','Messy is ok','10pm-midnight','6-8pm');
INSERT INTO users VALUES(609,'Abbey Glenn','No guests at all','Messy is ok','10pm-midnight','8-10am');
INSERT INTO users VALUES(610,'Francisco Hahn','No guests at all','Messy is ok','10pm-midnight','10am-noon');
INSERT INTO users VALUES(611,'Lane Larson','No guests at all','Messy is ok','10pm-midnight','noon-2pm');
INSERT INTO users VALUES(612,'Jamison Freeman','No guests at all','Messy is ok','10pm-midnight','Other');
INSERT INTO users VALUES(613,'Walter Velasquez','No guests at all','Messy is ok','midnight-2am','4-6am');
INSERT INTO users VALUES(614,'Cyrus Stark','No guests at all','Messy is ok','midnight-2am','6-8pm');
INSERT INTO users VALUES(615,'Marc Gray','No guests at all','Messy is ok','midnight-2am','8-10am');
INSERT INTO users VALUES(616,'Cheyanne Oneill','No guests at all','Messy is ok','midnight-2am','10am-noon');
INSERT INTO users VALUES(617,'Fletcher Campbell','No guests at all','Messy is ok','midnight-2am','noon-2pm');
INSERT INTO users VALUES(618,'Lucille Sexton','No guests at all','Messy is ok','midnight-2am','Other');
INSERT INTO users VALUES(619,'Arjun Lutz','No guests at all','Messy is ok','2am-4am','4-6am');
INSERT INTO users VALUES(620,'Richard Proctor','No guests at all','Messy is ok','2am-4am','6-8pm');
INSERT INTO users VALUES(621,'Alejandra Mcconnell','No guests at all','Messy is ok','2am-4am','8-10am');
INSERT INTO users VALUES(622,'Lilly Bell','No guests at all','Messy is ok','2am-4am','10am-noon');
INSERT INTO users VALUES(623,'Lana Baldwin','No guests at all','Messy is ok','2am-4am','noon-2pm');
INSERT INTO users VALUES(624,'Katrina Yang','No guests at all','Messy is ok','2am-4am','Other');
INSERT INTO users VALUES(625,'Riley Villarreal','No guests at all','Messy is ok','Other','4-6am');
INSERT INTO users VALUES(626,'Pierce Bowen','No guests at all','Messy is ok','Other','6-8pm');
INSERT INTO users VALUES(627,'Harley Rhodes','No guests at all','Messy is ok','Other','8-10am');
INSERT INTO users VALUES(628,'Felix Jenkins','No guests at all','Messy is ok','Other','10am-noon');
INSERT INTO users VALUES(629,'Miles Summers','No guests at all','Messy is ok','Other','noon-2pm');
INSERT INTO users VALUES(630,'Yael Walsh','No guests at all','Messy is ok','Other','Other');
INSERT INTO users VALUES(631,'Aldo Caldwell','No guests after 10pm','Messy is ok','8-10pm','4-6am');
INSERT INTO users VALUES(632,'Jeffery Owens','No guests after 10pm','Messy is ok','8-10pm','6-8pm');
INSERT INTO users VALUES(633,'Kyleigh Harrison','No guests after 10pm','Messy is ok','8-10pm','8-10am');
INSERT INTO users VALUES(634,'Daniel Arellano','No guests after 10pm','Messy is ok','8-10pm','10am-noon');
INSERT INTO users VALUES(635,'Hayden Ellison','No guests after 10pm','Messy is ok','8-10pm','noon-2pm');
INSERT INTO users VALUES(636,'Destiney Trujillo','No guests after 10pm','Messy is ok','8-10pm','Other');
INSERT INTO users VALUES(637,'Lilia Jacobson','No guests after 10pm','Messy is ok','10pm-midnight','4-6am');
INSERT INTO users VALUES(638,'Marisol Huynh','No guests after 10pm','Messy is ok','10pm-midnight','6-8pm');
INSERT INTO users VALUES(639,'Estrella Rivas','No guests after 10pm','Messy is ok','10pm-midnight','8-10am');
INSERT INTO users VALUES(640,'Kamila Lam','No guests after 10pm','Messy is ok','10pm-midnight','10am-noon');
INSERT INTO users VALUES(641,'Heidi Jordan','No guests after 10pm','Messy is ok','10pm-midnight','noon-2pm');
INSERT INTO users VALUES(642,'Isis Carlson','No guests after 10pm','Messy is ok','10pm-midnight','Other');
INSERT INTO users VALUES(643,'Ana Hahn','No guests after 10pm','Messy is ok','midnight-2am','4-6am');
INSERT INTO users VALUES(644,'Kaden Wade','No guests after 10pm','Messy is ok','midnight-2am','6-8pm');
INSERT INTO users VALUES(645,'Tianna Meyers','No guests after 10pm','Messy is ok','midnight-2am','8-10am');
INSERT INTO users VALUES(646,'Izabella Chandler','No guests after 10pm','Messy is ok','midnight-2am','10am-noon');
INSERT INTO users VALUES(647,'Presley Webb','No guests after 10pm','Messy is ok','midnight-2am','noon-2pm');
INSERT INTO users VALUES(648,'Maeve Floyd','No guests after 10pm','Messy is ok','midnight-2am','Other');
INSERT INTO users VALUES(649,'Skyla Maynard','No guests after 10pm','Messy is ok','2am-4am','4-6am');
INSERT INTO users VALUES(650,'Maddison Ward','No guests after 10pm','Messy is ok','2am-4am','6-8pm');
INSERT INTO users VALUES(651,'Bridget Swanson','No guests after 10pm','Messy is ok','2am-4am','8-10am');
INSERT INTO users VALUES(652,'Callie Cisneros','No guests after 10pm','Messy is ok','2am-4am','10am-noon');
INSERT INTO users VALUES(653,'Terrell Hardy','No guests after 10pm','Messy is ok','2am-4am','noon-2pm');
INSERT INTO users VALUES(654,'Kenna Tucker','No guests after 10pm','Messy is ok','2am-4am','Other');
INSERT INTO users VALUES(655,'Ciara Odonnell','No guests after 10pm','Messy is ok','Other','4-6am');
INSERT INTO users VALUES(656,'Lillian Gonzalez','No guests after 10pm','Messy is ok','Other','6-8pm');
INSERT INTO users VALUES(657,'Gina Mccann','No guests after 10pm','Messy is ok','Other','8-10am');
INSERT INTO users VALUES(658,'Izabelle Lindsey','No guests after 10pm','Messy is ok','Other','10am-noon');
INSERT INTO users VALUES(659,'Colin Pollard','No guests after 10pm','Messy is ok','Other','noon-2pm');
INSERT INTO users VALUES(660,'Aubree Chase','No guests after 10pm','Messy is ok','Other','Other');
INSERT INTO users VALUES(661,'Lucas Sweeney','No overnight guests','Messy is ok','8-10pm','4-6am');
INSERT INTO users VALUES(662,'Ramon Holland','No overnight guests','Messy is ok','8-10pm','6-8pm');
INSERT INTO users VALUES(663,'Kathryn Robertson','No overnight guests','Messy is ok','8-10pm','8-10am');
INSERT INTO users VALUES(664,'Ben Warren','No overnight guests','Messy is ok','8-10pm','10am-noon');
INSERT INTO users VALUES(665,'Malachi Braun','No overnight guests','Messy is ok','8-10pm','noon-2pm');
INSERT INTO users VALUES(666,'Devon Reilly','No overnight guests','Messy is ok','8-10pm','Other');
INSERT INTO users VALUES(667,'Yuliana Mosley','No overnight guests','Messy is ok','10pm-midnight','4-6am');
INSERT INTO users VALUES(668,'Jade Hamilton','No overnight guests','Messy is ok','10pm-midnight','6-8pm');
INSERT INTO users VALUES(669,'Karissa Simmons','No overnight guests','Messy is ok','10pm-midnight','8-10am');
INSERT INTO users VALUES(670,'Vincent Rodriguez','No overnight guests','Messy is ok','10pm-midnight','10am-noon');
INSERT INTO users VALUES(671,'Casey Bray','No overnight guests','Messy is ok','10pm-midnight','noon-2pm');
INSERT INTO users VALUES(672,'Enzo Kline','No overnight guests','Messy is ok','10pm-midnight','Other');
INSERT INTO users VALUES(673,'Cullen Rodriguez','No overnight guests','Messy is ok','midnight-2am','4-6am');
INSERT INTO users VALUES(674,'Melina Turner','No overnight guests','Messy is ok','midnight-2am','6-8pm');
INSERT INTO users VALUES(675,'Camryn Ortiz','No overnight guests','Messy is ok','midnight-2am','8-10am');
INSERT INTO users VALUES(676,'Troy Herman','No overnight guests','Messy is ok','midnight-2am','10am-noon');
INSERT INTO users VALUES(677,'Neveah Rasmussen','No overnight guests','Messy is ok','midnight-2am','noon-2pm');
INSERT INTO users VALUES(678,'Kobe Cherry','No overnight guests','Messy is ok','midnight-2am','Other');
INSERT INTO users VALUES(679,'Kaitlyn Martinez','No overnight guests','Messy is ok','2am-4am','4-6am');
INSERT INTO users VALUES(680,'Colton Lynn','No overnight guests','Messy is ok','2am-4am','6-8pm');
INSERT INTO users VALUES(681,'Ariana Castaneda','No overnight guests','Messy is ok','2am-4am','8-10am');
INSERT INTO users VALUES(682,'Denisse Hendrix','No overnight guests','Messy is ok','2am-4am','10am-noon');
INSERT INTO users VALUES(683,'Mercedes Bates','No overnight guests','Messy is ok','2am-4am','noon-2pm');
INSERT INTO users VALUES(684,'Kyle Acevedo','No overnight guests','Messy is ok','2am-4am','Other');
INSERT INTO users VALUES(685,'Scott Moses','No overnight guests','Messy is ok','Other','4-6am');
INSERT INTO users VALUES(686,'Xander Terrell','No overnight guests','Messy is ok','Other','6-8pm');
INSERT INTO users VALUES(687,'Summer Ruiz','No overnight guests','Messy is ok','Other','8-10am');
INSERT INTO users VALUES(688,'Rolando Ray','No overnight guests','Messy is ok','Other','10am-noon');
INSERT INTO users VALUES(689,'Brett Lowery','No overnight guests','Messy is ok','Other','noon-2pm');
INSERT INTO users VALUES(690,'Elisabeth Cabrera','No overnight guests','Messy is ok','Other','Other');
INSERT INTO users VALUES(691,'Sharon Gamble','Ask before late night guests','Messy is ok','8-10pm','4-6am');
INSERT INTO users VALUES(692,'Ali Miller','Ask before late night guests','Messy is ok','8-10pm','6-8pm');
INSERT INTO users VALUES(693,'Vicente Hamilton','Ask before late night guests','Messy is ok','8-10pm','8-10am');
INSERT INTO users VALUES(694,'Avery Sloan','Ask before late night guests','Messy is ok','8-10pm','10am-noon');
INSERT INTO users VALUES(695,'Maya Munoz','Ask before late night guests','Messy is ok','8-10pm','noon-2pm');
INSERT INTO users VALUES(696,'Osvaldo Jacobs','Ask before late night guests','Messy is ok','8-10pm','Other');
INSERT INTO users VALUES(697,'Nayeli Williamson','Ask before late night guests','Messy is ok','10pm-midnight','4-6am');
INSERT INTO users VALUES(698,'Peyton Lozano','Ask before late night guests','Messy is ok','10pm-midnight','6-8pm');
INSERT INTO users VALUES(699,'Nathanael Smith','Ask before late night guests','Messy is ok','10pm-midnight','8-10am');
INSERT INTO users VALUES(700,'Eliana Black','Ask before late night guests','Messy is ok','10pm-midnight','10am-noon');
INSERT INTO users VALUES(701,'Elizabeth Moore','Ask before late night guests','Messy is ok','10pm-midnight','noon-2pm');
INSERT INTO users VALUES(702,'Brianna Daniels','Ask before late night guests','Messy is ok','10pm-midnight','Other');
INSERT INTO users VALUES(703,'Caylee Braun','Ask before late night guests','Messy is ok','midnight-2am','4-6am');
INSERT INTO users VALUES(704,'Tabitha Kennedy','Ask before late night guests','Messy is ok','midnight-2am','6-8pm');
INSERT INTO users VALUES(705,'Ashlynn George','Ask before late night guests','Messy is ok','midnight-2am','8-10am');
INSERT INTO users VALUES(706,'Ryleigh Silva','Ask before late night guests','Messy is ok','midnight-2am','10am-noon');
INSERT INTO users VALUES(707,'Greta Duffy','Ask before late night guests','Messy is ok','midnight-2am','noon-2pm');
INSERT INTO users VALUES(708,'Kaylynn Michael','Ask before late night guests','Messy is ok','midnight-2am','Other');
INSERT INTO users VALUES(709,'Amiyah Burch','Ask before late night guests','Messy is ok','2am-4am','4-6am');
INSERT INTO users VALUES(710,'Kylan Terry','Ask before late night guests','Messy is ok','2am-4am','6-8pm');
INSERT INTO users VALUES(711,'Paola Guerra','Ask before late night guests','Messy is ok','2am-4am','8-10am');
INSERT INTO users VALUES(712,'Branden Bonilla','Ask before late night guests','Messy is ok','2am-4am','10am-noon');
INSERT INTO users VALUES(713,'Declan Mcguire','Ask before late night guests','Messy is ok','2am-4am','noon-2pm');
INSERT INTO users VALUES(714,'Austin Booth','Ask before late night guests','Messy is ok','2am-4am','Other');
INSERT INTO users VALUES(715,'Bruno French','Ask before late night guests','Messy is ok','Other','4-6am');
INSERT INTO users VALUES(716,'Boston Craig','Ask before late night guests','Messy is ok','Other','6-8pm');
INSERT INTO users VALUES(717,'Joshua Camacho','Ask before late night guests','Messy is ok','Other','8-10am');
INSERT INTO users VALUES(718,'Joanna Sandoval','Ask before late night guests','Messy is ok','Other','10am-noon');
INSERT INTO users VALUES(719,'Trevin Hoffman','Ask before late night guests','Messy is ok','Other','noon-2pm');
INSERT INTO users VALUES(720,'Jocelyn Hernandez','Ask before late night guests','Messy is ok','Other','Other');
INSERT INTO users VALUES(721,'Rishi Ramos','Ask before overnight guests','Messy is ok','8-10pm','4-6am');
INSERT INTO users VALUES(722,'Josephine Flynn','Ask before overnight guests','Messy is ok','8-10pm','6-8pm');
INSERT INTO users VALUES(723,'Talia Buckley','Ask before overnight guests','Messy is ok','8-10pm','8-10am');
INSERT INTO users VALUES(724,'Landen Proctor','Ask before overnight guests','Messy is ok','8-10pm','10am-noon');
INSERT INTO users VALUES(725,'Savion Serrano','Ask before overnight guests','Messy is ok','8-10pm','noon-2pm');
INSERT INTO users VALUES(726,'Mollie Maynard','Ask before overnight guests','Messy is ok','8-10pm','Other');
INSERT INTO users VALUES(727,'Iyana Cooper','Ask before overnight guests','Messy is ok','10pm-midnight','4-6am');
INSERT INTO users VALUES(728,'Hazel Rosario','Ask before overnight guests','Messy is ok','10pm-midnight','6-8pm');
INSERT INTO users VALUES(729,'Jaeden Young','Ask before overnight guests','Messy is ok','10pm-midnight','8-10am');
INSERT INTO users VALUES(730,'Raelynn Carlson','Ask before overnight guests','Messy is ok','10pm-midnight','10am-noon');
INSERT INTO users VALUES(731,'Sage Lara','Ask before overnight guests','Messy is ok','10pm-midnight','noon-2pm');
INSERT INTO users VALUES(732,'Mckinley Sexton','Ask before overnight guests','Messy is ok','10pm-midnight','Other');
INSERT INTO users VALUES(733,'Abbigail Melton','Ask before overnight guests','Messy is ok','midnight-2am','4-6am');
INSERT INTO users VALUES(734,'Dereon Schneider','Ask before overnight guests','Messy is ok','midnight-2am','6-8pm');
INSERT INTO users VALUES(735,'Porter Swanson','Ask before overnight guests','Messy is ok','midnight-2am','8-10am');
INSERT INTO users VALUES(736,'Kymani Ibarra','Ask before overnight guests','Messy is ok','midnight-2am','10am-noon');
INSERT INTO users VALUES(737,'Damien Krause','Ask before overnight guests','Messy is ok','midnight-2am','noon-2pm');
INSERT INTO users VALUES(738,'Aileen Hensley','Ask before overnight guests','Messy is ok','midnight-2am','Other');
INSERT INTO users VALUES(739,'Irene Cowan','Ask before overnight guests','Messy is ok','2am-4am','4-6am');
INSERT INTO users VALUES(740,'Kassandra Ortega','Ask before overnight guests','Messy is ok','2am-4am','6-8pm');
INSERT INTO users VALUES(741,'Memphis Fowler','Ask before overnight guests','Messy is ok','2am-4am','8-10am');
INSERT INTO users VALUES(742,'Irene Berger','Ask before overnight guests','Messy is ok','2am-4am','10am-noon');
INSERT INTO users VALUES(743,'Conor Mcintosh','Ask before overnight guests','Messy is ok','2am-4am','noon-2pm');
INSERT INTO users VALUES(744,'Kathleen Holder','Ask before overnight guests','Messy is ok','2am-4am','Other');
INSERT INTO users VALUES(745,'Noe Bauer','Ask before overnight guests','Messy is ok','Other','4-6am');
INSERT INTO users VALUES(746,'June Combs','Ask before overnight guests','Messy is ok','Other','6-8pm');
INSERT INTO users VALUES(747,'Jamarion Mueller','Ask before overnight guests','Messy is ok','Other','8-10am');
INSERT INTO users VALUES(748,'Gaven Rios','Ask before overnight guests','Messy is ok','Other','10am-noon');
INSERT INTO users VALUES(749,'Emilio Diaz','Ask before overnight guests','Messy is ok','Other','noon-2pm');
INSERT INTO users VALUES(750,'Yasmin Mullen','Ask before overnight guests','Messy is ok','Other','Other');
CREATE TABLE flag (
flag text
);
INSERT INTO flag VALUES("lactf{fake_flag}");
DELETE FROM sqlite_sequence;
INSERT INTO sqlite_sequence VALUES('users',750);
COMMIT;
