{"stats":{"minecraft:custom":{"minecraft:sprint_one_cm":259886,"minecraft:time_since_rest":16937,"minecraft:walk_one_cm":154899,"minecraft:total_world_time":1859236,"minecraft:leave_game":6,"minecraft:fly_one_cm":1274013,"minecraft:crouch_one_cm":4901,"minecraft:sneak_time":1765,"minecraft:play_time":1851326,"minecraft:deaths":12,"minecraft:jump":2208,"minecraft:time_since_death":16913},"minecraft:picked_up":{"minecraft:cherry_sign":4,"minecraft:cherry_button":4,"minecraft:grass_block":1,"minecraft:lever":2,"minecraft:command_block":3,"minecraft:cherry_planks":3},"minecraft:used":{"minecraft:cherry_button":5,"minecraft:cherry_sign":11,"minecraft:grass_block":6,"minecraft:lever":160,"minecraft:player_head":4,"minecraft:cherry_pressure_plate":1,"minecraft:command_block":6,"minecraft:cherry_planks":268}},"DataVersion":4440}