{
  "0": [12, 29, 2, 15],
  "1": [28, 16, 10, 0],
  "2": [17, 3, 0, 20],
  "3": [4, 11, 18, 2],
  "4": [25, 3, 5, 19],
  "5": [13, 4, 20, 6],
  "6": [5, 26, 21, 7],
  "7": [22, 14, 8, 6],
  "8": [7, 23, 9, 27],
  "9": [10, 24, 15, 8],
  "10": [25, 11, 1, 9],
  "11": [10, 3, 12, 26],
  "12": [13, 0, 11, 27, 5],
  "13": [14, 28, 12, 6],
  "14": [22, 13, 29, 7],
  "15": [1, 29, 9, 0],
  "16": [17, 2, 24, 1],
  "17": [2, 16, 3, 25],
  "18": [19, 26, 4, 3],
  "19": [4, 18, 5, 27],
  "20": [2, 6, 5, 28],
  "21": [29, 6, 7, 22],
  "22": [7, 21, 14, 8],
  "23": [29, 8, 9, 24],
  "24": [10, 16, 23, 9],
  "25": [17, 10, 4, 11],
  "26": [18, 6, 11, 12],
  "27": [19, 13, 8, 12],
  "28": [1, 13, 20, 14],
  "29": [14, 23, 0, 15, 21]
}