{
  "defaultAction": "SCMP_ACT_ALLOW",
  "syscalls": [
    {
      "names": ["connect"],
      "action": "SCMP_ACT_ERRNO",
      "args": []
    },
    {
      "names": ["open", "openat"],
      "action": "SCMP_ACT_ERRNO",
      "args": [
        {
          "index": 1,
          "op": "SCMP_CMP_MASKED_EQ",
          "value": 1,
          "valueTwo": 1
        }
      ]
    },
    {
      "names": ["open", "openat"],
      "action": "SCMP_ACT_ERRNO",
      "args": [
        {
          "index": 1,
          "op": "SCMP_CMP_MASKED_EQ",
          "value": 2,
          "valueTwo": 2
        }
      ]
    }
  ]
}
