<?xml version="1.0" encoding="UTF-8"?>
<!DOCTYPE struts PUBLIC
    "-//Apache Software Foundation//DTD Struts Configuration 2.5//EN"
    "http://struts.apache.org/dtds/struts-2.5.dtd">

<struts>

    <constant name="struts.devMode" value="false" />
    <constant name="struts.parameters.requireAnnotations" value="true" />
    <constant name="struts.enable.DynamicMethodInvocation" value="false" />
    <constant name="struts.ui.theme" value="custom" />

    <package name="notes" extends="struts-default">
        <interceptors>
            <interceptor-stack name="appDefault">
                <interceptor-ref name="exception" />
                <interceptor-ref name="methodFilter" />
                <interceptor-ref name="login" />
                <interceptor-ref name="defaultStack" />
            </interceptor-stack>

            <interceptor name="methodFilter" class="HttpMethodFilterInterceptor" />
            <interceptor name="login" class="LoginInterceptor" />
        </interceptors>

        <default-interceptor-ref name="appDefault" />

        <default-action-ref name="dispatch" />

        <global-results>
            <result name="not-found">/WEB-INF/not-found.jsp</result>
            <result name="error">/WEB-INF/error.jsp</result>
            <result name="login" type="redirectAction">login</result>
            <result name="method-not-allowed">/WEB-INF/method-not-allowed.jsp</result>
        </global-results>

        <global-exception-mappings>
            <exception-mapping exception="java.lang.Exception" result="error"/>
        </global-exception-mappings>

        <action name="dispatch" class="DispatchAction">
            <result name="success">/WEB-INF/dispatch.jsp</result>
        </action>

        <action name="index" class="IndexAction">
            <result name="success">/WEB-INF/index.jsp</result>
        </action>

        <action name="login" class="AccountAction" method="login">
            <result name="success" type="redirectAction">dashboard</result>
            <result name="input">/WEB-INF/login.jsp</result>
        </action>

        <action name="register" class="AccountAction" method="register">
            <result name="success" type="redirectAction">dashboard</result>
            <result name="input">/WEB-INF/register.jsp</result>
        </action>

        <action name="logout" class="AccountAction" method="logout">
            <result name="success" type="redirectAction">index</result>
        </action>

        <action name="dashboard">
            <result type="redirectAction">listNote</result>
        </action>

        <action name="*Note" class="NotesAction" method="{1}">
            <result name="list">/WEB-INF/dashboard.jsp</result>
            <result name="list-redir" type="redirectAction">listNote</result>
            <result name="view">/WEB-INF/note-view.jsp</result>
            <result name="input">/WEB-INF/note-edit.jsp</result>
            <allowed-methods>list,view,create,edit,delete</allowed-methods>
        </action>

        <action name="report" class="ReportAction">
            <result name="success">/WEB-INF/report-success.jsp</result>
            <result name="input">/WEB-INF/report-input.jsp</result>
            <result name="error">/WEB-INF/report-input.jsp</result>
        </action>
    </package>

</struts>
