<?xml version="1.0" encoding="UTF-8"?>
<!DOCTYPE configuremap [
  <!ELEMENT configuremap (configure)+>
  <!ATTLIST configuremap xmlns CDATA #FIXED ''>
  <!ELEMENT configure EMPTY>
  <!ATTLIST configure xmlns CDATA #FIXED '' name NMTOKEN #REQUIRED
    value CDATA #REQUIRED>
]>
<!--
  ImageMagick build configuration.
-->
<configuremap>
  <configure name="CC" value="gcc"/>
  <configure name="CFLAGS" value="-I/usr/include/libxml2 -DWITH_GZFILEOP -I/usr/include/libpng16 -DWITH_GZFILEOP  -I/usr/include/freetype2 -I/usr/include/libpng16 -DWITH_GZFILEOP -I/usr/include/harfbuzz -I/usr/include/glib-2.0 -I/usr/lib64/glib-2.0/include -I/usr/include/sysprof-6 -pthread -I/usr/include/freetype2 -I/usr/include/libpng16 -I/usr/include/harfbuzz -I/usr/include/glib-2.0 -I/usr/lib64/glib-2.0/include -I/usr/include/sysprof-6 -pthread -I/usr/include/libxml2 -DWITH_GZFILEOP  -DWITH_GZFILEOP -fopenmp -Wall -g -O2 -mtune=core2 -fexceptions -pthread -DMAGICKCORE_HDRI_ENABLE=1 -DMAGICKCORE_QUANTUM_DEPTH=16"/>
  <configure name="CODER_PATH" value="/home/ashray/Documents/scriptCTF2025/Web/Wizard-Gallery/magick/lib/ImageMagick-7.1.0/modules-Q16HDRI/coders"/>
  <configure name="CONFIGURE_PATH" value="/home/ashray/Documents/scriptCTF2025/Web/Wizard-Gallery/magick/etc/ImageMagick-7/"/>
  <configure name="CONFIGURE" value="./configure  '--prefix=/home/ashray/Documents/scriptCTF2025/Web/Wizard-Gallery/magick'"/>
  <configure name="COPYRIGHT" value="Copyright (C) 1999 ImageMagick Studio LLC"/>
  <configure name="CPPFLAGS" value="-I/home/ashray/Documents/scriptCTF2025/Web/Wizard-Gallery/magick/include/ImageMagick-7"/>
  <configure name="CXXFLAGS" value=" -pthread"/>
  <configure name="CXX" value="g++"/>
  <configure name="DEFS" value="-DHAVE_CONFIG_H"/>
  <configure name="DELEGATES" value="bzlib fontconfig freetype lzma png ps video x xml zlib zstd"/>
  <configure name="DISTCHECK_CONFIG_FLAGS" value=" --disable-deprecated  --with-quantum-depth=16  --with-jemalloc=no  --with-umem=no  --with-autotrace=no  --with-fftw=no  --with-flif=no  --with-gslib=no  --with-fontpath=  --with-rsvg=no  --with-wmf=no  --with-perl=no "/>
  <configure name="DOCUMENTATION_PATH" value="/home/ashray/Documents/scriptCTF2025/Web/Wizard-Gallery/magick/share/doc/ImageMagick-7"/>
  <configure name="EXEC-PREFIX" value="/home/ashray/Documents/scriptCTF2025/Web/Wizard-Gallery/magick"/>
  <configure name="EXECUTABLE_PATH" value="/home/ashray/Documents/scriptCTF2025/Web/Wizard-Gallery/magick/bin"/>
  <configure name="FEATURES" value="DPC HDRI Cipher OpenMP"/>
  <configure name="FILTER_PATH" value="/home/ashray/Documents/scriptCTF2025/Web/Wizard-Gallery/magick/lib/ImageMagick-7.1.0/modules-Q16HDRI/filters"/>
  <configure name="GIT_REVISION" value="c243c9281:20220911" />
  <configure name="HOST" value="x86_64-pc-linux-gnu"/>
  <configure name="INCLUDE_PATH" value="/home/ashray/Documents/scriptCTF2025/Web/Wizard-Gallery/magick/include/ImageMagick-7"/>
  <configure name="LDFLAGS" value="-L/home/ashray/Documents/scriptCTF2025/Web/Wizard-Gallery/magick/lib  "/>
  <configure name="LIBRARY_PATH" value="/home/ashray/Documents/scriptCTF2025/Web/Wizard-Gallery/magick/lib/ImageMagick-7.1.0"/>
  <configure name="LIBS" value="    -lfreetype      -lpng16      -lfontconfig -lfreetype      -lXext    -lX11  -llzma -lbz2      -lxml2  -lz     -lm    -lpthread  -lgomp"/>
  <configure name="LIB_VERSION_NUMBER" value="7,1,0,49"/>
  <configure name="LIB_VERSION" value="0x710"/>
  <configure name="NAME" value="ImageMagick"/>
  <configure name="PCFLAGS" value="-fopenmp -DMAGICKCORE_HDRI_ENABLE=1 -DMAGICKCORE_QUANTUM_DEPTH=16"/>
  <configure name="PREFIX" value="/home/ashray/Documents/scriptCTF2025/Web/Wizard-Gallery/magick"/>
  <configure name="QuantumDepth" value="16"/>
  <configure name="RELEASE_DATE" value="2022-09-11"/>
  <configure name="SHAREARCH_PATH" value="/home/ashray/Documents/scriptCTF2025/Web/Wizard-Gallery/magick/lib/ImageMagick-7.1.0/config-Q16HDRI"/>
  <configure name="SHARE_PATH" value="/home/ashray/Documents/scriptCTF2025/Web/Wizard-Gallery/magick/share/ImageMagick-7"/>
  <configure name="TARGET_CPU" value="x86_64"/>
  <configure name="TARGET_OS" value="linux-gnu"/>
  <configure name="TARGET_VENDOR" value="pc"/>
  <configure name="VERSION" value="7.1.0"/>
  <configure name="WEBSITE" value="https://imagemagick.org"/>
</configuremap>
