[
  {
    "1": "Protection from Poison",
    "2": "Protection from Energy: Thunder",
    "3": "Soul Ascension"
  },
  { "1": "Cloud of Daggers", "2": "Blight", "3": "Aegis of the Absolute" },
  {
    "1": "Mirror Image",
    "2": "Mapped Terror: Ceremorphosis",
    "3": "Aegis of the Absolute"
  },
  { "1": "Detect Thoughts", "2": "Dimension Door", "3": "Dominate Person" },
  { "1": "Knock", "2": "Conjure Woodland Being", "3": "8" },
  { "1": "Finger of Death", "2": "Planar Binding" },
  { "1": "Planar Ally", "2": "Fanatic Retaliation" },
  { "1": "Tyrant's Bindings", "2": "Blinding Smite" },
  { "1": "Gust of Wind", "2": "Remove Curse", "3": "Aegis of the Absolute" },
  {
    "1": "Mirror Image",
    "2": "Conjure Woodland Being",
    "3": "Beckoning Darkness"
  },
  { "1": "Arcane Lock", "2": "Spiritual Weapon: Maul", "3": "8" },
  { "1": "Misty Step", "2": "Kereska's Favour", "3": "Colour Spray" },
  { "1": "Eagle's Splendour", "2": "Darkvision (spell)", "3": "8" },
  {
    "1": "Scorching Ray",
    "2": "Conjure Minor Elemental: Mud Mephits",
    "3": "8"
  },
  {
    "1": "Scorching Ray",
    "2": "Conjure Minor Elemental: Ice Mephits",
    "3": "Power Word Kill"
  },
  { "1": "Aid", "2": "Igniting Spark", "3": "Frost of Dark Winter" },
  { "1": "Lunar Flare", "2": "Stoneskin", "3": "Power Word Kill" },
  {
    "1": "Owl's Wisdom",
    "2": "Bestow Curse: Wisdom Disadvantage",
    "3": "Sunbeam"
  },
  {
    "1": "Arcane Lock",
    "2": "Bestow Curse: Charisma Disadvantage",
    "3": "Glyph of Warding: Detonation"
  },
  { "1": "Ray of Enfeeblement", "2": "Fire Shield: Warm", "3": "Enthrall" },
  { "1": "Enthrall", "2": "Prayer of Healing", "3": "8" },
  {
    "1": "Pass Without Trace",
    "2": "Flame Strike",
    "3": "Conjure Minor Elemental: Ice Mephits"
  },
  { "1": "Conjure Elemental: Fire Myrmidon", "2": "Phantasmal Force" },
  { "1": "Bear's Endurance", "2": "Counterspell", "3": "Hex (Intelligence)" },
  { "1": "Darkness", "2": "Mark of Putrefaction", "3": "Hordestrike" },
  { "1": "Silence", "2": "Banishment", "3": "Rays of Fire" },
  { "1": "Hellfire Orb", "2": "Vampiric Touch" },
  { "1": "8", "2": "Pierce the Weak" },
  { "1": "Prayer of Healing", "2": "Fox's Cunning", "3": "8" },
  { "1": "Aegis of the Absolute", "2": "Faithwarden's Vines" },
  { "1": "Cloud of Daggers", "2": "Hex (Intelligence)", "3": "Move Moonbeam" },
  { "1": "Silvered Bulwark", "2": "Withering Touch" },
  {
    "1": "Branding Smite (Ranged)",
    "2": "Elemental Weapon: Lightning",
    "3": "Sleep"
  },
  { "1": "Power Word Kill", "2": "Healing Word" },
  { "1": "Aegis of the Absolute", "2": "Harm" },
  { "1": "Finger of Death", "2": "Divine Smite" },
  { "1": "Power Word Kill", "2": "Conjure Elemental" },
  {
    "1": "Melf's Acid Arrow",
    "2": "Conjure Elemental: Fire Elemental",
    "3": "Conjure Elemental: Earth Elemental"
  },
  { "1": "Finger of Death", "2": "Fire Shield" },
  {
    "1": "Fox's Cunning",
    "2": "Castigate Heartform",
    "3": "Teleport to Submersible"
  },
  { "1": "Power Word Kill", "2": "Banishing Smite (Melee)" },
  {
    "1": "Mirror Image",
    "2": "Death Ward",
    "3": "Bestow Curse: Attack Disadvantage"
  },
  { "1": "8", "2": "Stoneskin" },
  { "1": "Reduce", "2": "Banishing Smite (Ranged)", "3": "Darkness" },
  { "1": "Moonbeam", "2": "Fear", "3": "Disguise Self: Femme Dwarf" },
  { "1": "Heal", "2": "Finger of Death" },
  {
    "1": "Heat Metal: Reapply Damage",
    "2": "Hail of Thorns",
    "3": "Fleeting Dream"
  },
  { "1": "Knock", "2": "Dominate Beast", "3": "Perturbing Visage" },
  { "1": "Invisibility", "2": "Darkness", "3": "Aegis of the Absolute" },
  {
    "1": "Spiritual Weapon: Greatsword",
    "2": "Tasha's Hideous Laughter",
    "3": "Finger of Death"
  },
  { "1": "Web", "2": "Bestow Curse: Dread", "3": "Chromatic Orb: Cold" },
  { "1": "Shatter", "2": "Perturbing Visage", "3": "Hex" },
  {
    "1": "Ray of Enfeeblement",
    "2": "Bludgeon the Weak",
    "3": "Power Word Kill"
  },
  { "1": "Disintegrate", "2": "Otiluke's Freezing Sphere" },
  { "1": "Aegis of the Absolute", "2": "Eyebite: Sickened" },
  { "1": "Rays of Fire", "2": "Terrifying Visage", "3": "Darkness" },
  { "1": "Power Word Kill", "2": "8" },
  {
    "1": "Pass Without Trace",
    "2": "Disguise Self: Masc Strong Human",
    "3": "Circle of Death"
  },
  { "1": "Branding Smite (Melee)", "2": "Fireball", "3": "Incinerate" },
  { "1": "Diabolic Chains", "2": "8" },
  { "1": "Power Word Kill", "2": "Arcane Gate" },
  { "1": "Aegis of the Absolute", "2": "Disguise Self: Femme Githyanki" },
  {
    "1": "Darkvision (spell)",
    "2": "Gaseous Form",
    "3": "Sethan: Spiritual Greataxe"
  },
  {
    "1": "Branding Smite (Melee)",
    "2": "Polymorph",
    "3": "See Invisibility (Spell)"
  },
  {
    "1": "Bull's Strength",
    "2": "Bestow Curse: Wisdom Disadvantage",
    "3": "Tyr's Protection"
  },
  { "1": "Flesh to Stone", "2": "Conjure Elemental: Fire Myrmidon" },
  { "1": "Hold Person", "2": "Flame of Wrath", "3": "8" },
  { "1": "Owl's Wisdom", "2": "Dethrone", "3": "Barkskin" },
  { "1": "Phantasmal Force", "2": "Web", "3": "Reapply Hunter's Mark" },
  {
    "1": "Spiritual Weapon: Trident",
    "2": "Bone-shaking Thunder",
    "3": "Blindness"
  },
  { "1": "Magic Weapon", "2": "Elemental Retort", "3": "Grasping Vine" },
  { "1": "Enlarge", "2": "Glyph of Warding: Detonation", "3": "Harm" },
  { "1": "Spiritual Weapon: Spear", "2": "Lunar Flare", "3": "Healing Word" },
  { "1": "Lunar Flare", "2": "Destructive Wave", "3": "Destructive Wave" },
  { "1": "Arcane Gate", "2": "Aegis of the Absolute" },
  {
    "1": "Silence",
    "2": "Animate Dead: Flying Ghoul",
    "3": "Fanatic Retaliation"
  },
  {
    "1": "Move Moonbeam",
    "2": "Protection from Poison",
    "3": "Aegis of the Absolute"
  },
  { "1": "Rays of Fire", "2": "Conjure Minor Elemental", "3": "Invisibility" },
  { "1": "Spiritual Weapon: Spear", "2": "Elemental Age", "3": "Shar's Aegis" },
  { "1": "Finger of Death", "2": "8" }
]
