[
    {
        "id": 1,
        "avatar": "https://randomuser.me/api/portraits/women/1.jpg",
        "user": "fitnessswole",
        "description": "what is bro training for??",
        "tags": ["#gymmeme", "#gymbro", "#gym", "#bakitraining"],
        "sound": "original sound - Swole Fitness",
        "embed": "https://www.tiktok.com/embed/v2/7297672360285441322",
        "likes": 591,
        "comments": 12,
        "bookmarks": 72,
        "shares": 35
    },
    {
        "id": 2,
        "avatar": "https://randomuser.me/api/portraits/men/1.jpg",
        "user": "axelj.123",
        "description": "Real",
        "tags": ["#Meme", "#MemeCut", "#gym", "#gymtok", "#fyp", "#benchpress", "#bodybuilding"],
        "sound": "I Love You - Zyon",
        "embed": "https://www.tiktok.com/embed/v2/7365533556229115168",
        "likes": 8,
        "comments": 1,
        "bookmarks": 0,
        "shares": 6
    },
    {
        "id": 3,
        "avatar": "https://randomuser.me/api/portraits/women/2.jpg",
        "user": "viral.sounds30",
        "description": "Bruh",
        "tags": ["#gym", "#gymtok", "#gymmemes"],
        "sound": "Intergalactic Battle - Space Nexus 3.33 & Poetics & Skill Syrup",
        "embed": "https://www.tiktok.com/embed/v2/7338948044991352107",
        "likes": 26,
        "comments": 0,
        "bookmarks": 4,
        "shares": 2
    },
    {
        "id": 4,
        "avatar": "https://randomuser.me/api/portraits/men/2.jpg",
        "user": "chad_edit.x",
        "description": "🗿🔥",
        "tags": ["#ernestkhalimov", "#chad", "#🗿🗿🗿", "#giga", "#gigachad", "#knowyourmeme", "#sound", "#trend", "#omegakingbro", "#sigma", "#gym", "#edit", "#meme", "#viral", "#fyp"],
        "sound": "original sound - wigofellas",
        "embed": "https://www.tiktok.com/embed/v2/7175730179862449435",
        "likes": 17000,
        "comments": 270,
        "bookmarks": 3167,
        "shares": 3715
    },
    {
        "id": 5,
        "avatar": "https://randomuser.me/api/portraits/women/3.jpg",
        "user": "theloganchitwood",
        "description": "Now you can be a Gigamon too 🗿",
        "tags": ["#gigachad", "#tutorial"],
        "sound": "GigaChad Theme - Phonk House Version - g3ox_em",
        "embed": "https://www.tiktok.com/embed/v2/7200460179488378155",
        "likes": 59400,
        "comments": 287,
        "bookmarks": 6652,
        "shares": 1725
    },
    {
        "id": 6,
        "avatar": "https://randomuser.me/api/portraits/men/3.jpg",
        "user": "radixgym",
        "description": "I can’t move it move it anymore😢",
        "tags": ["#kingjulien", "#moveit", "#gym", "#gymtok", "#gymtiktok", "#gymmemes", "#radixgym", "#legday", "#legworkout", "#legs", "#fyp", "#fypシ゚viral", "#viral", "#tiktok", "#relatable"],
        "sound": "original sound - Radix Gym",
        "embed": "https://www.tiktok.com/embed/v2/7258443969971883270",
        "likes": 1400000,
        "comments": 7287,
        "bookmarks": 169400,
        "shares": 326900
    },
    {
        "id": 7,
        "avatar": "https://randomuser.me/api/portraits/women/4.jpg",
        "user": "gymratgrant",
        "description": "Credit: Gymmemesgallery",
        "tags": ["#fyp", "#gains", "#gymmemes", "#gymtok", "#bodybuilding", "#protein", "#funny", "#funnyvideos"],
        "sound": "original sound - Grant",
        "embed": "https://www.tiktok.com/embed/v2/7237237213270904106",
        "likes": 206500,
        "comments": 659,
        "bookmarks": 10100,
        "shares": 33000
    },
    {
        "id": 8,
        "avatar": "https://randomuser.me/api/portraits/men/4.jpg",
        "user": "bodyworxmusic",
        "description": "It’s all about the grip",
        "tags": ["#gym", "#strength", "#gymmeme", "#funnyworkout", "#fittok", "#fitness", "#fitnessmemes", "#liftingweights", "#lifting"],
        "sound": "original sound - BODYWORX",
        "embed": "https://www.tiktok.com/embed/v2/7301991154357144878",
        "likes": 64000,
        "comments": 485,
        "bookmarks": 4657,
        "shares": 927
    },
    {
        "id": 9,
        "avatar": "https://randomuser.me/api/portraits/women/5.jpg",
        "user": "jsteticsss",
        "description": "",
        "tags": ["#gym", "#gymtok", "#relatable", "#gymfunny", "#steroids", "#fy", "#fyp", "#trending", "#Meme"],
        "sound": "original sound - Josh Nelson",
        "embed": "https://www.tiktok.com/embed/v2/7278434073859640609",
        "likes": 25500,
        "comments": 107,
        "bookmarks": 2582,
        "shares": 7139
    },
    {
        "id": 10,
        "avatar": "https://randomuser.me/api/portraits/men/5.jpg",
        "user": "callumcrawford04",
        "description": "Cheapest option",
        "tags": ["#gymmemes", "#gymmeme", "#tren", "#bodybuilding", "#gymtok", "#CapCut"],
        "sound": "TurboKevin_Get Shaky - BXT",
        "embed": "https://www.tiktok.com/embed/v2/7239132153756323080",
        "likes": 58100,
        "comments": 196,
        "bookmarks": 5924,
        "shares": 16300
    },
    {
        "id": 11,
        "avatar": "https://randomuser.me/api/portraits/women/6.jpg",
        "user": "shaine__physique",
        "description": "He’s working that machine.",
        "tags": ["#fitfam", "#gymmeme", "#workoutfail", "#gymfail", "#gym", "#gymhumour", "#gymhumor", "#workout"],
        "sound": "original sound - Shaine Peredo",
        "embed": "https://www.tiktok.com/embed/v2/6949609669644143878",
        "likes": 1081,
        "comments": 16,
        "bookmarks": 234,
        "shares": 909
    },
    {
        "id": 12,
        "avatar": "https://randomuser.me/api/portraits/men/6.jpg",
        "user": "overtime",
        "description": "WHAT KINDA WORKOUT IS THAT 🤣 (via warriorxv13/TW)",
        "tags": ["#workout", "#crazy", "#lol", "#sports", "#shoutoutot"],
        "sound": "Inside Their Head - TT remix",
        "embed": "https://www.tiktok.com/embed/v2/6821569426576395526",
        "likes": 444500,
        "comments": 2720,
        "bookmarks": 11900,
        "shares": 11600
    },
    {
        "id": 13,
        "avatar": "https://randomuser.me/api/portraits/women/7.jpg",
        "user": "shaine__physique",
        "description": "Name this workout!",
        "tags": ["#fitfam", "#workout", "#gym", "#bodybuilder", "#workoutfail", "#gymmeme", "#workoutfail", "#gymfail"],
        "sound": "original sound - Shaine Peredo",
        "embed": "https://www.tiktok.com/embed/v2/6975647668794182917",
        "likes": 508000,
        "comments": 1867,
        "bookmarks": 2823,
        "shares": 3240
    },
    {
        "id": 14,
        "avatar": "https://randomuser.me/api/portraits/men/7.jpg",
        "user": "shaine__physique",
        "description": "Name this workout!",
        "tags": ["#gym", "#workout", "#fitfam", "#gymfail", "#bodybuilder", "#gymmeme", "#gymhumour", "#gymhumor"],
        "sound": "original sound - Darude Sandstorm",
        "embed": "https://www.tiktok.com/embed/v2/6947788678425070854",
        "likes": 227,
        "comments": 5,
        "bookmarks": 3,
        "shares": 34
    },
    {
        "id": 15,
        "avatar": "https://randomuser.me/api/portraits/women/8.jpg",
        "user": "shaine__physique",
        "description": "Try this shoulder workout!",
        "tags": ["#gymfail", "#workout", "#gymmeme", "#bodybuilder", "#fitfam", "#gymhumor", "#gym", "#gymhumour"],
        "sound": "original sound - Shaine Peredo",
        "embed": "https://www.tiktok.com/embed/v2/6957399856608529669",
        "likes": 824,
        "comments": 7,
        "bookmarks": 40,
        "shares": 123
    },
    {
        "id": 16,
        "avatar": "https://randomuser.me/api/portraits/men/8.jpg",
        "user": "shaine__physique",
        "description": "WTF!",
        "tags": ["#gymhumor", "#gym", "#gymfails", "#workout", "#gymmeme", "#funny", "#gymhumour"],
        "sound": "original sound - Shaine Peredo",
        "embed": "https://www.tiktok.com/embed/v2/6930795628578540806",
        "likes": 305,
        "comments": 18,
        "bookmarks": 23,
        "shares": 81
    },
    {
        "id": 17,
        "avatar": "https://randomuser.me/api/portraits/women/9.jpg",
        "user": "bogunn011",
        "description": "",
        "tags": ["@Aleksandar", "Mijacic", "#gym", "#gymtok", "#gymmemes", "#preworkworkout", "#gymbro", "#gymbros", "#meme"],
        "sound": "original sound - Bogun",
        "embed": "https://www.tiktok.com/embed/v2/7136435709870689541",
        "likes": 1800000,
        "comments": 12300,
        "bookmarks": 135700,
        "shares": 59300
    },
    {
        "id": 18,
        "avatar": "https://randomuser.me/api/portraits/men/9.jpg",
        "user": "sydgrows",
        "description": "i did not expect that 😭😂",
        "tags": ["#gymtok", "#gymhumor", "#gymmeme", "#gymlife", "#gymencounters", "#gymconversations", "#funnygym", "#gymbro", "#gymgirl", "#gymshark", "#gymrat"],
        "sound": "Sneaky Snitch ctto - giles 💠",
        "embed": "https://www.tiktok.com/embed/v2/7218627409623534854",
        "likes": 289500,
        "comments": 552,
        "bookmarks": 10100,
        "shares": 802
    },
    {
        "id": 19,
        "avatar": "https://randomuser.me/api/portraits/women/10.jpg",
        "user": "infinite_motivationn",
        "description": "Tag the bro who always skips the gym🤣.",
        "tags": ["#motivation", "#gym", "#gymtok", "#bro", "#love", "#viral", "#fyp", "#mindset"],
        "sound": "оригинальный звук - DanilaHanma",
        "embed": "https://www.tiktok.com/embed/v2/7293890307878374689",
        "likes": 742,
        "comments": 7,
        "bookmarks": 109,
        "shares": 109
    },
    {
        "id": 20,
        "avatar": "https://randomuser.me/api/portraits/men/10.jpg",
        "user": "bimbotheman",
        "description": "Part 2 of gymbro's ideas",
        "tags": ["#gymbro", "#gymmemes", "#gymrat", "#gymmotivation", "#gymtok", "#viral", "#fyp"],
        "sound": "No No No No No - No No No No No",
        "embed": "https://www.tiktok.com/embed/v2/7164095919200144645",
        "likes": 1750,
        "comments": 6,
        "bookmarks": 127,
        "shares": 42
    }
]
