{
  "chain": [
    {
      "block": 100,
      "transactions": [
        {
          "txid": "tx10001",
          "data": "normal_op"
        },
        {
          "txid": "tx10002",
          "data": "irrelevant"
        }
      ]
    },
    {
      "block": 101,
      "transactions": [
        {
          "txid": "tx10101",
          "op_return": [
            0,
            6,
            17,
            7,
            1,
            57,
            0,
            14,
            114,
            1
          ]
        }
      ]
    },
    {
      "block": 102,
      "transactions": [
        {
          "txid": "tx10201",
          "data": "normal_op"
        },
        {
          "txid": "tx10202",
          "data": "irrelevant"
        }
      ]
    },
    {
      "block": 103,
      "transactions": [
        {
          "txid": "tx10301",
          "data": "normal_op"
        },
        {
          "txid": "tx10302",
          "data": "irrelevant"
        }
      ]
    },
    {
      "block": 104,
      "transactions": [
        {
          "txid": "tx10401",
          "data": "normal_op"
        },
        {
          "txid": "tx10402",
          "data": "irrelevant"
        }
      ]
    },
    {
      "block": 105,
      "transactions": [
        {
          "txid": "tx10501",
          "data": "normal_op"
        },
        {
          "txid": "tx10502",
          "data": "irrelevant"
        }
      ]
    },
    {
      "block": 106,
      "transactions": [
        {
          "txid": "tx10601",
          "data": "normal_op"
        },
        {
          "txid": "tx10602",
          "data": "irrelevant"
        }
      ]
    },
    {
      "block": 107,
      "transactions": [
        {
          "txid": "tx10701",
          "data": "normal_op"
        },
        {
          "txid": "tx10702",
          "data": "irrelevant"
        }
      ]
    },
    {
      "block": 108,
      "transactions": [
        {
          "txid": "tx10801",
          "op_return": [
            9,
            29,
            1,
            10,
            3,
            11,
            44,
            29,
            6,
            55
          ]
        }
      ]
    },
    {
      "block": 109,
      "transactions": [
        {
          "txid": "tx10901",
          "data": "normal_op"
        },
        {
          "txid": "tx10902",
          "data": "irrelevant"
        }
      ]
    },
    {
      "block": 110,
      "transactions": [
        {
          "txid": "tx11001",
          "data": "normal_op"
        },
        {
          "txid": "tx11002",
          "data": "irrelevant"
        }
      ]
    },
    {
      "block": 111,
      "transactions": [
        {
          "txid": "tx11101",
          "data": "normal_op"
        },
        {
          "txid": "tx11102",
          "data": "irrelevant"
        }
      ]
    },
    {
      "block": 112,
      "transactions": [
        {
          "txid": "tx11201",
          "data": "normal_op"
        },
        {
          "txid": "tx11202",
          "data": "irrelevant"
        }
      ]
    },
    {
      "block": 113,
      "transactions": [
        {
          "txid": "tx11301",
          "data": "normal_op"
        },
        {
          "txid": "tx11302",
          "data": "irrelevant"
        }
      ]
    },
    {
      "block": 114,
      "transactions": [
        {
          "txid": "tx11401",
          "data": "normal_op"
        },
        {
          "txid": "tx11402",
          "data": "irrelevant"
        }
      ]
    },
    {
      "block": 115,
      "transactions": [
        {
          "txid": "tx11501",
          "data": "normal_op"
        },
        {
          "txid": "tx11502",
          "data": "irrelevant"
        }
      ]
    },
    {
      "block": 116,
      "transactions": [
        {
          "txid": "tx11601",
          "data": "normal_op"
        },
        {
          "txid": "tx11602",
          "data": "irrelevant"
        }
      ]
    },
    {
      "block": 117,
      "transactions": [
        {
          "txid": "tx11701",
          "op_return": [
            47,
            18,
            29,
            115,
            119,
            29,
            4,
            55,
            44,
            44,
            27,
            63
          ]
        }
      ]
    },
    {
      "block": 118,
      "transactions": [
        {
          "txid": "tx11801",
          "data": "normal_op"
        },
        {
          "txid": "tx11802",
          "data": "irrelevant"
        }
      ]
    },
    {
      "block": 119,
      "transactions": [
        {
          "txid": "tx11901",
          "data": "normal_op"
        },
        {
          "txid": "tx11902",
          "data": "irrelevant"
        }
      ]
    }
  ]
}