<?xml version="1.0" encoding="utf-8"?>
<Company>
    <Employees id="7890-1234-5678">
        <employee>
            <name>Sarah Johnson</name>
            <age>34</age>
            <position>Software Engineer</position>
            <salary>85000</salary>
            <department>Development</department>
        </employee>
        <employee>
            <name>Michael Smith</name>
            <age>29</age>
            <position>Data Analyst</position>
            <salary>70000</salary>
            <department>Analytics</department>
        </employee>
        <employee>
            <name>Jessica Brown</name>
            <age>45</age>
            <position>HR Manager</position>
            <salary>90000</salary>
            <department>Human Resources</department>
            <flag2>_test_test}</flag2>
        </employee>
        <employee>
            <name>David Wilson</name>
            <age>38</age>
            <position>Project Manager</position>
            <salary>95000</salary>
            <department>Project Management</department>
        </employee>
    </Employees>
    <Departments>
        <department id="D01">
            <dname>Development</dname>
            <budget>500000</budget>
        </department>
        <department id="D02">
            <dname>Analytics</dname>
            <budget>300000</budget>
        </department>
        <department id="D03">
            <dname>Human Resources</dname>
            <budget>200000</budget>
            <flag1>flag{test_</flag1>
        </department>
        <department id="D04">
            <dname>Project Management</dname>
            <budget>350000</budget>
        </department>
    </Departments>
</Company>
