[
    {
        "title": "To Kill a Mockingbird",
        "author": "Harper Lee",
        "year": 1960,
        "verified": 1
    },
    {
        "title": "1984",
        "author": "George Orwell",
        "year": 1949,
        "verified": 1
    },
    {
        "title": "Pride and Prejudice",
        "author": "Jane Austen",
        "year": 1813,
        "verified": 1
    },
    {
        "title": "The Great Gatsby",
        "author": "F. Scott Fitzgerald",
        "year": 1925,
        "verified": 1
    },
    {
        "title": "Moby-Dick",
        "author": "Herman Melville",
        "year": 1851,
        "verified": 1
    },
    {
        "title": "War and Peace",
        "author": "Leo Tolstoy",
        "year": 1869,
        "verified": 1
    },
    {
        "title": "The Odyssey",
        "author": "Homer",
        "year": -800,
        "verified": 1
    },
    {
        "title": "The Divine Comedy",
        "author": "Dante Alighieri",
        "year": 1320,
        "verified": 1
    },
    {
        "title": "Hamlet",
        "author": "William Shakespeare",
        "year": 1603,
        "verified": 1
    },
    {
        "title": "The Catcher in the Rye",
        "author": "J.D. Salinger",
        "year": 1951,
        "verified": 1
    },
    {
        "title": "The Lord of the Rings",
        "author": "J.R.R. Tolkien",
        "year": 1954,
        "verified": 1
    },
    {
        "title": "Jane Eyre",
        "author": "Charlotte Brontë",
        "year": 1847,
        "verified": 1
    },
    {
        "title": "Wuthering Heights",
        "author": "Emily Brontë",
        "year": 1847,
        "verified": 1
    },
    {
        "title": "Crime and Punishment",
        "author": "Fyodor Dostoevsky",
        "year": 1866,
        "verified": 1
    },
    {
        "title": "The Brothers Karamazov",
        "author": "Fyodor Dostoevsky",
        "year": 1880,
        "verified": 1
    },
    {
        "title": "Anna Karenina",
        "author": "Leo Tolstoy",
        "year": 1877,
        "verified": 1
    },
    {
        "title": "Brave New World",
        "author": "Aldous Huxley",
        "year": 1932,
        "verified": 1
    },
    {
        "title": "The Hobbit",
        "author": "J.R.R. Tolkien",
        "year": 1937,
        "verified": 1
    },
    {
        "title": "Fahrenheit 451",
        "author": "Ray Bradbury",
        "year": 1953,
        "verified": 1
    },
    {
        "title": "The Adventures of Huckleberry Finn",
        "author": "Mark Twain",
        "year": 1884,
        "verified": 1
    },
    {
        "title": "Don Quixote",
        "author": "Miguel de Cervantes",
        "year": 1605,
        "verified": 1
    },
    {
        "title": "One Hundred Years of Solitude",
        "author": "Gabriel García Márquez",
        "year": 1967,
        "verified": 1
    },
    {
        "title": "The Iliad",
        "author": "Homer",
        "year": -750,
        "verified": 1
    },
    {
        "title": "Ulysses",
        "author": "James Joyce",
        "year": 1922,
        "verified": 1
    },
    {
        "title": "Madame Bovary",
        "author": "Gustave Flaubert",
        "year": 1856,
        "verified": 1
    },
    {
        "title": "The Sound and the Fury",
        "author": "William Faulkner",
        "year": 1929,
        "verified": 1
    },
    {
        "title": "Lolita",
        "author": "Vladimir Nabokov",
        "year": 1955,
        "verified": 1
    },
    {
        "title": "Catch-22",
        "author": "Joseph Heller",
        "year": 1961,
        "verified": 1
    },
    {
        "title": "The Grapes of Wrath",
        "author": "John Steinbeck",
        "year": 1939,
        "verified": 1
    },
    {
        "title": "Beloved",
        "author": "Toni Morrison",
        "year": 1987,
        "verified": 1
    },
    {
        "title": "The Picture of Dorian Gray",
        "author": "Oscar Wilde",
        "year": 1890,
        "verified": 1
    },
    {
        "title": "Frankenstein",
        "author": "Mary Shelley",
        "year": 1818,
        "verified": 1
    },
    {
        "title": "Dracula",
        "author": "Bram Stoker",
        "year": 1897,
        "verified": 1
    },
    {
        "title": "The Count of Monte Cristo",
        "author": "Alexandre Dumas",
        "year": 1844,
        "verified": 1
    },
    {
        "title": "Les Misérables",
        "author": "Victor Hugo",
        "year": 1862,
        "verified": 1
    },
    {
        "title": "The Stranger",
        "author": "Albert Camus",
        "year": 1942,
        "verified": 1
    },
    {
        "title": "The Trial",
        "author": "Franz Kafka",
        "year": 1925,
        "verified": 1
    },
    {
        "title": "The Metamorphosis",
        "author": "Franz Kafka",
        "year": 1915,
        "verified": 1
    },
    {
        "title": "A Tale of Two Cities",
        "author": "Charles Dickens",
        "year": 1859,
        "verified": 1
    },
    {
        "title": "Great Expectations",
        "author": "Charles Dickens",
        "year": 1861,
        "verified": 1
    },
    {
        "title": "Oliver Twist",
        "author": "Charles Dickens",
        "year": 1838,
        "verified": 1
    },
    {
        "title": "The Canterbury Tales",
        "author": "Geoffrey Chaucer",
        "year": 1400,
        "verified": 1
    },
    {
        "title": "Paradise Lost",
        "author": "John Milton",
        "year": 1667,
        "verified": 1
    },
    {
        "title": "The Republic",
        "author": "Plato",
        "year": -380,
        "verified": 1
    },
    {
        "title": "Meditations",
        "author": "Marcus Aurelius",
        "year": 180,
        "verified": 1
    },
    {
        "title": "The Prince",
        "author": "Niccolò Machiavelli",
        "year": 1532,
        "verified": 1
    },
    {
        "title": "Thus Spoke Zarathustra",
        "author": "Friedrich Nietzsche",
        "year": 1883,
        "verified": 1
    },
    {
        "title": "The Art of War",
        "author": "Sun Tzu",
        "year": -500,
        "verified": 1
    },
    {
        "title": "The Wealth of Nations",
        "author": "Adam Smith",
        "year": 1776,
        "verified": 1
    },
    {
        "title": "On the Origin of Species",
        "author": "Charles Darwin",
        "year": 1859,
        "verified": 1
    }
]