{
	"tag": "div",
	"attributes": {},
	"children": [
		{
			"tag": "link",
			"attributes": { "rel": "stylesheet", "href": "/static/styles.css" }
		},
		{
			"tag": "header",
			"attributes": { "id": "home" },
			"children": [
				{
					"tag": "div",
					"attributes": { "class": "container" },
					"children": [
						{ "tag": "h1", "attributes": {}, "text": "John Smith" },
						{
							"tag": "p",
							"attributes": {},
							"text": "Web Developer | Software Engineer | Problem Solver"
						},
						{
							"tag": "a",
							"attributes": { "href": "#about", "class": "btn" },
							"text": "Learn More"
						}
					]
				}
			]
		},
		{
			"tag": "section",
			"attributes": { "class": "section", "id": "about" },
			"children": [
				{
					"tag": "div",
					"attributes": { "class": "about-container" },
					"children": [
						{
							"tag": "div",
							"attributes": { "class": "about-content" },
							"children": [
								{ "tag": "h3", "attributes": {}, "text": "Hi, I'm John Smith" },
								{
									"tag": "p",
									"attributes": {},
									"text": "I'm a passionate and creative developer with expertise in front-end and back-end technologies. Over the years, I have developed a strong foundation in coding, problem-solving, and project management. I enjoy creating innovative solutions that make a difference in the digital world."
								},
								{
									"tag": "p",
									"attributes": {},
									"text": "From working on personal projects to collaborating with teams, I have honed my skills in building responsive, user-friendly, and efficient web applications. My experience spans across JavaScript, HTML5, CSS3, and modern frameworks like React.js and Node.js. I am constantly learning new technologies to stay ahead in this ever-evolving field."
								},
								{
									"tag": "p",
									"attributes": {},
									"text": "I'm particularly passionate about web design, user experience (UX), and making the web accessible for all. When I'm not coding, I enjoy working on design concepts, experimenting with new tools, and exploring new ideas that challenge the norms."
								}
							]
						}
					]
				},
				{
					"tag": "div",
					"attributes": { "class": "about-skills" },
					"children": [
						{ "tag": "h3", "attributes": {}, "text": "Skills & Expertise" },
						{
							"tag": "div",
							"attributes": { "class": "skills-list" },
							"children": [
								{
									"tag": "div",
									"attributes": { "class": "skill-item" },
									"children": [
										{
											"tag": "h4",
											"attributes": {},
											"text": "Web Development"
										},
										{
											"tag": "p",
											"attributes": {},
											"text": "HTML5, CSS3, JavaScript, React.js, Node.js"
										}
									]
								},
								{
									"tag": "div",
									"attributes": { "class": "skill-item" },
									"children": [
										{ "tag": "h4", "attributes": {}, "text": "Design" },
										{
											"tag": "p",
											"attributes": {},
											"text": "UI/UX Design, Figma, Adobe XD, Wireframing"
										}
									]
								},
								{
									"tag": "div",
									"attributes": { "class": "skill-item" },
									"children": [
										{
											"tag": "h4",
											"attributes": {},
											"text": "Database Management"
										},
										{
											"tag": "p",
											"attributes": {},
											"text": "MySQL, MongoDB, PostgreSQL"
										}
									]
								},
								{
									"tag": "div",
									"attributes": { "class": "skill-item" },
									"children": [
										{
											"tag": "h4",
											"attributes": {},
											"text": "Version Control"
										},
										{
											"tag": "p",
											"attributes": {},
											"text": "Git, GitHub, GitLab"
										}
									]
								}
							]
						}
					]
				},
				{
					"tag": "div",
					"attributes": { "class": "about-goals" },
					"children": [
						{ "tag": "h3", "attributes": {}, "text": "My Goals" },
						{
							"tag": "p",
							"attributes": {},
							"text": "I'm focused on continuing to grow as a full-stack developer and aim to work on projects that push the boundaries of creativity and functionality. I want to collaborate with like-minded developers and designers to build applications that improve everyday life."
						},
						{
							"tag": "p",
							"attributes": {},
							"text": "One of my key goals is to contribute to open-source projects, further enhancing my skills while giving back to the community. I am also eager to explore machine learning, AI, and how they can be integrated into web applications for an enhanced user experience."
						}
					]
				}
			]
		},
		{
			"tag": "footer",
			"attributes": {},
			"children": [
				{
					"tag": "div",
					"attributes": { "class": "container" },
					"children": [
						{
							"tag": "p",
							"attributes": {},
							"text": "© 2025 John Smith. All rights reserved."
						},
						{ "tag": "a", "attributes": { "href": "index" }, "text": "Home" },
						" | ",
						{ "tag": "a", "attributes": { "href": "about" }, "text": "About" },
						" | ",
						{
							"tag": "a",
							"attributes": { "href": "projects" },
							"text": "Projects"
						},
						" | ",
						{ "tag": "a", "attributes": { "href": "contact" }, "text": "Contact" }
					]
				}
			]
		}
	]
}
