{
	"tag": "div",
	"attributes": {},
	"children": [
		{
			"tag": "link",
			"attributes": { "rel": "stylesheet", "href": "/static/styles.css" }
		},
		{
			"tag": "header",
			"attributes": { "id": "contact" },
			"children": [
				{
					"tag": "div",
					"attributes": { "class": "container" },
					"children": [
						{ "tag": "h1", "attributes": {}, "text": "Contact Me" },
						{
							"tag": "p",
							"attributes": {},
							"text": "Feel free to reach out using the form below or find me on social media!"
						}
					]
				}
			]
		},
		{
			"tag": "section",
			"attributes": {},
			"children": [
				{
					"tag": "div",
					"attributes": { "class": "container" },
					"children": [
						{
							"tag": "form",
							"attributes": { "action": "/contact", "method": "GET" },
							"children": [
								{
									"tag": "input",
									"attributes": {
										"name": "sent",
										"value": "true",
										"hidden": "true"
									}
								},
								{
									"tag": "input",
									"attributes": {
										"name": "name",
										"placeholder": "John Smith",
										"value": "{{name}}",
										"required": ""
									},
									"children": []
								},
								" ",
								{
									"tag": "input",
									"attributes": {
										"name": "email",
										"placeholder": "Your Email",
										"value": "{{email}}",
										"required": "",
										"type": "email"
									},
									"children": []
								},
								" ",
								{
									"tag": "textarea",
									"attributes": {
										"name": "message",
										"placeholder": "Your Message",
										"required": ""
									},
									"children": []
								},
								" ",
								{
									"tag": "button",
									"attributes": { "class": "btn", "type": "submit" },
									"text": "Send Message"
								}
							]
						}
					]
				}
			]
		},
		{
			"tag": "section",
			"attributes": {
				"class": "message-sent-{{sent}}"
			},
			"children": [
				{
					"tag": "div",
					"attributes": { "class": "message-sent-container" },
					"children": [{ "tag": "p", "attributes": {}, "text": "Message sent" }]
				}
			]
		},
		{
			"tag": "footer",
			"attributes": {},
			"children": [
				{
					"tag": "div",
					"attributes": { "class": "container" },
					"children": [
						{
							"tag": "p",
							"attributes": {},
							"text": "© 2025 John Smith. All rights reserved."
						},
						{ "tag": "a", "attributes": { "href": "index" }, "text": "Home" },
						" | ",
						{ "tag": "a", "attributes": { "href": "about" }, "text": "About" },
						" | ",
						{
							"tag": "a",
							"attributes": { "href": "projects" },
							"text": "Projects"
						},
						" | ",
						{ "tag": "a", "attributes": { "href": "contact" }, "text": "Contact" }
					]
				}
			]
		}
	]
}
