{
	"tag": "div",
	"attributes": {},
	"children": [
		{
			"tag": "link",
			"attributes": { "rel": "stylesheet", "href": "/static/styles.css" }
		},
		{
			"tag": "header",
			"attributes": { "class": "home-header", "id": "home" },
			"children": [
				{
					"tag": "div",
					"attributes": { "class": "container" },
					"children": [
						{ "tag": "h1", "attributes": {}, "text": "John Smith" },
						{
							"tag": "p",
							"attributes": {},
							"text": "Web Developer | Software Engineer | Problem Solver"
						},
						{
							"tag": "p",
							"attributes": {},
							"text": "Specializing in building high-quality web applications and solutions."
						},
						{
							"tag": "a",
							"attributes": { "href": "about", "class": "btn" },
							"text": "Learn More About Me"
						},
						" ",
						{
							"tag": "a",
							"attributes": { "href": "projects", "class": "btn" },
							"text": "View My Projects"
						}
					]
				}
			]
		},
		{
			"tag": "footer",
			"attributes": {},
			"children": [
				{
					"tag": "div",
					"attributes": { "class": "container" },
					"children": [
						{
							"tag": "p",
							"attributes": {},
							"text": "© 2025 John Smith. All rights reserved."
						},
						{ "tag": "a", "attributes": { "href": "index" }, "text": "Home" },
						" | ",
						{ "tag": "a", "attributes": { "href": "about" }, "text": "About" },
						" | ",
						{
							"tag": "a",
							"attributes": { "href": "projects" },
							"text": "Projects"
						},
						" | ",
						{ "tag": "a", "attributes": { "href": "contact" }, "text": "Contact" }
					]
				}
			]
		}
	]
}
