{
	"tag": "div",
	"attributes": {},
	"children": [
		{
			"tag": "link",
			"attributes": { "rel": "stylesheet", "href": "/static/styles.css" }
		},
		{
			"tag": "header",
			"attributes": { "id": "projects" },
			"children": [
				{
					"tag": "div",
					"attributes": { "class": "container" },
					"children": [
						{ "tag": "h1", "attributes": {}, "text": "My Projects" },
						{
							"tag": "p",
							"attributes": {},
							"text": "Here are some of the exciting projects I've worked on:"
						}
					]
				}
			]
		},
		{
			"tag": "section",
			"attributes": {},
			"children": [
				{
					"tag": "div",
					"attributes": { "class": "container" },
					"children": [
						{
							"tag": "div",
							"attributes": { "class": "project-cards" },
							"children": [
								{
									"tag": "div",
									"attributes": { "class": "card" },
									"children": [
										{
											"tag": "h3",
											"attributes": {},
											"text": "Project 1: Online Store"
										},
										{
											"tag": "p",
											"attributes": {},
											"text": "This is an e-commerce platform that allows users to browse products, add them to their cart, and make purchases securely."
										},
										{
											"tag": "ul",
											"attributes": {},
											"children": [
												{
													"tag": "li",
													"attributes": {},
													"children": [
														{
															"tag": "strong",
															"attributes": {},
															"text": "Technologies:"
														},
														" React, Node.js, MongoDB"
													]
												},
												{
													"tag": "li",
													"attributes": {},
													"children": [
														{
															"tag": "strong",
															"attributes": {},
															"text": "Role:"
														},
														" Full Stack Developer"
													]
												}
											]
										},
										{
											"tag": "a",
											"attributes": {
												"href": "https://example.com",
												"target": "_blank"
											},
											"text": "View Project"
										}
									]
								},
								{
									"tag": "div",
									"attributes": { "class": "card" },
									"children": [
										{
											"tag": "h3",
											"attributes": {},
											"text": "Project 2: Personal Blog"
										},
										{
											"tag": "p",
											"attributes": {},
											"text": "A personal blogging platform where users can publish posts, leave comments, and follow other users."
										},
										{
											"tag": "ul",
											"attributes": {},
											"children": [
												{
													"tag": "li",
													"attributes": {},
													"children": [
														{
															"tag": "strong",
															"attributes": {},
															"text": "Technologies:"
														},
														" Vue.js, Firebase"
													]
												},
												{
													"tag": "li",
													"attributes": {},
													"children": [
														{
															"tag": "strong",
															"attributes": {},
															"text": "Role:"
														},
														" Frontend Developer"
													]
												}
											]
										},
										{
											"tag": "a",
											"attributes": {
												"href": "https://example.com",
												"target": "_blank"
											},
											"text": "View Project"
										}
									]
								}
							]
						}
					]
				}
			]
		},
		{
			"tag": "footer",
			"attributes": {},
			"children": [
				{
					"tag": "div",
					"attributes": { "class": "container" },
					"children": [
						{
							"tag": "p",
							"attributes": {},
							"text": "© 2025 John Smith. All rights reserved."
						},
						{ "tag": "a", "attributes": { "href": "index" }, "text": "Home" },
						" | ",
						{ "tag": "a", "attributes": { "href": "about" }, "text": "About" },
						" | ",
						{
							"tag": "a",
							"attributes": { "href": "projects" },
							"text": "Projects"
						},
						" | ",
						{ "tag": "a", "attributes": { "href": "contact" }, "text": "Contact" }
					]
				}
			]
		}
	]
}
