{
  "id": null,
  "uid": "my-secret-dashboard-01",
  "title": "Admin Dashboard",
  "tags": [],
  "timezone": "browser",
  "schemaVersion": 39,
  "version": 1,
  "editable": false,
  "panels": [
    {
      "id": 1,
      "title": "Admin Panel",
      "type": "text",
      "gridPos": { "h": 9, "w": 24, "x": 0, "y": 0 },
      "options": {
        "content": "<h1>Ha! No flag for you :D</h1>",
        "mode": "html"
      }
    }
  ],
  "annotations": {
    "list": [
      {
        "builtIn": 1,
        "datasource": { "type": "grafana", "uid": "-- Grafana --" },
        "enable": true,
        "hide": false,
        "iconColor": "rgba(255, 96, 96, 1)",
        "name": "Flag",
        "target": {
          "limit": 100,
          "matchAny": false,
          "tags": ["DEAD{fake_flag}"],
          "type": "dashboard"
        },
        "type": "dashboard"
      }
    ]
  },
  "time": {
    "from": "now-6h",
    "to": "now"
  },
  "refresh": ""
}